{"type":"FeatureCollection","features":[{"type":"Feature","id":"35011","properties":{"cd_regiao_saude":"35011","nm_regiao_saude":"ALTO DO TIETE","cd_macrorregiao_saude":"3525","nm_macrorregiao_saude":"RRAS2","qt_municipio":11,"qt_populacao_ibge_2022":2918916},"geometry":{"type":"Polygon","coordinates":[[[-46.32195,-23.744177],[-46.316844,-23.738085],[-46.32809,-23.728387],[-46.323705,-23.704189],[-46.3284655,-23.7024921],[-46.3307167,-23.7088721],[-46.331739,-23.696553],[-46.33665,-23.689714],[-46.338486,-23.677881],[-46.358297,-23.660497],[-46.353139,-23.648294],[-46.354121,-23.641405],[-46.35706,-23.638501],[-46.373039,-23.643685],[-46.3846076,-23.6153166],[-46.3947841,-23.6125183],[-46.399545,-23.606053],[-46.394919,-23.601935],[-46.384268,-23.600581],[-46.382476,-23.591321],[-46.380146,-23.588379],[-46.37728,-23.589643],[-46.383741,-23.579221],[-46.377825,-23.574939],[-46.383536,-23.570832],[-46.379748,-23.562612],[-46.388706,-23.561154],[-46.392471,-23.557297],[-46.395054,-23.548956],[-46.38772,-23.545656],[-46.395572,-23.530896],[-46.386511,-23.525859],[-46.384186,-23.523552],[-46.386555,-23.521554],[-46.380821,-23.516793],[-46.37455,-23.515483],[-46.373453,-23.511547],[-46.3663957,-23.5121558],[-46.365182,-23.505335],[-46.381939,-23.472089],[-46.383638,-23.475528],[-46.386653,-23.474676],[-46.387669,-23.481887],[-46.399392,-23.482973],[-46.401255,-23.486862],[-46.406345,-23.485521],[-46.404409,-23.478203],[-46.410042,-23.475025],[-46.407614,-23.472619],[-46.410724,-23.470372],[-46.41477,-23.47434],[-46.427062,-23.472008],[-46.430996,-23.477921],[-46.435966,-23.475716],[-46.437635,-23.479829],[-46.460472,-23.483031],[-46.479999,-23.476914],[-46.511097,-23.478792],[-46.533745,-23.493325],[-46.545903,-23.505852],[-46.55547,-23.510097],[-46.562136,-23.499827],[-46.55999,-23.492627],[-46.561703,-23.472781],[-46.570683,-23.456841],[-46.565108,-23.44004],[-46.568466,-23.432475],[-46.565626,-23.426938],[-46.566716,-23.415603],[-46.556436,-23.409589],[-46.556326,-23.397685],[-46.545534,-23.386875],[-46.54512,-23.376204],[-46.537231,-23.369584],[-46.53645,-23.363857],[-46.520522,-23.354519],[-46.509912,-23.355393],[-46.4959434,-23.3482262],[-46.4873552,-23.3507558],[-46.4866669,-23.3580538],[-46.480521,-23.362241],[-46.4745113,-23.3618433],[-46.468471,-23.356547],[-46.445,-23.358715],[-46.448485,-23.349939],[-46.444303,-23.340828],[-46.439095,-23.341989],[-46.431663,-23.335425],[-46.433672,-23.330706],[-46.42546,-23.323395],[-46.423279,-23.316406],[-46.417149,-23.315102],[-46.410499,-23.30579],[-46.41199,-23.30167],[-46.402736,-23.299121],[-46.400263,-23.289162],[-46.396412,-23.285881],[-46.387981,-23.287136],[-46.381682,-23.278166],[-46.356876,-23.272567],[-46.359771,-23.267791],[-46.35381,-23.264964],[-46.348066,-23.252645],[-46.329657,-23.246343],[-46.311406,-23.227291],[-46.305542,-23.213005],[-46.309962,-23.204976],[-46.3080192,-23.1983195],[-46.296933,-23.197011],[-46.286019,-23.190976],[-46.282202,-23.183444],[-46.268092,-23.190584],[-46.258328,-23.185697],[-46.250595,-23.189007],[-46.24425,-23.185888],[-46.227907,-23.189245],[-46.224675,-23.196238],[-46.218589,-23.197434],[-46.204882,-23.209674],[-46.202375,-23.207817],[-46.196077,-23.210269],[-46.196283,-23.218793],[-46.189094,-23.224376],[-46.183962,-23.224183],[-46.174416,-23.231124],[-46.170229,-23.230155],[-46.165017,-23.235146],[-46.153199,-23.235705],[-46.157508,-23.2423],[-46.156941,-23.25492],[-46.145746,-23.256827],[-46.153543,-23.265825],[-46.150888,-23.274424],[-46.145215,-23.273663],[-46.136674,-23.287507],[-46.127315,-23.287191],[-46.12339,-23.290215],[-46.119359,-23.285482],[-46.113987,-23.285522],[-46.113814,-23.299335],[-46.102696,-23.302993],[-46.101475,-23.308598],[-46.098649,-23.309239],[-46.098993,-23.326004],[-46.0799663,-23.3415073],[-46.0737088,-23.3421546],[-46.0679671,-23.3487667],[-46.0678272,-23.3549706],[-46.0635062,-23.3588264],[-46.0605729,-23.3577916],[-46.041287,-23.3843571],[-46.0266103,-23.3921001],[-46.0222132,-23.3876312],[-46.015694,-23.3911748],[-46.0105398,-23.3842725],[-46.0025066,-23.3853394],[-45.9911867,-23.4175201],[-45.9839418,-23.4204634],[-45.9797063,-23.4184134],[-45.9765369,-23.4284718],[-45.9663756,-23.4279783],[-45.9518646,-23.4513502],[-45.9569044,-23.4686072],[-45.9683534,-23.4754522],[-45.956984,-23.4888292],[-45.9557529,-23.4937993],[-45.9616508,-23.4963364],[-45.9610003,-23.498817],[-45.9497086,-23.5005082],[-45.946605,-23.4959732],[-45.9393777,-23.4943655],[-45.9215181,-23.5005331],[-45.9174514,-23.5057898],[-45.9040639,-23.5053104],[-45.8989794,-23.4986477],[-45.8901398,-23.4963969],[-45.8876884,-23.4924814],[-45.882723,-23.4953912],[-45.865799,-23.4833465],[-45.8521024,-23.4807965],[-45.8467439,-23.4741286],[-45.8402627,-23.4721117],[-45.836548,-23.4752911],[-45.835352,-23.4828678],[-45.8183034,-23.4896354],[-45.8133395,-23.4996701],[-45.7952041,-23.4912151],[-45.7880148,-23.4935847],[-45.7911483,-23.5063271],[-45.7884429,-23.5091507],[-45.7720752,-23.507153],[-45.756027,-23.5111595],[-45.7619432,-23.5184805],[-45.7605365,-23.5240092],[-45.754198,-23.5261875],[-45.7539806,-23.531966],[-45.7460907,-23.5398288],[-45.7470908,-23.5546333],[-45.741247,-23.5613615],[-45.7461274,-23.5661283],[-45.7415361,-23.5721523],[-45.730937,-23.5744871],[-45.7403813,-23.5850474],[-45.7339321,-23.5867135],[-45.7340867,-23.5930682],[-45.7437527,-23.6020893],[-45.7334344,-23.6031548],[-45.7239168,-23.598178],[-45.721454,-23.6063361],[-45.7153279,-23.608783],[-45.7057963,-23.6016762],[-45.6948141,-23.6308281],[-45.7074982,-23.6447732],[-45.7138286,-23.6430399],[-45.7277672,-23.6556672],[-45.7336567,-23.656421],[-45.7416925,-23.6681687],[-45.763488,-23.671053],[-45.777657,-23.683061],[-45.786411,-23.678394],[-45.791386,-23.683131],[-45.796058,-23.682972],[-45.794026,-23.680211],[-45.798179,-23.6754],[-45.830231,-23.67475],[-45.832609,-23.669918],[-45.838004,-23.669133],[-45.831052,-23.663119],[-45.833131,-23.656377],[-45.831143,-23.651562],[-45.849156,-23.643783],[-45.850657,-23.64772],[-45.854684,-23.646661],[-45.857677,-23.655257],[-45.862744,-23.652066],[-45.87005,-23.655171],[-45.873196,-23.652619],[-45.883038,-23.653312],[-45.887063,-23.657272],[-45.899555,-23.655856],[-45.905644,-23.664311],[-45.915062,-23.66556],[-45.918171,-23.677571],[-45.924412,-23.681334],[-45.919764,-23.688433],[-45.936097,-23.701209],[-45.956626,-23.700566],[-45.955037,-23.694133],[-45.96951,-23.696946],[-45.976513,-23.694006],[-45.992233,-23.705579],[-46.008499,-23.708677],[-46.031666,-23.720341],[-46.056949,-23.716064],[-46.065133,-23.722336],[-46.067385,-23.728754],[-46.077424,-23.732626],[-46.10281,-23.736271],[-46.107178,-23.731061],[-46.096977,-23.725851],[-46.101615,-23.722723],[-46.103595,-23.71189],[-46.113919,-23.717801],[-46.118191,-23.715766],[-46.122657,-23.718727],[-46.122408,-23.714879],[-46.12612,-23.712895],[-46.131817,-23.724869],[-46.147793,-23.728265],[-46.155867,-23.736213],[-46.158596,-23.732221],[-46.165844,-23.734365],[-46.17035,-23.732328],[-46.176869,-23.735897],[-46.178418,-23.745672],[-46.186406,-23.744683],[-46.194087,-23.754228],[-46.208104,-23.751281],[-46.210245,-23.741721],[-46.217723,-23.744114],[-46.227006,-23.736976],[-46.238761,-23.735359],[-46.247877,-23.746289],[-46.248858,-23.756896],[-46.255655,-23.759957],[-46.257983,-23.766186],[-46.273441,-23.765988],[-46.278391,-23.770307],[-46.283478,-23.766931],[-46.285926,-23.75774],[-46.294472,-23.748789],[-46.302403,-23.751245],[-46.32195,-23.744177]]]}},{"type":"Feature","id":"35012","properties":{"cd_regiao_saude":"35012","nm_regiao_saude":"FRANCO DA ROCHA","cd_macrorregiao_saude":"3524","nm_macrorregiao_saude":"RRAS3","qt_municipio":5,"qt_populacao_ibge_2022":591562},"geometry":{"type":"Polygon","coordinates":[[[-46.735398,-23.388138],[-46.751641,-23.390262],[-46.764236,-23.384921],[-46.770214,-23.388711],[-46.77092,-23.397481],[-46.783412,-23.398718],[-46.782589,-23.403449],[-46.786049,-23.405017],[-46.793707,-23.399632],[-46.799391,-23.40284],[-46.798819,-23.398849],[-46.802715,-23.394789],[-46.80771,-23.399409],[-46.823046,-23.400995],[-46.826191,-23.408908],[-46.819679,-23.418237],[-46.8294606,-23.4244476],[-46.832122,-23.4302297],[-46.8425008,-23.4210366],[-46.8530994,-23.4215834],[-46.8690249,-23.4156307],[-46.867261,-23.404947],[-46.8800042,-23.3962005],[-46.8850279,-23.3952797],[-46.8866889,-23.3994962],[-46.9026894,-23.3997227],[-46.9146418,-23.39237],[-46.9134837,-23.3866386],[-46.9185388,-23.3901166],[-46.928516,-23.3894053],[-46.9319018,-23.3791417],[-46.9060683,-23.3695071],[-46.9023422,-23.3664316],[-46.9023009,-23.3593314],[-46.9116091,-23.3530206],[-46.917259,-23.3563189],[-46.9280058,-23.3564365],[-46.9295739,-23.3615747],[-46.9347085,-23.3643581],[-46.9408985,-23.3522716],[-46.9381329,-23.3468327],[-46.9379437,-23.3218533],[-46.9308956,-23.3116695],[-46.9224067,-23.3079266],[-46.9184298,-23.310722],[-46.9019133,-23.3075829],[-46.8900296,-23.2998155],[-46.8855537,-23.2905306],[-46.877194,-23.2909482],[-46.8758036,-23.2837155],[-46.869642,-23.282185],[-46.867464,-23.277939],[-46.849939,-23.285617],[-46.844371,-23.282006],[-46.838457,-23.287918],[-46.834489,-23.286227],[-46.834676,-23.280627],[-46.83187,-23.27899],[-46.81435,-23.282174],[-46.813905,-23.27682],[-46.805554,-23.274753],[-46.80311,-23.270598],[-46.802441,-23.257011],[-46.792796,-23.261192],[-46.790873,-23.266742],[-46.783686,-23.265378],[-46.783991,-23.260878],[-46.778571,-23.25652],[-46.766504,-23.259306],[-46.760189,-23.258098],[-46.757163,-23.253483],[-46.7525611,-23.2557441],[-46.7445536,-23.2502751],[-46.7315717,-23.2532348],[-46.7253636,-23.2484576],[-46.7185235,-23.2532958],[-46.7021117,-23.2518123],[-46.6942003,-23.259201],[-46.6843128,-23.2571066],[-46.675775,-23.2616018],[-46.67209,-23.2560258],[-46.6524682,-23.2598794],[-46.6429804,-23.2545923],[-46.629639,-23.25909],[-46.622762,-23.256729],[-46.621961,-23.242418],[-46.617603,-23.240313],[-46.615501,-23.227563],[-46.60979,-23.225811],[-46.605265,-23.228468],[-46.604096,-23.235164],[-46.593711,-23.23655],[-46.575295,-23.232543],[-46.553512,-23.236246],[-46.546229,-23.241379],[-46.529002,-23.241544],[-46.5153801,-23.2375019],[-46.514195,-23.250163],[-46.503069,-23.247942],[-46.499896,-23.252783],[-46.491828,-23.255252],[-46.472741,-23.276643],[-46.470818,-23.28266],[-46.460636,-23.278071],[-46.46184,-23.272439],[-46.459384,-23.270338],[-46.454015,-23.273106],[-46.447892,-23.270024],[-46.439744,-23.273439],[-46.434303,-23.279628],[-46.43748,-23.284437],[-46.427461,-23.291596],[-46.425915,-23.30185],[-46.418459,-23.314696],[-46.423392,-23.316522],[-46.42546,-23.323395],[-46.433672,-23.330706],[-46.431663,-23.335425],[-46.439095,-23.341989],[-46.444303,-23.340828],[-46.448485,-23.349939],[-46.445,-23.358715],[-46.468471,-23.356547],[-46.4745113,-23.3618433],[-46.480521,-23.362241],[-46.4866669,-23.3580538],[-46.4873552,-23.3507558],[-46.4959434,-23.3482262],[-46.509912,-23.355393],[-46.520522,-23.354519],[-46.535438,-23.363305],[-46.549687,-23.356384],[-46.56852,-23.375736],[-46.579913,-23.373802],[-46.585516,-23.380305],[-46.600605,-23.38844],[-46.59874,-23.394412],[-46.60585,-23.398033],[-46.611771,-23.406057],[-46.61436,-23.412173],[-46.612607,-23.417355],[-46.623173,-23.416599],[-46.621506,-23.422491],[-46.627187,-23.423221],[-46.634253,-23.429275],[-46.642444,-23.427529],[-46.656432,-23.430942],[-46.668956,-23.418919],[-46.676971,-23.41544],[-46.684728,-23.419309],[-46.686588,-23.426962],[-46.692339,-23.422729],[-46.698959,-23.423874],[-46.700098,-23.417347],[-46.708468,-23.416494],[-46.710647,-23.406521],[-46.719415,-23.404379],[-46.721562,-23.396398],[-46.73033,-23.393994],[-46.735398,-23.388138]]]}},{"type":"Feature","id":"35013","properties":{"cd_regiao_saude":"35013","nm_regiao_saude":"MANANCIAIS","cd_macrorregiao_saude":"3523","nm_macrorregiao_saude":"RRAS4","qt_municipio":8,"qt_populacao_ibge_2022":1118024},"geometry":{"type":"Polygon","coordinates":[[[-46.9965667,-24.0521025],[-47.0066926,-24.0640637],[-47.0165433,-24.0568615],[-47.0197131,-24.0583484],[-47.0271991,-24.0516327],[-47.0266985,-24.0430448],[-47.0299194,-24.042188],[-47.0343344,-24.030847],[-47.0406705,-24.0242867],[-47.0461676,-24.0256256],[-47.0463391,-24.0181747],[-47.0539473,-24.0108453],[-47.0574588,-24.0102372],[-47.0676253,-24.0251751],[-47.0743219,-24.0238708],[-47.0918884,-24.0175419],[-47.0925857,-24.0098122],[-47.0994087,-24.0055221],[-47.0984335,-23.99827],[-47.10711,-23.9938027],[-47.1233842,-23.9968189],[-47.1226699,-24.0082232],[-47.1393643,-24.014195],[-47.1619549,-24.0031416],[-47.187459,-24.00257],[-47.1934567,-23.9980365],[-47.1981413,-24.0013687],[-47.2005363,-23.9983661],[-47.1887269,-23.9904448],[-47.1946122,-23.9820637],[-47.1939578,-23.974705],[-47.20109,-23.9733787],[-47.200828,-23.9689056],[-47.2046673,-23.9714084],[-47.2085219,-23.964861],[-47.2032319,-23.9593685],[-47.195553,-23.9581882],[-47.19373,-23.9534207],[-47.2008669,-23.9490867],[-47.2015885,-23.9438985],[-47.2001068,-23.9387355],[-47.1942751,-23.9419589],[-47.1889898,-23.9395908],[-47.1919364,-23.9283355],[-47.1827385,-23.9303174],[-47.1794427,-23.9373471],[-47.1757494,-23.9318069],[-47.1591717,-23.9345797],[-47.1561578,-23.9212582],[-47.1427077,-23.9117997],[-47.1384953,-23.9049422],[-47.1442635,-23.9014422],[-47.1349254,-23.8943573],[-47.1366348,-23.8898013],[-47.1396797,-23.8899273],[-47.1324869,-23.884448],[-47.1332161,-23.8792411],[-47.1272993,-23.876592],[-47.1266397,-23.8744611],[-47.1331296,-23.873325],[-47.1323181,-23.8694218],[-47.1300172,-23.869326],[-47.1298253,-23.8612821],[-47.1253738,-23.8606325],[-47.1234574,-23.8531051],[-47.1180626,-23.8497531],[-47.1163658,-23.8404071],[-47.1029705,-23.8488482],[-47.072649,-23.841852],[-47.0659032,-23.8434899],[-47.066045,-23.8379674],[-47.0595799,-23.8429777],[-47.0511035,-23.844187],[-47.038178,-23.835313],[-47.028693,-23.846215],[-47.021714,-23.836072],[-47.014787,-23.835596],[-47.012608,-23.830741],[-47.013039,-23.825096],[-47.017564,-23.821327],[-47.015122,-23.814487],[-47.007245,-23.815666],[-46.994583,-23.811663],[-46.98647,-23.808414],[-46.984038,-23.803154],[-46.98603,-23.800532],[-46.993183,-23.80345],[-47.000501,-23.801683],[-47.008589,-23.79185],[-47.01913,-23.788752],[-47.023152,-23.775075],[-47.0335325,-23.7674574],[-47.0286012,-23.7573594],[-47.0346597,-23.7578962],[-47.0362733,-23.7535987],[-47.0322432,-23.7430481],[-47.0332567,-23.7374606],[-47.0387498,-23.735052],[-47.0441394,-23.736789],[-47.0491225,-23.7324678],[-47.0525716,-23.7203992],[-47.0624598,-23.708631],[-47.0594382,-23.7019594],[-47.0621606,-23.6824693],[-47.075984,-23.680787],[-47.076672,-23.673305],[-47.084756,-23.667156],[-47.081944,-23.664251],[-47.082265,-23.653598],[-47.076519,-23.65368],[-47.072657,-23.645367],[-47.066668,-23.64613],[-47.060098,-23.641572],[-47.0561783,-23.6187033],[-47.0493929,-23.6188388],[-47.0412205,-23.6105741],[-47.031181,-23.5889544],[-47.031331,-23.582366],[-47.022511,-23.581956],[-47.020191,-23.58598],[-47.008187,-23.57794],[-46.996961,-23.579425],[-47.000284,-23.590265],[-46.999194,-23.593545],[-46.9921,-23.594657],[-46.989481,-23.602638],[-46.961792,-23.60257],[-46.956657,-23.590544],[-46.948763,-23.586196],[-46.947042,-23.580008],[-46.940161,-23.57529],[-46.940323,-23.571397],[-46.9290957,-23.5632274],[-46.918914,-23.565407],[-46.911119,-23.563057],[-46.904446,-23.568249],[-46.8861817,-23.5694063],[-46.875956,-23.56528],[-46.875688,-23.570858],[-46.87327,-23.569599],[-46.867464,-23.573108],[-46.867455,-23.576354],[-46.860559,-23.577177],[-46.8535421,-23.582857],[-46.843922,-23.582658],[-46.8432242,-23.5772358],[-46.834606,-23.576629],[-46.8248147,-23.5838546],[-46.8173323,-23.5818559],[-46.813256,-23.593244],[-46.817955,-23.600231],[-46.807775,-23.609067],[-46.79986,-23.60772],[-46.798234,-23.604793],[-46.789322,-23.60647],[-46.775523,-23.603005],[-46.760585,-23.594947],[-46.749202,-23.604443],[-46.769133,-23.627158],[-46.792713,-23.647191],[-46.795448,-23.670163],[-46.801558,-23.684941],[-46.797015,-23.69542],[-46.800709,-23.697967],[-46.791489,-23.7017511],[-46.792403,-23.721301],[-46.798543,-23.729092],[-46.796043,-23.739127],[-46.79008,-23.741187],[-46.790035,-23.744253],[-46.7815286,-23.7506591],[-46.769168,-23.75469],[-46.771685,-23.764305],[-46.79008,-23.77608],[-46.787949,-23.786994],[-46.800471,-23.801561],[-46.801935,-23.807867],[-46.782306,-23.813274],[-46.762753,-23.827205],[-46.765562,-23.833421],[-46.762556,-23.835924],[-46.764295,-23.842569],[-46.77995,-23.842392],[-46.77954,-23.851286],[-46.776046,-23.855449],[-46.776699,-23.893023],[-46.799706,-23.893723],[-46.802149,-23.888183],[-46.80737,-23.886521],[-46.804861,-23.897123],[-46.812001,-23.910253],[-46.8067173,-23.9393747],[-46.8299233,-23.9473052],[-46.8230386,-23.9551592],[-46.8262628,-23.958263],[-46.8347854,-23.9562705],[-46.839589,-23.9620097],[-46.8485597,-23.9650661],[-46.8553134,-23.9734973],[-46.8825104,-23.9839614],[-46.8830399,-23.9895682],[-46.8751178,-24.0018095],[-46.871035,-23.9985732],[-46.8691756,-24.0007157],[-46.8684858,-24.0096306],[-46.8733135,-24.0161061],[-46.8676694,-24.0191746],[-46.8718671,-24.0238795],[-46.8853132,-24.0243842],[-46.8854556,-24.0285872],[-46.8930081,-24.0342443],[-46.8882322,-24.0367373],[-46.8893107,-24.0385925],[-46.897926,-24.0415778],[-46.9003413,-24.0461444],[-46.9084243,-24.0450169],[-46.9113159,-24.0415283],[-46.9282027,-24.0450112],[-46.9379862,-24.0337458],[-46.9418975,-24.0363666],[-46.9405357,-24.040033],[-46.945842,-24.0405744],[-46.9461481,-24.0436057],[-46.9608235,-24.0459473],[-46.9666505,-24.0437792],[-46.9646748,-24.0583943],[-46.9786056,-24.0642507],[-46.9836265,-24.0581438],[-46.991363,-24.0585277],[-46.9965667,-24.0521025]]]}},{"type":"Feature","id":"35014","properties":{"cd_regiao_saude":"35014","nm_regiao_saude":"ROTA DOS BANDEIRANTES","cd_macrorregiao_saude":"3522","nm_macrorregiao_saude":"RRAS5","qt_municipio":7,"qt_populacao_ibge_2022":1954889},"geometry":{"type":"Polygon","coordinates":[[[-46.912623,-23.563494],[-46.918914,-23.565407],[-46.9290957,-23.5632274],[-46.94009,-23.571139],[-46.940161,-23.57529],[-46.947042,-23.580008],[-46.948763,-23.586196],[-46.956784,-23.590708],[-46.961792,-23.60257],[-46.989481,-23.602638],[-46.9921,-23.594657],[-46.999194,-23.593545],[-47.000284,-23.590265],[-46.996961,-23.579425],[-47.008187,-23.57794],[-47.020191,-23.58598],[-47.022253,-23.582067],[-47.028074,-23.581317],[-47.024598,-23.57667],[-47.029898,-23.568089],[-47.020508,-23.567361],[-47.006126,-23.554358],[-47.012225,-23.550085],[-47.013164,-23.536354],[-46.9909373,-23.5277549],[-46.996998,-23.521966],[-46.993703,-23.508334],[-47.001299,-23.505308],[-47.013295,-23.485471],[-47.017842,-23.483691],[-47.013662,-23.478064],[-47.017211,-23.472587],[-47.011652,-23.464285],[-47.013989,-23.457648],[-47.010404,-23.454799],[-47.010532,-23.445723],[-47.016764,-23.445724],[-47.024192,-23.440778],[-47.029318,-23.442486],[-47.037571,-23.435529],[-47.035528,-23.4272473],[-47.0407444,-23.423806],[-47.041479,-23.4170998],[-47.0374115,-23.411833],[-47.0395887,-23.4038253],[-47.0361237,-23.3990847],[-47.0426254,-23.3867469],[-47.0370486,-23.3791263],[-47.0305017,-23.3789279],[-47.0290144,-23.3754958],[-47.0306017,-23.37175],[-47.0387472,-23.3690202],[-47.0429147,-23.3522613],[-47.0312477,-23.3460128],[-47.0173298,-23.3453575],[-47.0153509,-23.3403334],[-47.0078391,-23.3374488],[-47.0005443,-23.3381417],[-46.9999975,-23.3332458],[-46.9957193,-23.3310003],[-46.9928057,-23.3337525],[-46.9836671,-23.3336404],[-46.9640341,-23.3235745],[-46.9592483,-23.3280282],[-46.9540358,-23.3248444],[-46.945335,-23.3251629],[-46.9410999,-23.3203006],[-46.9391854,-23.3235042],[-46.9379437,-23.3218533],[-46.9381329,-23.3468327],[-46.9408985,-23.3522716],[-46.9347085,-23.3643581],[-46.9295739,-23.3615747],[-46.9280058,-23.3564365],[-46.917259,-23.3563189],[-46.9116091,-23.3530206],[-46.9023009,-23.3593314],[-46.9023422,-23.3664316],[-46.9060683,-23.3695071],[-46.9319018,-23.3791417],[-46.928516,-23.3894053],[-46.9185388,-23.3901166],[-46.9134837,-23.3866386],[-46.9146418,-23.39237],[-46.9026894,-23.3997227],[-46.8866889,-23.3994962],[-46.8850279,-23.3952797],[-46.8800042,-23.3962005],[-46.867261,-23.404947],[-46.8690249,-23.4156307],[-46.8530994,-23.4215834],[-46.8425008,-23.4210366],[-46.832122,-23.4302297],[-46.8294606,-23.4244476],[-46.8234114,-23.4223041],[-46.811549,-23.436913],[-46.805357,-23.462459],[-46.799528,-23.471383],[-46.796027,-23.46293],[-46.792009,-23.461484],[-46.785412,-23.466173],[-46.77696,-23.465061],[-46.772248,-23.458919],[-46.769207,-23.458543],[-46.774824,-23.464436],[-46.775115,-23.471787],[-46.770029,-23.475739],[-46.766328,-23.49129],[-46.755484,-23.496189],[-46.763971,-23.506406],[-46.753125,-23.519696],[-46.747045,-23.520377],[-46.749297,-23.524556],[-46.756353,-23.524618],[-46.760264,-23.529494],[-46.75878,-23.548923],[-46.765092,-23.56325],[-46.768689,-23.56264],[-46.773135,-23.570178],[-46.779605,-23.570769],[-46.795043,-23.582464],[-46.806459,-23.58401],[-46.807775,-23.609067],[-46.817955,-23.600231],[-46.813256,-23.593244],[-46.8173323,-23.5818559],[-46.8248147,-23.5838546],[-46.834606,-23.576629],[-46.8432242,-23.5772358],[-46.843922,-23.582658],[-46.8535421,-23.582857],[-46.860559,-23.577177],[-46.867455,-23.576354],[-46.867464,-23.573108],[-46.87327,-23.569599],[-46.875688,-23.570858],[-46.875956,-23.56528],[-46.8861817,-23.5694063],[-46.904446,-23.568249],[-46.912623,-23.563494]]]}},{"type":"Feature","id":"35015","properties":{"cd_regiao_saude":"35015","nm_regiao_saude":"GRANDE ABC","cd_macrorregiao_saude":"3534","nm_macrorregiao_saude":"RRAS1","qt_municipio":7,"qt_populacao_ibge_2022":2696530},"geometry":{"type":"Polygon","coordinates":[[[-46.623054,-23.785255],[-46.646271,-23.755896],[-46.652046,-23.730793],[-46.6365499,-23.7252543],[-46.6277815,-23.7163542],[-46.616357,-23.710513],[-46.623986,-23.705602],[-46.635492,-23.69098],[-46.630594,-23.679936],[-46.631084,-23.67286],[-46.62704,-23.66844],[-46.625979,-23.659237],[-46.622776,-23.661314],[-46.617227,-23.657341],[-46.614131,-23.660225],[-46.584591,-23.645174],[-46.579,-23.599524],[-46.557491,-23.612044],[-46.546687,-23.605651],[-46.534495,-23.614357],[-46.521577,-23.613907],[-46.506184,-23.625794],[-46.482166,-23.623738],[-46.477261,-23.625988],[-46.472313,-23.638835],[-46.44643,-23.644061],[-46.432762,-23.641747],[-46.430061,-23.636119],[-46.423705,-23.644193],[-46.421087,-23.643656],[-46.4071241,-23.6324152],[-46.4066416,-23.6236397],[-46.4011369,-23.6221799],[-46.3950264,-23.6126941],[-46.3856181,-23.6146419],[-46.373966,-23.642938],[-46.368402,-23.643937],[-46.35706,-23.638501],[-46.353585,-23.642418],[-46.358297,-23.660497],[-46.338486,-23.677881],[-46.33665,-23.689714],[-46.331739,-23.696553],[-46.3307167,-23.7088721],[-46.3284655,-23.7024921],[-46.323705,-23.704189],[-46.32809,-23.728387],[-46.316844,-23.738085],[-46.321927,-23.744429],[-46.315265,-23.744566],[-46.302403,-23.751245],[-46.294472,-23.748789],[-46.285926,-23.75774],[-46.283478,-23.766931],[-46.278391,-23.770307],[-46.296665,-23.787747],[-46.304005,-23.788935],[-46.316528,-23.801996],[-46.320292,-23.803097],[-46.320324,-23.785135],[-46.338191,-23.781535],[-46.345174,-23.78746],[-46.353628,-23.788484],[-46.354444,-23.791472],[-46.367435,-23.792489],[-46.372387,-23.789711],[-46.37707,-23.793588],[-46.373327,-23.79546],[-46.377598,-23.804134],[-46.383397,-23.809644],[-46.389392,-23.809906],[-46.394332,-23.81436],[-46.396052,-23.811778],[-46.405708,-23.812308],[-46.426594,-23.825273],[-46.43417,-23.824055],[-46.437404,-23.829302],[-46.444515,-23.829133],[-46.438829,-23.831359],[-46.443865,-23.841],[-46.439012,-23.839832],[-46.441107,-23.847307],[-46.454552,-23.853909],[-46.458621,-23.866136],[-46.465828,-23.861013],[-46.469376,-23.872928],[-46.482613,-23.885704],[-46.4878765,-23.8847019],[-46.497423,-23.901473],[-46.503783,-23.90478],[-46.519947,-23.905342],[-46.521284,-23.912255],[-46.548273,-23.929731],[-46.552174,-23.940403],[-46.563484,-23.948588],[-46.565139,-23.953469],[-46.567664,-23.953756],[-46.566158,-23.94969],[-46.569671,-23.946789],[-46.571346,-23.952489],[-46.577386,-23.957013],[-46.580286,-23.95577],[-46.595268,-23.965353],[-46.600287,-23.963557],[-46.611341,-23.967918],[-46.6065307,-23.9569451],[-46.6112412,-23.9508659],[-46.6077717,-23.948458],[-46.6070833,-23.9388551],[-46.6132527,-23.9380341],[-46.6168826,-23.9335585],[-46.6165726,-23.9306382],[-46.6093652,-23.9277081],[-46.608673,-23.9151916],[-46.6118966,-23.9142843],[-46.6127766,-23.9086781],[-46.608765,-23.904738],[-46.61331,-23.905449],[-46.617706,-23.8888098],[-46.616938,-23.862004],[-46.631846,-23.852649],[-46.6351157,-23.8385032],[-46.633506,-23.828793],[-46.624356,-23.818766],[-46.623054,-23.785255]]]}},{"type":"Feature","id":"35016","properties":{"cd_regiao_saude":"35016","nm_regiao_saude":"SAO PAULO","cd_macrorregiao_saude":"3521","nm_macrorregiao_saude":"RRAS6","qt_municipio":1,"qt_populacao_ibge_2022":11451999},"geometry":{"type":"Polygon","coordinates":[[[-46.616938,-23.862004],[-46.617706,-23.8888098],[-46.61331,-23.905449],[-46.608765,-23.904738],[-46.6127766,-23.9086781],[-46.6118966,-23.9142843],[-46.608673,-23.9151916],[-46.6093652,-23.9277081],[-46.6165726,-23.9306382],[-46.6168826,-23.9335585],[-46.6132527,-23.9380341],[-46.6071311,-23.9386572],[-46.6077717,-23.948458],[-46.6112412,-23.9508659],[-46.6065307,-23.9569451],[-46.6125394,-23.9699316],[-46.6179828,-23.9677768],[-46.635708,-23.977319],[-46.633264,-23.987839],[-46.629538,-23.991241],[-46.649908,-24.001601],[-46.661937,-23.988102],[-46.675374,-23.989425],[-46.685496,-23.98242],[-46.714482,-23.996115],[-46.720858,-23.993002],[-46.7311,-23.995495],[-46.743319,-23.991892],[-46.755048,-23.996783],[-46.763033,-24.006202],[-46.772017,-24.007698],[-46.774737,-24.002989],[-46.768084,-23.998664],[-46.754843,-23.972893],[-46.763051,-23.967872],[-46.764893,-23.961727],[-46.771333,-23.961341],[-46.775113,-23.956785],[-46.774172,-23.950344],[-46.781103,-23.948724],[-46.786161,-23.94187],[-46.793259,-23.943087],[-46.800124,-23.938],[-46.806898,-23.938153],[-46.811818,-23.917103],[-46.811571,-23.907734],[-46.80406,-23.892884],[-46.80737,-23.886521],[-46.802149,-23.888183],[-46.799706,-23.893723],[-46.776699,-23.893023],[-46.776046,-23.855449],[-46.77954,-23.851286],[-46.77995,-23.842392],[-46.764778,-23.842787],[-46.762508,-23.836361],[-46.765562,-23.833421],[-46.762762,-23.827177],[-46.773799,-23.817739],[-46.801729,-23.808781],[-46.800471,-23.801561],[-46.787949,-23.786994],[-46.79008,-23.77608],[-46.771685,-23.764305],[-46.769122,-23.755968],[-46.769935,-23.752912],[-46.7815286,-23.7506591],[-46.790035,-23.744253],[-46.79008,-23.741187],[-46.796043,-23.739127],[-46.798543,-23.729092],[-46.792403,-23.721301],[-46.791489,-23.7017511],[-46.800709,-23.697967],[-46.797015,-23.69542],[-46.801558,-23.684941],[-46.795448,-23.670163],[-46.792713,-23.647191],[-46.769133,-23.627158],[-46.749202,-23.604443],[-46.760685,-23.594916],[-46.775523,-23.603005],[-46.789322,-23.60647],[-46.798234,-23.604793],[-46.807285,-23.609142],[-46.808999,-23.598647],[-46.805082,-23.588785],[-46.806459,-23.58401],[-46.795043,-23.582464],[-46.779605,-23.570769],[-46.773135,-23.570178],[-46.768689,-23.56264],[-46.765092,-23.56325],[-46.75878,-23.548923],[-46.760264,-23.529494],[-46.756353,-23.524618],[-46.749297,-23.524556],[-46.747045,-23.520377],[-46.753125,-23.519696],[-46.763971,-23.506406],[-46.755484,-23.496189],[-46.766328,-23.49129],[-46.770029,-23.475739],[-46.775115,-23.471787],[-46.774824,-23.464436],[-46.769252,-23.458478],[-46.77696,-23.465061],[-46.785412,-23.466173],[-46.792009,-23.461484],[-46.796027,-23.46293],[-46.799528,-23.471383],[-46.805357,-23.462459],[-46.811549,-23.436913],[-46.822602,-23.425325],[-46.819671,-23.417899],[-46.826199,-23.408818],[-46.823046,-23.400995],[-46.80771,-23.399409],[-46.802715,-23.394789],[-46.798819,-23.398849],[-46.799391,-23.40284],[-46.793707,-23.399632],[-46.788225,-23.404357],[-46.783283,-23.404101],[-46.783412,-23.398718],[-46.77092,-23.397481],[-46.770214,-23.388711],[-46.76407,-23.3849],[-46.751542,-23.390274],[-46.735457,-23.388118],[-46.73033,-23.393994],[-46.721621,-23.396354],[-46.719415,-23.404379],[-46.710647,-23.406521],[-46.708468,-23.416494],[-46.700098,-23.417347],[-46.698959,-23.423874],[-46.692339,-23.422729],[-46.686588,-23.426962],[-46.684728,-23.419309],[-46.676971,-23.41544],[-46.668956,-23.418919],[-46.656432,-23.430942],[-46.642444,-23.427529],[-46.634253,-23.429275],[-46.627187,-23.423221],[-46.621506,-23.422491],[-46.623173,-23.416599],[-46.612607,-23.417355],[-46.61436,-23.412173],[-46.611771,-23.406057],[-46.60585,-23.398033],[-46.59874,-23.394412],[-46.600605,-23.38844],[-46.585516,-23.380305],[-46.579913,-23.373802],[-46.56852,-23.375736],[-46.549325,-23.356294],[-46.535438,-23.363305],[-46.537231,-23.369584],[-46.54512,-23.376204],[-46.545534,-23.386875],[-46.556326,-23.397685],[-46.556436,-23.409589],[-46.566684,-23.415517],[-46.565626,-23.426938],[-46.568466,-23.432475],[-46.565108,-23.44004],[-46.570683,-23.456841],[-46.560866,-23.476102],[-46.562136,-23.499827],[-46.558045,-23.5081],[-46.55547,-23.510097],[-46.545903,-23.505852],[-46.533745,-23.493325],[-46.511097,-23.478792],[-46.479999,-23.476914],[-46.460472,-23.483031],[-46.437635,-23.479829],[-46.435966,-23.475716],[-46.430996,-23.477921],[-46.427062,-23.472008],[-46.41477,-23.47434],[-46.410833,-23.470372],[-46.407614,-23.472619],[-46.410042,-23.475025],[-46.404409,-23.478203],[-46.406345,-23.485521],[-46.401352,-23.486862],[-46.399392,-23.482973],[-46.387669,-23.481887],[-46.386653,-23.474676],[-46.383638,-23.475528],[-46.381939,-23.472089],[-46.365182,-23.505335],[-46.3663957,-23.5121558],[-46.373453,-23.511547],[-46.37455,-23.515483],[-46.380821,-23.516793],[-46.386555,-23.521554],[-46.384186,-23.523552],[-46.386511,-23.525859],[-46.395572,-23.530896],[-46.38772,-23.545656],[-46.395054,-23.548956],[-46.392471,-23.557297],[-46.388706,-23.561154],[-46.379748,-23.562612],[-46.383536,-23.570832],[-46.377825,-23.574939],[-46.383741,-23.579221],[-46.37728,-23.589643],[-46.380146,-23.588379],[-46.382476,-23.591321],[-46.384268,-23.600581],[-46.394919,-23.601935],[-46.39944,-23.605876],[-46.394787,-23.612158],[-46.3980154,-23.6187798],[-46.4066416,-23.6236397],[-46.4071241,-23.6324152],[-46.421087,-23.643656],[-46.423705,-23.644193],[-46.430061,-23.636119],[-46.431518,-23.641104],[-46.443106,-23.64393],[-46.472313,-23.638835],[-46.477261,-23.625988],[-46.482166,-23.623738],[-46.506184,-23.625794],[-46.521577,-23.613907],[-46.534495,-23.614357],[-46.546687,-23.605651],[-46.557491,-23.612044],[-46.579,-23.599524],[-46.584591,-23.645174],[-46.614131,-23.660225],[-46.617227,-23.657341],[-46.622776,-23.661314],[-46.626395,-23.659542],[-46.635732,-23.69025],[-46.624368,-23.705209],[-46.616357,-23.710513],[-46.6277815,-23.7163542],[-46.6365499,-23.7252543],[-46.652046,-23.730793],[-46.646271,-23.755896],[-46.623054,-23.785255],[-46.624356,-23.818766],[-46.633506,-23.828793],[-46.6351157,-23.8385032],[-46.631846,-23.852649],[-46.616938,-23.862004]]]}},{"type":"Feature","id":"35021","properties":{"cd_regiao_saude":"35021","nm_regiao_saude":"CENTRAL DO DRS II","cd_macrorregiao_saude":"3536","nm_macrorregiao_saude":"RRAS19","qt_municipio":11,"qt_populacao_ibge_2022":298249},"geometry":{"type":"Polygon","coordinates":[[[-50.8749995,-21.488909],[-50.8880699,-21.485568],[-50.8989837,-21.490737],[-50.8992412,-21.4873798],[-50.9044807,-21.484772],[-50.9024354,-21.4812775],[-50.9070156,-21.4761225],[-50.9051362,-21.470517],[-50.9201691,-21.4606784],[-50.9199182,-21.4554649],[-50.9160192,-21.4542669],[-50.9248712,-21.4413593],[-50.9469595,-21.4478554],[-50.9604205,-21.4386378],[-50.9814978,-21.4318604],[-50.9985668,-21.4393988],[-51.00481,-21.4383362],[-51.0258517,-21.4256077],[-51.0250283,-21.4211201],[-51.0341283,-21.4084459],[-51.0454671,-21.4063894],[-51.0462449,-21.4038526],[-51.0542505,-21.4046512],[-51.0604101,-21.3964232],[-51.0859856,-21.384099],[-51.0901054,-21.3793009],[-51.0905176,-21.3719683],[-51.099945,-21.3699193],[-51.122436,-21.3815943],[-51.1330046,-21.3749516],[-51.144971,-21.3744057],[-51.1444861,-21.3710642],[-51.1343644,-21.364803],[-51.1324319,-21.3616344],[-51.1346287,-21.3587059],[-51.1151183,-21.3381098],[-51.1010519,-21.3152092],[-51.0908303,-21.3074336],[-51.0900367,-21.2976852],[-51.0816288,-21.2830512],[-51.0820252,-21.2732611],[-51.0751005,-21.2682273],[-51.0743455,-21.2597768],[-51.0618751,-21.2462639],[-51.0606225,-21.2376771],[-51.0548711,-21.2299526],[-51.0480339,-21.2295093],[-51.0445467,-21.22332],[-51.0383879,-21.2237219],[-51.0360914,-21.2174771],[-51.0036747,-21.1918893],[-50.992187,-21.1953818],[-50.980973,-21.1940236],[-50.9691953,-21.1848624],[-50.9678015,-21.1797587],[-50.9632546,-21.1842299],[-50.958779,-21.1818136],[-50.9549673,-21.1719666],[-50.9498473,-21.170661],[-50.9521464,-21.1591375],[-50.9469789,-21.1554283],[-50.9462317,-21.1458521],[-50.9482512,-21.1371918],[-50.9526418,-21.1338594],[-50.9381229,-21.1284714],[-50.9371727,-21.1178314],[-50.9277364,-21.1064497],[-50.9295679,-21.1035732],[-50.9260266,-21.1006148],[-50.9260649,-21.0936593],[-50.9190409,-21.0887611],[-50.9229468,-21.0791925],[-50.9220216,-21.0696257],[-50.917212,-21.0636236],[-50.9194478,-21.054272],[-50.9152336,-21.0437316],[-50.9083899,-21.0398641],[-50.9037775,-21.0294562],[-50.8969113,-21.0242103],[-50.8982074,-21.0096135],[-50.8851549,-21.0002261],[-50.8854512,-20.9907259],[-50.8746,-20.9775853],[-50.8779873,-20.9702907],[-50.8756224,-20.9645942],[-50.8790353,-20.9603063],[-50.8775919,-20.9483022],[-50.8757638,-20.9451092],[-50.8581089,-20.9412398],[-50.850189,-20.9359127],[-50.8996008,-20.9097714],[-50.8861867,-20.8917776],[-50.8708821,-20.8629644],[-50.867278,-20.8613386],[-50.8701421,-20.8554454],[-50.8664377,-20.8533297],[-50.8641053,-20.8367061],[-50.8666,-20.8305159],[-50.8729455,-20.8268135],[-50.8514158,-20.8025937],[-50.8419955,-20.783002],[-50.8262234,-20.7687547],[-50.8241916,-20.7525059],[-50.8134669,-20.732558],[-50.8146329,-20.7226385],[-50.8099691,-20.7111803],[-50.8050935,-20.6793067],[-50.7996374,-20.672074],[-50.8042422,-20.6542596],[-50.8012093,-20.6372959],[-50.805795,-20.6270199],[-50.8022001,-20.6025612],[-50.7919139,-20.6076703],[-50.7883569,-20.6143995],[-50.7808848,-20.611021],[-50.7664912,-20.6248074],[-50.7645155,-20.6213946],[-50.7653329,-20.600056],[-50.7616334,-20.5762113],[-50.7728472,-20.5544419],[-50.768651,-20.5447403],[-50.7702804,-20.5523327],[-50.766991,-20.5531675],[-50.7559481,-20.5484191],[-50.7543543,-20.5390411],[-50.7388169,-20.5449381],[-50.7372526,-20.5360994],[-50.7293518,-20.5331372],[-50.7304492,-20.5311298],[-50.724993,-20.5268534],[-50.7127564,-20.5275023],[-50.7057002,-20.5344483],[-50.6958283,-20.528871],[-50.6918448,-20.5385118],[-50.6879507,-20.5352814],[-50.6910092,-20.5335662],[-50.6884712,-20.5333069],[-50.6891151,-20.5235468],[-50.6830912,-20.5245127],[-50.6826029,-20.5292756],[-50.6783389,-20.5276823],[-50.666421,-20.5320554],[-50.6616122,-20.5279811],[-50.6619802,-20.5202275],[-50.6497662,-20.514598],[-50.6478298,-20.5068773],[-50.6371876,-20.5083432],[-50.634077,-20.5151893],[-50.6249217,-20.5080616],[-50.6132706,-20.51925],[-50.6027568,-20.5190582],[-50.6045899,-20.5213651],[-50.6006466,-20.5242853],[-50.5917283,-20.5227754],[-50.5865419,-20.5151385],[-50.5828305,-20.5189017],[-50.5733435,-20.5178406],[-50.55094,-20.530813],[-50.5341373,-20.5333171],[-50.5274131,-20.5374375],[-50.5184507,-20.5369937],[-50.5083027,-20.5504406],[-50.5152827,-20.5698743],[-50.5118903,-20.5742736],[-50.5132616,-20.5796139],[-50.5065846,-20.5878958],[-50.5114954,-20.6233334],[-50.4906916,-20.6464359],[-50.4823524,-20.645498],[-50.4796715,-20.6535421],[-50.4832499,-20.6602876],[-50.4765075,-20.6877661],[-50.4810445,-20.6967591],[-50.4942447,-20.7045781],[-50.4965997,-20.710348],[-50.5022872,-20.7250446],[-50.4997632,-20.7364952],[-50.5057387,-20.7512329],[-50.5055827,-20.7616059],[-50.4567487,-20.7785965],[-50.4530816,-20.7975885],[-50.449937,-20.8008697],[-50.4402058,-20.7982711],[-50.4328513,-20.8001831],[-50.4243793,-20.7907724],[-50.4206315,-20.77392],[-50.4238597,-20.7707971],[-50.4230768,-20.7618745],[-50.4182866,-20.7490418],[-50.4199233,-20.742271],[-50.4150549,-20.7412985],[-50.4132409,-20.7375062],[-50.4129656,-20.7267426],[-50.4186723,-20.7091316],[-50.3973286,-20.7240354],[-50.3343323,-20.7231006],[-50.3156984,-20.7175584],[-50.3070422,-20.7100929],[-50.2961927,-20.7127731],[-50.2943054,-20.7344725],[-50.2728913,-20.7336716],[-50.2654228,-20.7521832],[-50.2761267,-20.7737893],[-50.2825224,-20.7989903],[-50.2905868,-20.808821],[-50.2870333,-20.8265377],[-50.2905883,-20.8357308],[-50.27676,-20.8345269],[-50.265369,-20.8390436],[-50.2617923,-20.8355335],[-50.2396884,-20.837517],[-50.235422,-20.8471787],[-50.2148375,-20.8656136],[-50.1976716,-20.8607423],[-50.1871925,-20.8683239],[-50.1722684,-20.8707028],[-50.1638597,-20.8748829],[-50.165804,-20.8817484],[-50.1627999,-20.8870724],[-50.1655104,-20.8902021],[-50.1687812,-20.8889196],[-50.1679802,-20.8932208],[-50.1718216,-20.8919606],[-50.1817245,-20.9010345],[-50.1855129,-20.8990883],[-50.1876112,-20.9013707],[-50.1921152,-20.8973741],[-50.1952809,-20.8999729],[-50.1951776,-20.8970201],[-50.1998697,-20.8958361],[-50.2133663,-20.9001763],[-50.2197989,-20.8984024],[-50.2224154,-20.8892009],[-50.2266271,-20.8886389],[-50.236901,-20.894298],[-50.2448456,-20.8936231],[-50.244531,-20.8977607],[-50.2502955,-20.8985038],[-50.2582896,-20.9058434],[-50.2642175,-20.9057813],[-50.2676909,-20.9116856],[-50.2650749,-20.916058],[-50.2812629,-20.9282592],[-50.2831502,-20.9349284],[-50.2808245,-20.9468463],[-50.2864097,-20.961501],[-50.2973378,-20.9757071],[-50.2943263,-20.9830238],[-50.3024526,-20.9975946],[-50.3004203,-21.0014743],[-50.3232299,-21.0083903],[-50.3390509,-21.0283554],[-50.3457604,-21.0420802],[-50.3581898,-21.0435477],[-50.3534501,-21.0466694],[-50.3509805,-21.0566187],[-50.3469798,-21.0602737],[-50.3490351,-21.0656124],[-50.3429132,-21.0794429],[-50.350611,-21.0858757],[-50.3473571,-21.0953145],[-50.3549958,-21.0993227],[-50.3526827,-21.1101587],[-50.3618166,-21.1200758],[-50.3566062,-21.1291087],[-50.3706191,-21.1488582],[-50.3847199,-21.1573461],[-50.3867745,-21.1721734],[-50.3932372,-21.1801969],[-50.3901526,-21.1909498],[-50.3922202,-21.2141517],[-50.4049669,-21.2273666],[-50.3904435,-21.2516822],[-50.4665508,-21.2971089],[-50.4624473,-21.3012067],[-50.4657163,-21.3077257],[-50.4624943,-21.3146496],[-50.4530926,-21.3222235],[-50.4547341,-21.3287336],[-50.4521651,-21.3319191],[-50.461418,-21.3413348],[-50.4534182,-21.3556011],[-50.4575699,-21.3752218],[-50.4474819,-21.3838229],[-50.4458908,-21.3921831],[-50.4180682,-21.4180662],[-50.4222347,-21.4280476],[-50.4225342,-21.4456682],[-50.4338429,-21.4620571],[-50.4420925,-21.4686403],[-50.4407789,-21.488357],[-50.4542662,-21.4909819],[-50.4592588,-21.5103707],[-50.4632663,-21.515461],[-50.4818308,-21.5234899],[-50.4969457,-21.5194809],[-50.4974195,-21.5057665],[-50.5012962,-21.4997263],[-50.4995464,-21.4902431],[-50.5094474,-21.4838325],[-50.5169543,-21.4641429],[-50.5303658,-21.4554695],[-50.5485041,-21.4545661],[-50.5544006,-21.4495933],[-50.5743079,-21.4554004],[-50.581676,-21.4417549],[-50.607222,-21.4446273],[-50.6197752,-21.4481612],[-50.624132,-21.4557436],[-50.6394081,-21.4604224],[-50.6384383,-21.4724426],[-50.64624,-21.4750989],[-50.6456859,-21.4816734],[-50.6534366,-21.4825808],[-50.6527643,-21.4929794],[-50.6572617,-21.4954579],[-50.6547692,-21.5000146],[-50.6718505,-21.5018069],[-50.6812348,-21.5142744],[-50.6904947,-21.5118348],[-50.6973057,-21.5259124],[-50.704558,-21.5260475],[-50.7068678,-21.5295293],[-50.7100169,-21.5257783],[-50.7147283,-21.5288104],[-50.7216692,-21.5260423],[-50.7311086,-21.5295891],[-50.7404454,-21.5215609],[-50.7441066,-21.5246172],[-50.7493414,-21.5237431],[-50.7542896,-21.5286292],[-50.7691988,-21.5323553],[-50.7721452,-21.5385106],[-50.7668973,-21.543631],[-50.7760305,-21.5462449],[-50.7794186,-21.5428028],[-50.7886954,-21.5485904],[-50.7867744,-21.5579417],[-50.7950089,-21.5589377],[-50.7988946,-21.555731],[-50.7933811,-21.5430461],[-50.7971374,-21.5416138],[-50.8065757,-21.5547352],[-50.8064682,-21.5601633],[-50.8118546,-21.5557425],[-50.8154294,-21.5640206],[-50.8221753,-21.5575645],[-50.8154091,-21.554272],[-50.8193499,-21.5507008],[-50.8136041,-21.54799],[-50.81586,-21.5398865],[-50.8473851,-21.5356628],[-50.8704882,-21.5238862],[-50.8726849,-21.5141699],[-50.8645185,-21.5080804],[-50.8678684,-21.5044953],[-50.8661223,-21.4990108],[-50.8749995,-21.488909]]]}},{"type":"Feature","id":"35022","properties":{"cd_regiao_saude":"35022","nm_regiao_saude":"LAGOS DO DRS II","cd_macrorregiao_saude":"3536","nm_macrorregiao_saude":"RRAS19","qt_municipio":12,"qt_populacao_ibge_2022":197605},"geometry":{"type":"Polygon","coordinates":[[[-51.325357,-21.2916894],[-51.3346858,-21.2926561],[-51.3388276,-21.2883613],[-51.3372036,-21.2927455],[-51.3403975,-21.2929124],[-51.343296,-21.2879086],[-51.3467492,-21.2879929],[-51.3459222,-21.2916092],[-51.3485686,-21.2919822],[-51.3497006,-21.2878693],[-51.3580697,-21.2883476],[-51.360542,-21.2858499],[-51.3621244,-21.2895656],[-51.3687268,-21.2902138],[-51.3747977,-21.2852186],[-51.3853483,-21.2843565],[-51.3940418,-21.2756617],[-51.3975515,-21.2761363],[-51.3953845,-21.2727486],[-51.4017045,-21.272551],[-51.3978695,-21.2701329],[-51.3994479,-21.2669321],[-51.4028973,-21.2658017],[-51.404924,-21.268759],[-51.4076672,-21.2639633],[-51.4309863,-21.2548491],[-51.4291939,-21.2511738],[-51.4353074,-21.2457343],[-51.459412,-21.2371413],[-51.4673896,-21.2378008],[-51.4712756,-21.2343422],[-51.4714282,-21.2385697],[-51.478948,-21.2354298],[-51.4798269,-21.2317474],[-51.4866929,-21.233111],[-51.4927386,-21.2305097],[-51.4963795,-21.2265589],[-51.4948896,-21.2202989],[-51.5018367,-21.2210744],[-51.5044947,-21.2169299],[-51.5097389,-21.2168013],[-51.5119464,-21.2107091],[-51.5181052,-21.20902],[-51.5240126,-21.1991888],[-51.5328767,-21.195416],[-51.5355954,-21.2007837],[-51.5379635,-21.1938079],[-51.5413556,-21.1967853],[-51.5441592,-21.194845],[-51.5430206,-21.1916777],[-51.5646093,-21.1901455],[-51.5647578,-21.1852646],[-51.5685362,-21.1873268],[-51.570461,-21.1849323],[-51.576182,-21.189193],[-51.5757044,-21.1808432],[-51.5934459,-21.170995],[-51.5959578,-21.1590202],[-51.5903093,-21.1518369],[-51.6008366,-21.1442574],[-51.6043163,-21.1448192],[-51.6016347,-21.1490045],[-51.6136783,-21.1416537],[-51.6194341,-21.1477137],[-51.6275231,-21.1461636],[-51.6334569,-21.1523142],[-51.638139,-21.1516959],[-51.6380009,-21.1600478],[-51.6418814,-21.1655496],[-51.6587598,-21.1695527],[-51.6723141,-21.1604989],[-51.6674569,-21.1568644],[-51.6743961,-21.1533137],[-51.6721517,-21.149173],[-51.6767799,-21.151399],[-51.6855359,-21.1497979],[-51.6906032,-21.1446882],[-51.6900549,-21.1344079],[-51.6948905,-21.131859],[-51.6911906,-21.1273829],[-51.6928116,-21.123044],[-51.6879207,-21.1225256],[-51.6907559,-21.116094],[-51.7014535,-21.1078185],[-51.6944604,-21.0963096],[-51.697849,-21.0954084],[-51.6994977,-21.0881985],[-51.7019579,-21.0909809],[-51.7032891,-21.0872694],[-51.7084349,-21.0875351],[-51.7068448,-21.0835357],[-51.7137121,-21.0832982],[-51.711108,-21.0795118],[-51.7184723,-21.0757096],[-51.7167911,-21.0730156],[-51.719458,-21.0696246],[-51.7222232,-21.0722227],[-51.725821,-21.0687494],[-51.7286138,-21.0741397],[-51.7314829,-21.069508],[-51.7375125,-21.0743361],[-51.7408913,-21.0688148],[-51.7476826,-21.0702073],[-51.7456899,-21.0664841],[-51.7531345,-21.0641957],[-51.7521675,-21.0608184],[-51.7556684,-21.065919],[-51.7618578,-21.0642675],[-51.7611769,-21.055498],[-51.7643972,-21.054683],[-51.7640065,-21.059826],[-51.7665033,-21.0587709],[-51.7659927,-21.0513614],[-51.7724764,-21.0511213],[-51.7719774,-21.0459252],[-51.7596476,-21.0221968],[-51.7222304,-20.976768],[-51.705683,-20.9703564],[-51.6787264,-20.9729444],[-51.6596463,-20.9685035],[-51.6442757,-20.9555242],[-51.6281707,-20.9490296],[-51.6209317,-20.9393656],[-51.6134777,-20.8900784],[-51.6266795,-20.8724955],[-51.6297015,-20.8614529],[-51.6329772,-20.8215582],[-51.6261492,-20.7962657],[-51.6274829,-20.7846969],[-51.6223984,-20.776872],[-51.6348992,-20.7548484],[-51.6242875,-20.7125187],[-51.603296,-20.6616955],[-51.5883103,-20.6356507],[-51.5707683,-20.6200766],[-51.5330051,-20.5969939],[-51.5002223,-20.5682163],[-51.4928561,-20.5465063],[-51.4637827,-20.5014527],[-51.4443681,-20.4789171],[-51.4092796,-20.4595706],[-51.3989579,-20.4457611],[-51.3751155,-20.396527],[-51.3612244,-20.3845403],[-51.3508686,-20.3631794],[-51.3427054,-20.3546601],[-51.321445,-20.3396192],[-51.2956845,-20.3284821],[-51.1607664,-20.3052241],[-51.1324143,-20.2955315],[-51.1093896,-20.2800922],[-51.104648,-20.286392],[-51.094402,-20.285407],[-51.0826315,-20.3066394],[-51.078922,-20.328211],[-51.06392,-20.341769],[-51.0496304,-20.3634605],[-51.02066,-20.3858572],[-51.0135565,-20.4077966],[-50.998581,-20.414428],[-50.994209,-20.429417],[-50.9863424,-20.4403112],[-50.9861034,-20.4517709],[-50.9802193,-20.4585708],[-50.9790159,-20.4725429],[-50.9825714,-20.4831805],[-50.9801275,-20.4917515],[-50.9825274,-20.495711],[-50.9691781,-20.5106671],[-50.9675816,-20.5205447],[-50.964591,-20.5222736],[-50.9681771,-20.5276967],[-50.9662849,-20.549228],[-50.9603133,-20.5571173],[-50.9537331,-20.5570921],[-50.9468025,-20.5510706],[-50.9315711,-20.5547583],[-50.9244468,-20.5452938],[-50.9214959,-20.5498096],[-50.9170563,-20.550418],[-50.9130004,-20.5408666],[-50.9025091,-20.5389104],[-50.893468,-20.5442183],[-50.896414,-20.5575286],[-50.8872226,-20.5588401],[-50.8843115,-20.5563679],[-50.8843034,-20.5492472],[-50.8784802,-20.5498535],[-50.8818879,-20.5430268],[-50.8774605,-20.5385143],[-50.8682717,-20.5453457],[-50.8548142,-20.5428718],[-50.8489762,-20.5484693],[-50.844461,-20.5358304],[-50.834649,-20.5323369],[-50.8178804,-20.5348406],[-50.8121232,-20.5311518],[-50.8077152,-20.5353036],[-50.8064082,-20.5413317],[-50.8103482,-20.542439],[-50.8078346,-20.5467675],[-50.7995595,-20.5414564],[-50.7905759,-20.5458609],[-50.7880177,-20.5418612],[-50.7791421,-20.5454362],[-50.7693504,-20.5441677],[-50.7728472,-20.5544419],[-50.7616334,-20.5762113],[-50.7653329,-20.600056],[-50.7645155,-20.6213946],[-50.7664912,-20.6248074],[-50.7808848,-20.611021],[-50.7883569,-20.6143995],[-50.7919139,-20.6076703],[-50.8022001,-20.6025612],[-50.805795,-20.6270199],[-50.8012093,-20.6372959],[-50.8042422,-20.6542596],[-50.7996374,-20.672074],[-50.8050935,-20.6793067],[-50.8099691,-20.7111803],[-50.8146329,-20.7226385],[-50.8134669,-20.732558],[-50.8241916,-20.7525059],[-50.8262234,-20.7687547],[-50.8419955,-20.783002],[-50.8514158,-20.8025937],[-50.8729455,-20.8268135],[-50.8666,-20.8305159],[-50.8641053,-20.8367061],[-50.8664377,-20.8533297],[-50.8701421,-20.8554454],[-50.867278,-20.8613386],[-50.8708821,-20.8629644],[-50.8861867,-20.8917776],[-50.8996008,-20.9097714],[-50.850189,-20.9359127],[-50.8581089,-20.9412398],[-50.8757638,-20.9451092],[-50.8775919,-20.9483022],[-50.8790353,-20.9603063],[-50.8756224,-20.9645942],[-50.8779873,-20.9702907],[-50.8746,-20.9775853],[-50.8854512,-20.9907259],[-50.8851549,-21.0002261],[-50.8982074,-21.0096135],[-50.8969113,-21.0242103],[-50.9037775,-21.0294562],[-50.9083899,-21.0398641],[-50.9152336,-21.0437316],[-50.9194478,-21.054272],[-50.917212,-21.0636236],[-50.9220216,-21.0696257],[-50.9229468,-21.0791925],[-50.9190409,-21.0887611],[-50.9260649,-21.0936593],[-50.9260266,-21.1006148],[-50.9295679,-21.1035732],[-50.9277364,-21.1064497],[-50.9371727,-21.1178314],[-50.9381229,-21.1284714],[-50.9526418,-21.1338594],[-50.9477783,-21.1382795],[-50.9467216,-21.1546405],[-50.9521464,-21.1591375],[-50.949592,-21.1698164],[-50.9549673,-21.1719666],[-50.9560978,-21.1793555],[-50.9632546,-21.1842299],[-50.9678015,-21.1797587],[-50.9691953,-21.1848624],[-50.980973,-21.1940236],[-50.992187,-21.1953818],[-51.0036747,-21.1918893],[-51.0360914,-21.2174771],[-51.0383879,-21.2237219],[-51.0445467,-21.22332],[-51.0480339,-21.2295093],[-51.0548711,-21.2299526],[-51.0606225,-21.2376771],[-51.0618751,-21.2462639],[-51.0743455,-21.2597768],[-51.0751005,-21.2682273],[-51.0820252,-21.2732611],[-51.0816288,-21.2830512],[-51.0900367,-21.2976852],[-51.0908303,-21.3074336],[-51.1010519,-21.3152092],[-51.1151183,-21.3381098],[-51.1346287,-21.3587059],[-51.1324319,-21.3616344],[-51.1343644,-21.364803],[-51.1433073,-21.369244],[-51.144971,-21.3744057],[-51.1641169,-21.3840223],[-51.1930921,-21.374828],[-51.2001295,-21.3600082],[-51.2039258,-21.3610286],[-51.2141811,-21.3549673],[-51.2119647,-21.3521321],[-51.2301249,-21.3406509],[-51.2327731,-21.3329613],[-51.2376703,-21.3312628],[-51.2377772,-21.326808],[-51.2616879,-21.3275783],[-51.2651596,-21.3314817],[-51.2709364,-21.3212529],[-51.2863032,-21.3192723],[-51.2882504,-21.3132492],[-51.2931267,-21.314363],[-51.2970207,-21.3100379],[-51.3040189,-21.3086411],[-51.3140734,-21.2957169],[-51.3208619,-21.2991361],[-51.3241495,-21.2934403],[-51.3264784,-21.29508],[-51.325357,-21.2916894]]]}},{"type":"Feature","id":"35023","properties":{"cd_regiao_saude":"35023","nm_regiao_saude":"CONSORCIOS DO DRS II","cd_macrorregiao_saude":"3536","nm_macrorregiao_saude":"RRAS19","qt_municipio":17,"qt_populacao_ibge_2022":263703},"geometry":{"type":"Polygon","coordinates":[[[-50.2461797,-21.6969345],[-50.2511234,-21.7045763],[-50.2655365,-21.7032814],[-50.2716355,-21.709784],[-50.2743608,-21.7075521],[-50.2852948,-21.7091857],[-50.2919493,-21.7155416],[-50.2954368,-21.7144915],[-50.2944414,-21.7173232],[-50.3012967,-21.7158247],[-50.3045968,-21.711095],[-50.3093599,-21.7144186],[-50.3212553,-21.7063986],[-50.3233427,-21.709253],[-50.3303387,-21.7091545],[-50.335143,-21.7172576],[-50.3487717,-21.7096665],[-50.3606304,-21.7257848],[-50.3653702,-21.720117],[-50.3719255,-21.7236081],[-50.3795788,-21.7183436],[-50.3911514,-21.7193221],[-50.3947875,-21.7158636],[-50.399877,-21.7164814],[-50.4099906,-21.7069428],[-50.4099962,-21.7036318],[-50.4114447,-21.7070942],[-50.4214229,-21.7056529],[-50.4266121,-21.694868],[-50.4330339,-21.6946197],[-50.4339603,-21.6977365],[-50.4613171,-21.6874925],[-50.4644573,-21.6884675],[-50.4614535,-21.6899656],[-50.4647355,-21.6925542],[-50.4624193,-21.6939895],[-50.4641169,-21.7064889],[-50.4749272,-21.7019041],[-50.4848274,-21.7023299],[-50.4900107,-21.7051819],[-50.4899009,-21.7097132],[-50.4959667,-21.7152867],[-50.5032025,-21.7157962],[-50.5107805,-21.703329],[-50.5162834,-21.7103072],[-50.5377685,-21.6995179],[-50.5441132,-21.6989873],[-50.5451075,-21.7016504],[-50.5484912,-21.6995694],[-50.5498664,-21.7025041],[-50.5519538,-21.6977515],[-50.5544686,-21.6989058],[-50.5538726,-21.6943725],[-50.5612036,-21.6908398],[-50.5710321,-21.6915891],[-50.5729613,-21.6871354],[-50.579134,-21.6863472],[-50.5774437,-21.6840405],[-50.5854801,-21.6796021],[-50.5888653,-21.680698],[-50.5900636,-21.6737441],[-50.5981688,-21.6723387],[-50.5986246,-21.6687217],[-50.6031655,-21.666664],[-50.5977191,-21.6624846],[-50.6010462,-21.658224],[-50.6140726,-21.6567784],[-50.6205709,-21.6609669],[-50.6189066,-21.651578],[-50.6231041,-21.6429918],[-50.6276064,-21.6429473],[-50.6324537,-21.6565751],[-50.6404274,-21.6495681],[-50.6466327,-21.6506802],[-50.6497457,-21.6386192],[-50.6546282,-21.6340372],[-50.6521523,-21.6235328],[-50.6608021,-21.6185061],[-50.6703738,-21.6049356],[-50.6774756,-21.6010093],[-50.6808556,-21.6022709],[-50.682805,-21.5980323],[-50.7078743,-21.5855038],[-50.7061664,-21.5790322],[-50.7082688,-21.5769891],[-50.7260874,-21.5769943],[-50.7348932,-21.5719692],[-50.74533,-21.5784074],[-50.7491269,-21.5751023],[-50.7445209,-21.5649218],[-50.7561632,-21.5711883],[-50.7613771,-21.5631006],[-50.7675004,-21.5635976],[-50.7709948,-21.5694849],[-50.7701977,-21.5656768],[-50.7746778,-21.5641052],[-50.7735681,-21.5675785],[-50.7818107,-21.5676176],[-50.7821475,-21.5639367],[-50.7702611,-21.5573469],[-50.7692616,-21.5481703],[-50.7737221,-21.5443588],[-50.7668022,-21.5434571],[-50.7721452,-21.5385106],[-50.7685221,-21.5318097],[-50.7406921,-21.5214953],[-50.7311086,-21.5295891],[-50.7216692,-21.5260423],[-50.7147283,-21.5288104],[-50.7100169,-21.5257783],[-50.7063261,-21.5294062],[-50.704558,-21.5260475],[-50.6973057,-21.5259124],[-50.6904947,-21.5118348],[-50.6812348,-21.5142744],[-50.6718505,-21.5018069],[-50.6547692,-21.5000146],[-50.6572617,-21.4954579],[-50.6527643,-21.4929794],[-50.6534366,-21.4825808],[-50.6456859,-21.4816734],[-50.64624,-21.4750989],[-50.6384383,-21.4724426],[-50.6394081,-21.4604224],[-50.624132,-21.4557436],[-50.6197752,-21.4481612],[-50.607222,-21.4446273],[-50.581676,-21.4417549],[-50.5743079,-21.4554004],[-50.5544006,-21.4495933],[-50.5485041,-21.4545661],[-50.5303658,-21.4554695],[-50.5169543,-21.4641429],[-50.5094474,-21.4838325],[-50.4995464,-21.4902431],[-50.5012962,-21.4997263],[-50.4974195,-21.5057665],[-50.4969457,-21.5194809],[-50.4818308,-21.5234899],[-50.4632663,-21.515461],[-50.4592588,-21.5103707],[-50.4542662,-21.4909819],[-50.4407789,-21.488357],[-50.4420925,-21.4686403],[-50.4338429,-21.4620571],[-50.4225342,-21.4456682],[-50.4222347,-21.4280476],[-50.4180682,-21.4180662],[-50.4458908,-21.3921831],[-50.4474819,-21.3838229],[-50.4575699,-21.3752218],[-50.4534182,-21.3556011],[-50.461418,-21.3413348],[-50.4521651,-21.3319191],[-50.4547341,-21.3287336],[-50.4530926,-21.3222235],[-50.4624943,-21.3146496],[-50.4657163,-21.3077257],[-50.4624473,-21.3012067],[-50.4665508,-21.2971089],[-50.3904435,-21.2516822],[-50.4049669,-21.2273666],[-50.3922202,-21.2141517],[-50.3901526,-21.1909498],[-50.3932372,-21.1801969],[-50.3867745,-21.1721734],[-50.3847199,-21.1573461],[-50.3706191,-21.1488582],[-50.3566062,-21.1291087],[-50.3618166,-21.1200758],[-50.3526827,-21.1101587],[-50.3549958,-21.0993227],[-50.3473571,-21.0953145],[-50.350611,-21.0858757],[-50.3429132,-21.0794429],[-50.3490351,-21.0656124],[-50.3469798,-21.0602737],[-50.3509805,-21.0566187],[-50.3534501,-21.0466694],[-50.3581898,-21.0435477],[-50.3457604,-21.0420802],[-50.3390509,-21.0283554],[-50.3232299,-21.0083903],[-50.3004203,-21.0014743],[-50.3024526,-20.9975946],[-50.2943263,-20.9830238],[-50.2973378,-20.9757071],[-50.2864097,-20.961501],[-50.2808245,-20.9468463],[-50.2831502,-20.9349284],[-50.2812629,-20.9282592],[-50.2650749,-20.916058],[-50.2676909,-20.9116856],[-50.2642175,-20.9057813],[-50.2582896,-20.9058434],[-50.2502955,-20.8985038],[-50.244531,-20.8977607],[-50.2448456,-20.8936231],[-50.236901,-20.894298],[-50.2266271,-20.8886389],[-50.2224154,-20.8892009],[-50.2197989,-20.8984024],[-50.2133663,-20.9001763],[-50.1998697,-20.8958361],[-50.1951776,-20.8970201],[-50.1952809,-20.8999729],[-50.1921152,-20.8973741],[-50.1876112,-20.9013707],[-50.1855129,-20.8990883],[-50.1817245,-20.9010345],[-50.1718216,-20.8919606],[-50.1679802,-20.8932208],[-50.1687812,-20.8889196],[-50.1655104,-20.8902021],[-50.1630343,-20.8874602],[-50.165804,-20.8817484],[-50.1613582,-20.8738748],[-50.1495158,-20.8732029],[-50.1328484,-20.8823135],[-50.1234953,-20.88004],[-50.116417,-20.8825432],[-50.1131692,-20.8760669],[-50.1054456,-20.8862989],[-50.0926816,-20.8867652],[-50.0711837,-20.9104263],[-50.072638,-20.9137797],[-50.0655885,-20.9203936],[-50.06176,-20.9309279],[-50.0621449,-20.939256],[-50.0568162,-20.9398732],[-50.0506798,-20.931474],[-50.046635,-20.9403298],[-50.0366844,-20.9438185],[-50.0319042,-20.9332582],[-50.022374,-20.9435817],[-50.0329217,-20.9783901],[-50.0394456,-20.9810571],[-50.0438293,-20.9913107],[-50.0550375,-20.9973332],[-50.0744694,-21.017472],[-50.0813147,-21.0271398],[-50.0779351,-21.0323573],[-50.0837876,-21.0346838],[-50.0835627,-21.0390867],[-50.0899903,-21.0397474],[-50.0976364,-21.0571089],[-50.1074772,-21.0630001],[-50.109234,-21.0874118],[-50.1128443,-21.0940863],[-50.1034398,-21.1017431],[-50.113112,-21.1077496],[-50.1156101,-21.1174066],[-50.1223692,-21.1169273],[-50.1329919,-21.1294456],[-50.1513161,-21.1398861],[-50.1467745,-21.1433491],[-50.1483,-21.1555833],[-50.1393973,-21.1698553],[-50.1337846,-21.191469],[-50.1139664,-21.2088479],[-50.09098,-21.2203344],[-50.0706251,-21.2132963],[-50.0605956,-21.215024],[-50.0277253,-21.2107276],[-50.0002179,-21.2266555],[-49.9779859,-21.2297469],[-49.9620609,-21.2277122],[-49.9366518,-21.2327001],[-49.9282596,-21.2267755],[-49.9211211,-21.22594],[-49.9127403,-21.2395726],[-49.8846692,-21.2481684],[-49.8689121,-21.2607268],[-49.8557555,-21.2604965],[-49.8456109,-21.272786],[-49.8316287,-21.2749525],[-49.8305894,-21.280817],[-49.8254927,-21.280277],[-49.8317876,-21.284571],[-49.8231699,-21.2953088],[-49.8244349,-21.2999404],[-49.8180553,-21.3031039],[-49.8166182,-21.3155971],[-49.8239847,-21.3184778],[-49.8268862,-21.3392685],[-49.8329815,-21.3377389],[-49.848126,-21.3656872],[-49.8520091,-21.3690095],[-49.8557317,-21.367866],[-49.8562553,-21.3727462],[-49.8615499,-21.3771462],[-49.8640532,-21.3899514],[-49.8685525,-21.3926257],[-49.8611332,-21.4094871],[-49.8634445,-21.4184104],[-49.8611456,-21.4304801],[-49.866301,-21.4364435],[-49.8647586,-21.4396149],[-49.8707993,-21.4427124],[-49.8671135,-21.4484379],[-49.8713426,-21.4517538],[-49.868592,-21.4594821],[-49.8722429,-21.4688611],[-49.8863166,-21.4712058],[-49.8897108,-21.4682332],[-49.8925222,-21.4707153],[-49.8935052,-21.4819381],[-49.9108995,-21.5104603],[-49.9104771,-21.5225701],[-49.9026341,-21.5228415],[-49.9026086,-21.5265684],[-49.9087784,-21.5386538],[-49.9096319,-21.5494976],[-49.9152826,-21.5574434],[-49.9335047,-21.5538485],[-49.9540759,-21.5770341],[-49.9634667,-21.5795982],[-49.9675475,-21.5765037],[-49.9798771,-21.5782508],[-49.9866446,-21.5878634],[-49.9932526,-21.5909197],[-50.0043295,-21.5872647],[-50.0132667,-21.5900433],[-50.0282063,-21.5892349],[-50.0385409,-21.5953417],[-50.0481975,-21.6099283],[-50.0553045,-21.6086325],[-50.0583501,-21.6032022],[-50.0607405,-21.595955],[-50.0577415,-21.5869974],[-50.0608534,-21.5839415],[-50.0611094,-21.5894354],[-50.0736655,-21.5959596],[-50.0797967,-21.610322],[-50.1001188,-21.6209986],[-50.1001248,-21.6434938],[-50.1033015,-21.6461053],[-50.1096253,-21.6732023],[-50.106014,-21.681052],[-50.1145425,-21.6922355],[-50.1201452,-21.6849832],[-50.1303055,-21.6914654],[-50.1553819,-21.6810553],[-50.1625516,-21.6857635],[-50.1645607,-21.6939519],[-50.1682558,-21.6962297],[-50.1681274,-21.6938267],[-50.1729222,-21.6950876],[-50.1761347,-21.6899206],[-50.183018,-21.6932362],[-50.1898304,-21.6897223],[-50.1955394,-21.6918768],[-50.206407,-21.6867867],[-50.2109003,-21.6892105],[-50.2115756,-21.6965704],[-50.2202195,-21.6973716],[-50.2216058,-21.7017789],[-50.2317332,-21.6972567],[-50.2438706,-21.6971157],[-50.2444168,-21.6993621],[-50.2461797,-21.6969345]]]}},{"type":"Feature","id":"35031","properties":{"cd_regiao_saude":"35031","nm_regiao_saude":"CENTRAL DO DRS III","cd_macrorregiao_saude":"3535","nm_macrorregiao_saude":"RRAS18","qt_municipio":8,"qt_populacao_ibge_2022":314890},"geometry":{"type":"Polygon","coordinates":[[[-48.3019818,-22.0058719],[-48.297308,-22.0096577],[-48.3072961,-22.0327957],[-48.304577,-22.0546747],[-48.2985848,-22.0637374],[-48.3227155,-22.0781211],[-48.3482116,-22.0469509],[-48.3662367,-22.0524115],[-48.3685691,-22.0555855],[-48.3944674,-22.0434062],[-48.4088665,-22.0501615],[-48.4181741,-22.0625884],[-48.4252607,-22.0667369],[-48.4413251,-22.0610857],[-48.4448631,-22.063154],[-48.4551113,-22.0492994],[-48.4634336,-22.0491984],[-48.4768576,-22.0418268],[-48.4809113,-22.0322053],[-48.4873685,-22.0271133],[-48.4814822,-22.0141717],[-48.4909572,-22.0113273],[-48.4977398,-22.0121852],[-48.5070461,-22.0216133],[-48.5302752,-22.0288414],[-48.5365882,-22.0350777],[-48.5442932,-22.0345397],[-48.5471224,-22.0245987],[-48.5521706,-22.0240504],[-48.5538306,-22.0163731],[-48.564001,-22.0050885],[-48.5874091,-22.000414],[-48.5932942,-21.9968896],[-48.5960684,-21.9884217],[-48.6116083,-21.9859099],[-48.612757,-21.9781921],[-48.6201815,-21.9786994],[-48.6336353,-21.9676488],[-48.6449483,-21.9704185],[-48.6485527,-21.9630436],[-48.6571772,-21.95933],[-48.6566311,-21.9541783],[-48.669801,-21.9498335],[-48.6721198,-21.9436312],[-48.6684803,-21.9414071],[-48.6781376,-21.9331077],[-48.6789044,-21.9277975],[-48.6627042,-21.9219544],[-48.6428971,-21.9057488],[-48.6578923,-21.8417747],[-48.6527348,-21.8412484],[-48.6551445,-21.8399107],[-48.653226,-21.8361633],[-48.6503796,-21.8357485],[-48.6477027,-21.8405032],[-48.6465406,-21.8371796],[-48.6400669,-21.8393596],[-48.6365763,-21.8359155],[-48.6316727,-21.839124],[-48.6324251,-21.8438709],[-48.618385,-21.8401903],[-48.6164392,-21.8456886],[-48.6090348,-21.8436165],[-48.6085077,-21.8459201],[-48.6052967,-21.8445641],[-48.605325,-21.8484945],[-48.6007887,-21.8462689],[-48.5959343,-21.8490919],[-48.5948282,-21.8290588],[-48.5858459,-21.8278958],[-48.559008,-21.8156815],[-48.5400339,-21.7965676],[-48.516929,-21.792193],[-48.5051195,-21.7953234],[-48.5026799,-21.7854368],[-48.4973256,-21.7863637],[-48.4967551,-21.7911063],[-48.4860853,-21.7861849],[-48.483659,-21.778837],[-48.470256,-21.7771695],[-48.4715407,-21.771559],[-48.4656669,-21.7600712],[-48.4532407,-21.757906],[-48.4482191,-21.7531588],[-48.4494893,-21.7458308],[-48.4414731,-21.7366813],[-48.4444152,-21.7237148],[-48.4378803,-21.7234819],[-48.4117483,-21.7070025],[-48.4022169,-21.7103928],[-48.3909602,-21.7033196],[-48.3774634,-21.7024682],[-48.3708064,-21.6969334],[-48.3587087,-21.6959308],[-48.3461105,-21.6895099],[-48.3435213,-21.6931315],[-48.3299353,-21.6974604],[-48.3168014,-21.6907232],[-48.3051459,-21.690343],[-48.3004977,-21.6768865],[-48.2832427,-21.6624088],[-48.2729873,-21.6487733],[-48.2718858,-21.6203392],[-48.2852428,-21.5967781],[-48.279027,-21.5796194],[-48.2601627,-21.5515219],[-48.2596937,-21.5382883],[-48.2634391,-21.5342594],[-48.2581195,-21.5244427],[-48.259355,-21.512871],[-48.2521055,-21.5037162],[-48.2392182,-21.5003541],[-48.233157,-21.4786695],[-48.2345306,-21.4734726],[-48.196704,-21.4644405],[-48.1815808,-21.4477508],[-48.1778485,-21.4375725],[-48.1678399,-21.4387866],[-48.1638286,-21.4355299],[-48.1620699,-21.4375831],[-48.1580918,-21.4326279],[-48.1454322,-21.4298727],[-48.143567,-21.4266229],[-48.1313833,-21.4314424],[-48.1295657,-21.4361563],[-48.1176433,-21.435117],[-48.1122412,-21.4254798],[-48.1135027,-21.4205857],[-48.1090493,-21.4282793],[-48.1090686,-21.4444584],[-48.1037043,-21.4485427],[-48.1030204,-21.453482],[-48.0820824,-21.4615721],[-48.0850397,-21.4687248],[-48.0774152,-21.4704532],[-48.07427,-21.4792385],[-48.0717646,-21.4784916],[-48.0720532,-21.4740487],[-48.068725,-21.479856],[-48.057302,-21.475272],[-48.05812,-21.479398],[-48.054209,-21.481364],[-48.055355,-21.489226],[-48.0444692,-21.4940867],[-48.0510604,-21.4955506],[-48.0519956,-21.4995637],[-48.0386583,-21.5046247],[-48.0430701,-21.5100341],[-48.0422279,-21.5156526],[-48.0283103,-21.5135427],[-48.0318472,-21.5191542],[-48.0280289,-21.5226425],[-48.0331044,-21.5266131],[-48.026405,-21.5300392],[-48.027869,-21.5388054],[-48.0172817,-21.5396168],[-48.0172938,-21.5334986],[-48.012026,-21.5331746],[-48.0147212,-21.5420494],[-48.0058357,-21.5445283],[-48.0091346,-21.5598889],[-47.9956646,-21.5614883],[-47.9984681,-21.5685158],[-47.9947416,-21.5646317],[-47.9909643,-21.5656661],[-47.9891022,-21.5770982],[-47.9950708,-21.5769483],[-48.0003176,-21.5808476],[-47.9936792,-21.5794748],[-47.9937681,-21.584533],[-47.9897362,-21.5850319],[-47.9921896,-21.5889961],[-47.9878226,-21.5898986],[-47.9907509,-21.595588],[-47.9841829,-21.5954501],[-47.9824212,-21.5866129],[-47.9817123,-21.5928082],[-47.9776233,-21.5912754],[-47.964246,-21.5982622],[-47.9551815,-21.5905472],[-47.950138,-21.5983995],[-47.9422669,-21.5981129],[-47.9459342,-21.5917621],[-47.9377332,-21.5931662],[-47.9415666,-21.5875131],[-47.9341461,-21.586953],[-47.9384189,-21.579503],[-47.9334895,-21.5799876],[-47.9243536,-21.573099],[-47.923307,-21.5845991],[-47.9183009,-21.5833362],[-47.9131682,-21.5893084],[-47.9050099,-21.5794817],[-47.9024988,-21.5801432],[-47.9047128,-21.5840838],[-47.9004992,-21.5894707],[-47.8998308,-21.5815189],[-47.8967232,-21.5870502],[-47.8897108,-21.5819865],[-47.8850768,-21.586201],[-47.8861132,-21.5905954],[-47.8818509,-21.589278],[-47.8781066,-21.5948021],[-47.8809941,-21.5982369],[-47.8713402,-21.6030018],[-47.8712162,-21.6060516],[-47.879504,-21.6081343],[-47.8803398,-21.6116975],[-47.8723227,-21.6104184],[-47.8693891,-21.6158257],[-47.8689538,-21.610785],[-47.8631494,-21.6116134],[-47.8591905,-21.6162175],[-47.8708173,-21.6287867],[-47.8729027,-21.6396287],[-47.8973806,-21.6718568],[-47.9017332,-21.6765679],[-47.9107481,-21.6787539],[-47.9168735,-21.6866397],[-47.9210328,-21.7191124],[-47.9567094,-21.7311254],[-47.967007,-21.7400818],[-47.952472,-21.7543269],[-47.9469135,-21.7660343],[-47.945938,-21.7774119],[-47.9471828,-21.7831914],[-47.971401,-21.8083659],[-47.9688539,-21.8200079],[-47.9742225,-21.8374276],[-47.9917989,-21.8497407],[-47.9925143,-21.8587159],[-47.9818124,-21.8581509],[-47.9763406,-21.8686299],[-47.9888548,-21.8728844],[-47.9890323,-21.8765177],[-47.9987532,-21.883115],[-48.013418,-21.8872518],[-48.02493,-21.8802819],[-48.0328398,-21.8683874],[-48.034287,-21.8593836],[-48.038164,-21.8585374],[-48.0408102,-21.8631377],[-48.039698,-21.8730334],[-48.0473687,-21.8934062],[-48.0463936,-21.9050674],[-48.0684102,-21.9054911],[-48.0607821,-21.9204644],[-48.0647685,-21.9278999],[-48.0634618,-21.9352764],[-48.0677468,-21.9431814],[-48.067661,-21.9520601],[-48.0935192,-21.9539362],[-48.1038519,-21.9517985],[-48.1165611,-21.9606785],[-48.1435775,-21.9608439],[-48.1665577,-21.9724065],[-48.171996,-21.9700724],[-48.1740784,-21.9634844],[-48.1867625,-21.9673574],[-48.1907592,-21.9589255],[-48.1966125,-21.9560311],[-48.1957303,-21.9471276],[-48.2015534,-21.9430792],[-48.2041436,-21.9293786],[-48.210354,-21.9313691],[-48.2213439,-21.92188],[-48.228939,-21.9258185],[-48.2450338,-21.8939098],[-48.2536232,-21.8928517],[-48.2607755,-21.9131484],[-48.2889966,-21.9537429],[-48.2808078,-21.9623524],[-48.2841611,-21.9802543],[-48.2767209,-21.9808473],[-48.2758198,-21.9833265],[-48.2812871,-21.9897047],[-48.2914969,-21.9897475],[-48.3019818,-22.0058719]]]}},{"type":"Feature","id":"35032","properties":{"cd_regiao_saude":"35032","nm_regiao_saude":"CORACAO DO DRS III","cd_macrorregiao_saude":"3535","nm_macrorregiao_saude":"RRAS18","qt_municipio":6,"qt_populacao_ibge_2022":390525},"geometry":{"type":"Polygon","coordinates":[[[-48.3482116,-22.0469509],[-48.3227155,-22.0781211],[-48.2985848,-22.0637374],[-48.304577,-22.0546747],[-48.3072961,-22.0327957],[-48.297308,-22.0096577],[-48.3020878,-22.0056209],[-48.2914969,-21.9897475],[-48.2812871,-21.9897047],[-48.2756293,-21.9824273],[-48.2841611,-21.9802543],[-48.2808078,-21.9623524],[-48.2889966,-21.9537429],[-48.2607755,-21.9131484],[-48.2546201,-21.8931545],[-48.2450338,-21.8939098],[-48.228939,-21.9258185],[-48.2213439,-21.92188],[-48.210354,-21.9313691],[-48.2041436,-21.9293786],[-48.2015534,-21.9430792],[-48.1957303,-21.9471276],[-48.1966125,-21.9560311],[-48.1907592,-21.9589255],[-48.1871896,-21.9670774],[-48.1740784,-21.9634844],[-48.171996,-21.9700724],[-48.1665577,-21.9724065],[-48.1435775,-21.9608439],[-48.1165611,-21.9606785],[-48.1038519,-21.9517985],[-48.0935192,-21.9539362],[-48.067661,-21.9520601],[-48.0677468,-21.9431814],[-48.0634618,-21.9352764],[-48.0647685,-21.9278999],[-48.0607821,-21.9204644],[-48.0684102,-21.9054911],[-48.0463936,-21.9050674],[-48.0473687,-21.8934062],[-48.039698,-21.8730334],[-48.0408102,-21.8631377],[-48.038164,-21.8585374],[-48.034287,-21.8593836],[-48.0328398,-21.8683874],[-48.02493,-21.8802819],[-48.013418,-21.8872518],[-47.9987532,-21.883115],[-47.9890323,-21.8765177],[-47.9888548,-21.8728844],[-47.9768547,-21.8691604],[-47.9818124,-21.8581509],[-47.9925143,-21.8587159],[-47.9917989,-21.8497407],[-47.9742225,-21.8374276],[-47.9688539,-21.8200079],[-47.971401,-21.8083659],[-47.9471828,-21.7831914],[-47.945938,-21.7774119],[-47.9469135,-21.7660343],[-47.952472,-21.7543269],[-47.967007,-21.7400818],[-47.9567094,-21.7311254],[-47.9210328,-21.7191124],[-47.9168735,-21.6866397],[-47.9101661,-21.6783144],[-47.9010495,-21.6761346],[-47.8794905,-21.6491924],[-47.8729027,-21.6396287],[-47.8708173,-21.6287867],[-47.8593587,-21.616721],[-47.8628295,-21.6146496],[-47.8644627,-21.6069157],[-47.8561771,-21.6078183],[-47.8539272,-21.6041454],[-47.8582894,-21.6013289],[-47.8535392,-21.5974283],[-47.8499626,-21.5998159],[-47.8462563,-21.597968],[-47.8399135,-21.6067898],[-47.8404799,-21.6003301],[-47.8371443,-21.6045194],[-47.830075,-21.6014573],[-47.8339686,-21.6144414],[-47.8309203,-21.6160007],[-47.8258602,-21.6123479],[-47.818556,-21.6147668],[-47.8177635,-21.6249562],[-47.8111445,-21.631409],[-47.8018662,-21.6318814],[-47.8018918,-21.635189],[-47.8068276,-21.6355115],[-47.8118218,-21.6483938],[-47.8181783,-21.6469522],[-47.8256114,-21.6533544],[-47.8259741,-21.6567015],[-47.8169278,-21.662542],[-47.830578,-21.6694623],[-47.8122673,-21.6793154],[-47.8121742,-21.6898346],[-47.8169971,-21.6954337],[-47.8118596,-21.6991117],[-47.7956533,-21.6946267],[-47.7865442,-21.6998294],[-47.7814301,-21.6916109],[-47.7681522,-21.6914638],[-47.7501621,-21.7014143],[-47.7453391,-21.709301],[-47.73413,-21.7142784],[-47.7217836,-21.7059499],[-47.7052003,-21.7206835],[-47.6814804,-21.7157865],[-47.6768027,-21.7219981],[-47.6786319,-21.7330648],[-47.6671571,-21.7426131],[-47.6473168,-21.7372218],[-47.6449198,-21.7264509],[-47.6363767,-21.7250528],[-47.6315089,-21.7269103],[-47.6299822,-21.7340875],[-47.6241743,-21.7342715],[-47.6235415,-21.7404543],[-47.6145602,-21.7512275],[-47.6157357,-21.7434446],[-47.6080866,-21.7457752],[-47.5879147,-21.7345253],[-47.5819739,-21.7418515],[-47.5790233,-21.7672451],[-47.5714905,-21.7744137],[-47.5698608,-21.7843349],[-47.5580577,-21.788065],[-47.5415925,-21.8024013],[-47.5305229,-21.7979241],[-47.5107459,-21.8081911],[-47.4871544,-21.795934],[-47.4826971,-21.789564],[-47.4740613,-21.7926424],[-47.4646275,-21.7854968],[-47.4510961,-21.7811727],[-47.440525,-21.7851285],[-47.4385429,-21.7808285],[-47.4437535,-21.7651608],[-47.4248063,-21.7556969],[-47.411402,-21.7626327],[-47.4090264,-21.7709233],[-47.3977845,-21.7729147],[-47.394305,-21.7673236],[-47.376635,-21.7771108],[-47.3668468,-21.7787012],[-47.3591863,-21.7859248],[-47.3514767,-21.80459],[-47.3351106,-21.8142571],[-47.3378367,-21.8215444],[-47.3348819,-21.8234621],[-47.3355256,-21.8287696],[-47.3382286,-21.8289186],[-47.3408302,-21.8383677],[-47.3861722,-21.8496713],[-47.3973809,-21.8576912],[-47.4040479,-21.8781118],[-47.3933869,-21.8877449],[-47.4023733,-21.8919959],[-47.3996556,-21.9032841],[-47.4056191,-21.9148394],[-47.4091997,-21.9135791],[-47.413743,-21.9177948],[-47.4193356,-21.9135954],[-47.4713181,-21.9154411],[-47.4864712,-21.922918],[-47.4974733,-21.9175658],[-47.5061627,-21.9349211],[-47.507794,-21.9332018],[-47.5242415,-21.9435234],[-47.5354037,-21.9556534],[-47.5435693,-21.9797388],[-47.5807023,-21.9891427],[-47.5826912,-21.9949343],[-47.5749413,-22.0177035],[-47.5794538,-22.0213236],[-47.5811421,-22.0323016],[-47.6007475,-22.0515968],[-47.6089304,-22.0519536],[-47.6174209,-22.0454414],[-47.6175271,-22.041727],[-47.6222461,-22.041527],[-47.636384,-22.0550823],[-47.6433933,-22.0519314],[-47.6515759,-22.0542641],[-47.6580761,-22.0517978],[-47.6689334,-22.0394332],[-47.6683226,-22.0334405],[-47.6756493,-22.0130511],[-47.6916703,-22.0272274],[-47.6976277,-22.027854],[-47.7010436,-22.0341053],[-47.7212402,-22.0367366],[-47.7387729,-22.0534043],[-47.7449148,-22.0554329],[-47.7481812,-22.0638083],[-47.7461916,-22.0782549],[-47.7511179,-22.0792374],[-47.7526353,-22.0899384],[-47.7633202,-22.0876908],[-47.7898323,-22.0978222],[-47.7873953,-22.1138395],[-47.8000766,-22.1285126],[-47.8083563,-22.1324514],[-47.8112646,-22.1404822],[-47.8092484,-22.1483783],[-47.8156785,-22.15474],[-47.8148872,-22.1613425],[-47.8204799,-22.1596857],[-47.8221418,-22.152098],[-47.8308129,-22.1481933],[-47.8515759,-22.15653],[-47.8573046,-22.1561694],[-47.8620609,-22.1506619],[-47.8755932,-22.1585126],[-47.8867843,-22.1524271],[-47.8872607,-22.157888],[-47.8919755,-22.1536497],[-47.8971055,-22.1600737],[-47.9143312,-22.1496599],[-47.9197894,-22.1506999],[-47.9285365,-22.1396625],[-47.9275407,-22.1311259],[-47.9321805,-22.1277815],[-47.9313686,-22.1246055],[-47.9473797,-22.1111237],[-47.9620776,-22.1161217],[-47.9637889,-22.1133115],[-47.9674413,-22.114184],[-47.9704161,-22.1189432],[-47.9745688,-22.118999],[-47.9751978,-22.114725],[-47.9778557,-22.1158971],[-47.9807466,-22.1125019],[-47.9840771,-22.1147538],[-47.9828443,-22.1169765],[-47.9931125,-22.1160056],[-47.9985231,-22.1101328],[-47.9987561,-22.1041865],[-48.0105902,-22.0968657],[-48.0224662,-22.0799139],[-48.0265796,-22.0769278],[-48.0362303,-22.0781358],[-48.0448721,-22.0732246],[-48.0479766,-22.0779394],[-48.0436928,-22.0884153],[-48.0460382,-22.1032175],[-48.0437203,-22.1288703],[-48.0578181,-22.1507292],[-48.0655426,-22.1498542],[-48.0802878,-22.1570296],[-48.1047199,-22.1800811],[-48.1166988,-22.1786481],[-48.1195979,-22.1827244],[-48.1347001,-22.183235],[-48.1385466,-22.179085],[-48.1758824,-22.1664176],[-48.1818987,-22.1550681],[-48.1986225,-22.1480414],[-48.2158414,-22.1588242],[-48.2444883,-22.1590627],[-48.2559536,-22.1546405],[-48.2550345,-22.1630342],[-48.2447856,-22.177898],[-48.2554989,-22.1772074],[-48.269511,-22.181578],[-48.2742852,-22.1922895],[-48.2867399,-22.1891464],[-48.3085713,-22.1921565],[-48.314972,-22.1987684],[-48.3160834,-22.1939783],[-48.3228223,-22.1935609],[-48.3233927,-22.189137],[-48.3310941,-22.1891018],[-48.3329294,-22.1846569],[-48.3432303,-22.1806768],[-48.3457144,-22.1713639],[-48.3530112,-22.1709157],[-48.3554797,-22.1668144],[-48.3621438,-22.1647862],[-48.3681536,-22.1647043],[-48.3716821,-22.1681807],[-48.3759224,-22.1622608],[-48.3874387,-22.1596196],[-48.3859878,-22.1530514],[-48.3925602,-22.1518106],[-48.3900898,-22.1479434],[-48.3953911,-22.1475066],[-48.3921926,-22.1388177],[-48.3972919,-22.1333196],[-48.3951179,-22.1212485],[-48.397692,-22.1165756],[-48.3945657,-22.1145581],[-48.3982238,-22.1142926],[-48.3957803,-22.1120284],[-48.4032658,-22.1079516],[-48.4020238,-22.1025534],[-48.4086971,-22.0941042],[-48.4137089,-22.093653],[-48.4150818,-22.0893311],[-48.422473,-22.0941456],[-48.4244179,-22.0899439],[-48.4325213,-22.0884199],[-48.4335011,-22.0836983],[-48.4359286,-22.0840533],[-48.4338502,-22.0776773],[-48.4389589,-22.0782969],[-48.4383204,-22.0748516],[-48.4448687,-22.0739167],[-48.446207,-22.0709883],[-48.4422441,-22.0612356],[-48.4252607,-22.0667369],[-48.4181741,-22.0625884],[-48.4088665,-22.0501615],[-48.3944674,-22.0434062],[-48.3685691,-22.0555855],[-48.3662367,-22.0524115],[-48.3482116,-22.0469509]]]}},{"type":"Feature","id":"35033","properties":{"cd_regiao_saude":"35033","nm_regiao_saude":"NOROESTE DO DRS III","cd_macrorregiao_saude":"3535","nm_macrorregiao_saude":"RRAS18","qt_municipio":10,"qt_populacao_ibge_2022":286891},"geometry":{"type":"Polygon","coordinates":[[[-48.4448625,-21.7241527],[-48.4414731,-21.7366813],[-48.4494893,-21.7458308],[-48.4482191,-21.7531588],[-48.4532407,-21.757906],[-48.4656669,-21.7600712],[-48.4715407,-21.771559],[-48.470256,-21.7771695],[-48.483659,-21.778837],[-48.4860853,-21.7861849],[-48.4967551,-21.7911063],[-48.4973256,-21.7863637],[-48.5026799,-21.7854368],[-48.5051195,-21.7953234],[-48.516929,-21.792193],[-48.5400339,-21.7965676],[-48.559008,-21.8156815],[-48.5858459,-21.8278958],[-48.5948282,-21.8290588],[-48.5959343,-21.8490919],[-48.6007887,-21.8462689],[-48.605325,-21.8484945],[-48.6052967,-21.8445641],[-48.6085077,-21.8459201],[-48.6090348,-21.8436165],[-48.6164392,-21.8456886],[-48.618385,-21.8401903],[-48.6324251,-21.8438709],[-48.6316727,-21.839124],[-48.6362243,-21.8359873],[-48.6400669,-21.8393596],[-48.6465406,-21.8371796],[-48.6477027,-21.8405032],[-48.6503796,-21.8357485],[-48.653226,-21.8361633],[-48.6551445,-21.8399107],[-48.6526268,-21.8410664],[-48.6577043,-21.841568],[-48.6578648,-21.8446372],[-48.6428971,-21.9057488],[-48.6688671,-21.9251957],[-48.6805025,-21.9273254],[-48.6884491,-21.9126172],[-48.696848,-21.9128821],[-48.6992976,-21.9102358],[-48.7052873,-21.9133143],[-48.7067876,-21.9095449],[-48.7210009,-21.90884],[-48.7200267,-21.9008447],[-48.7258526,-21.896708],[-48.726689,-21.8909989],[-48.7374291,-21.8903631],[-48.7359307,-21.8888041],[-48.7422561,-21.886715],[-48.7453761,-21.8895772],[-48.7547117,-21.883805],[-48.7617887,-21.8845319],[-48.7692715,-21.8928813],[-48.7738232,-21.892062],[-48.7793609,-21.895791],[-48.7853824,-21.8940156],[-48.7857551,-21.896408],[-48.7942292,-21.8917051],[-48.7989653,-21.8951534],[-48.7991009,-21.8923547],[-48.8066124,-21.8931052],[-48.8089529,-21.8906423],[-48.8098537,-21.8936222],[-48.8172212,-21.8905444],[-48.8208297,-21.892418],[-48.8218121,-21.8895926],[-48.8273341,-21.8929829],[-48.8306142,-21.8904202],[-48.835508,-21.8948865],[-48.8325588,-21.8948572],[-48.8329467,-21.8988052],[-48.839979,-21.89833],[-48.8408291,-21.9031343],[-48.8479384,-21.9098748],[-48.8654555,-21.9166727],[-48.8715254,-21.914458],[-48.8784398,-21.9211221],[-48.892171,-21.906657],[-48.9079893,-21.8663141],[-48.9180721,-21.8605359],[-48.969077,-21.8481691],[-48.9878402,-21.8320343],[-48.9884971,-21.815411],[-48.9619218,-21.7849945],[-48.9602298,-21.7717361],[-48.9648739,-21.7625345],[-48.9801409,-21.7589615],[-49.0191057,-21.7708073],[-49.0440737,-21.7742247],[-49.0762001,-21.7577145],[-49.1052112,-21.7506852],[-49.1157764,-21.7380304],[-49.1243023,-21.7202147],[-49.1395856,-21.7062882],[-49.1511203,-21.6832834],[-49.1502552,-21.6616497],[-49.1560843,-21.6535178],[-49.1694039,-21.6461119],[-49.1883414,-21.6473355],[-49.2079592,-21.6555508],[-49.2100702,-21.6668547],[-49.2144241,-21.6716427],[-49.2274006,-21.6595359],[-49.2412026,-21.6227381],[-49.2309799,-21.6208524],[-49.2184286,-21.6043058],[-49.2122184,-21.6048151],[-49.2014754,-21.5974954],[-49.1874622,-21.595947],[-49.1801263,-21.5911358],[-49.1765163,-21.5772097],[-49.1656661,-21.5704887],[-49.1636944,-21.5606996],[-49.1547551,-21.5543947],[-49.1544912,-21.541224],[-49.1493074,-21.5289358],[-49.139283,-21.5256706],[-49.1330823,-21.5163801],[-49.1184533,-21.5154724],[-49.1141409,-21.4987171],[-49.0958366,-21.4825548],[-49.0871378,-21.4662836],[-49.0821645,-21.4645337],[-49.0724786,-21.4768467],[-49.050805,-21.489542],[-49.0409596,-21.4915729],[-49.0384967,-21.4848072],[-49.0196104,-21.4824315],[-48.9932583,-21.4562635],[-48.9829612,-21.4553805],[-48.9865484,-21.4382734],[-48.9810953,-21.4160501],[-48.9700415,-21.425148],[-48.9492886,-21.425989],[-48.94574,-21.4126159],[-48.9483302,-21.3991662],[-48.9027133,-21.3710533],[-48.8987952,-21.3711751],[-48.8901558,-21.3857375],[-48.8766187,-21.3934079],[-48.8527412,-21.3928493],[-48.8491882,-21.3904399],[-48.8381764,-21.395534],[-48.8360673,-21.3927607],[-48.8238967,-21.4079771],[-48.8046092,-21.4130785],[-48.7942132,-21.4087816],[-48.7909314,-21.4180082],[-48.7735605,-21.4276336],[-48.7568576,-21.4240061],[-48.7534758,-21.4205062],[-48.7473567,-21.4238789],[-48.7329608,-21.4176186],[-48.723061,-21.419459],[-48.713666,-21.3975408],[-48.7028542,-21.3929211],[-48.6931341,-21.3948866],[-48.6887536,-21.3926985],[-48.6847235,-21.3883368],[-48.6834465,-21.3769638],[-48.676797,-21.3616955],[-48.6700307,-21.3543658],[-48.6697439,-21.3376534],[-48.6625145,-21.3340676],[-48.6626322,-21.3251392],[-48.6541233,-21.3160163],[-48.6525935,-21.2992452],[-48.6465706,-21.2953904],[-48.6399537,-21.3020207],[-48.633037,-21.303619],[-48.619297,-21.2869331],[-48.6119808,-21.2930709],[-48.6039324,-21.3150493],[-48.588362,-21.3151513],[-48.5858849,-21.3242655],[-48.5767212,-21.3302365],[-48.5773257,-21.3397412],[-48.5738558,-21.3416838],[-48.5650267,-21.337878],[-48.5530704,-21.3390091],[-48.54547,-21.3517355],[-48.5377098,-21.3541064],[-48.5266974,-21.3517635],[-48.51394,-21.3443594],[-48.4945003,-21.3472561],[-48.4851402,-21.334683],[-48.4784821,-21.3317695],[-48.4745309,-21.3380442],[-48.4510234,-21.3465889],[-48.4381134,-21.3428155],[-48.4324514,-21.3362565],[-48.4332994,-21.3249622],[-48.4268243,-21.3186527],[-48.4167073,-21.3204217],[-48.3914934,-21.3169049],[-48.3785523,-21.3247803],[-48.3696323,-21.3215293],[-48.3517057,-21.3211564],[-48.3416479,-21.3316636],[-48.3365434,-21.3314852],[-48.3342369,-21.348138],[-48.3233455,-21.3573017],[-48.3118164,-21.3607467],[-48.3358396,-21.3852449],[-48.3371411,-21.4263545],[-48.3272504,-21.4262596],[-48.3079315,-21.4357439],[-48.2862354,-21.4365476],[-48.2825552,-21.4812972],[-48.2346529,-21.4737504],[-48.233157,-21.4786695],[-48.2392182,-21.5003541],[-48.2521055,-21.5037162],[-48.259355,-21.512871],[-48.2581195,-21.5244427],[-48.2634391,-21.5342594],[-48.2596937,-21.5382883],[-48.2601627,-21.5515219],[-48.279027,-21.5796194],[-48.2852428,-21.5967781],[-48.2718858,-21.6203392],[-48.2729873,-21.6487733],[-48.2832427,-21.6624088],[-48.3004977,-21.6768865],[-48.3047647,-21.6899556],[-48.3168014,-21.6907232],[-48.3299353,-21.6974604],[-48.3435213,-21.6931315],[-48.3461105,-21.6895099],[-48.3587087,-21.6959308],[-48.3708064,-21.6969334],[-48.3774634,-21.7024682],[-48.3909602,-21.7033196],[-48.4022169,-21.7103928],[-48.4117483,-21.7070025],[-48.4378803,-21.7234819],[-48.4448625,-21.7241527]]]}},{"type":"Feature","id":"35041","properties":{"cd_regiao_saude":"35041","nm_regiao_saude":"BAIXADA SANTISTA","cd_macrorregiao_saude":"3520","nm_macrorregiao_saude":"RRAS7","qt_municipio":9,"qt_populacao_ibge_2022":1805531},"geometry":{"type":"MultiPolygon","coordinates":[[[[-47.0311941,-24.4284103],[-47.0312876,-24.4287807],[-47.03134,-24.4284953],[-47.0311941,-24.4284103]]],[[[-46.9937817,-24.4114233],[-46.9943319,-24.4110311],[-46.9935023,-24.4110835],[-46.9937817,-24.4114233]]],[[[-47.0005784,-24.4084642],[-47.0022766,-24.4106222],[-47.0034165,-24.4097504],[-47.0005784,-24.4084642]]],[[[-46.9995119,-24.4080353],[-46.9994886,-24.408544],[-46.9996753,-24.4084896],[-46.9995119,-24.4080353]]],[[[-47.0075912,-24.396463],[-47.0073954,-24.3961086],[-47.0072498,-24.3962908],[-47.0075912,-24.396463]]],[[[-46.988281,-24.3840268],[-46.9864057,-24.3845064],[-46.9885259,-24.3853104],[-46.988281,-24.3840268]]],[[[-46.986879,-24.3794379],[-46.9845981,-24.3824206],[-46.9875936,-24.381542],[-46.986879,-24.3794379]]],[[[-46.8053414,-24.3745644],[-46.8080206,-24.3759439],[-46.8079535,-24.3744092],[-46.8053414,-24.3745644]]],[[[-46.8051038,-24.3747446],[-46.8039607,-24.3752986],[-46.8048921,-24.3753621],[-46.8051038,-24.3747446]]],[[[-47.0050852,-24.3678381],[-47.0049403,-24.3672837],[-47.0045602,-24.3676185],[-47.0050852,-24.3678381]]],[[[-46.9795811,-24.3605287],[-46.9809284,-24.3627634],[-46.981175,-24.3616134],[-46.9795811,-24.3605287]]],[[[-46.9996407,-24.3494423],[-46.9995414,-24.3495746],[-46.9997924,-24.3495239],[-46.9996407,-24.3494423]]],[[[-46.9100558,-24.2607392],[-46.9718344,-24.3050536],[-47.0018676,-24.3355963],[-47.0002809,-24.3489669],[-46.9988714,-24.3508224],[-46.996,-24.3505244],[-47.0024817,-24.3620659],[-47.0182394,-24.3788361],[-47.0163207,-24.3873831],[-47.0084794,-24.3886584],[-47.0108162,-24.3903724],[-47.0093668,-24.3966336],[-47.0012903,-24.398262],[-47.0050135,-24.401638],[-47.0037122,-24.4094793],[-47.0093206,-24.4101723],[-47.0083732,-24.4145193],[-47.0153451,-24.41247],[-47.021475,-24.4170075],[-47.0202683,-24.4199844],[-47.0250375,-24.4249613],[-47.0469364,-24.429932],[-47.0778999,-24.4482045],[-47.081262,-24.434134],[-47.085798,-24.430656],[-47.093662,-24.435518],[-47.111814,-24.426003],[-47.117723,-24.417633],[-47.113024,-24.401402],[-47.100646,-24.391469],[-47.113164,-24.385945],[-47.110998,-24.382551],[-47.116412,-24.376719],[-47.114169,-24.371698],[-47.119904,-24.363228],[-47.109576,-24.351163],[-47.095877,-24.353939],[-47.074852,-24.343133],[-47.064427,-24.343805],[-47.062858,-24.33794],[-47.056179,-24.338758],[-47.044991,-24.334389],[-47.034559,-24.321466],[-47.02109,-24.283267],[-47.040291,-24.273634],[-47.049021,-24.276624],[-47.057077,-24.264199],[-47.048489,-24.252219],[-47.049532,-24.249748],[-47.044411,-24.249101],[-47.046278,-24.245273],[-47.043439,-24.23924],[-47.038629,-24.233732],[-47.031276,-24.231723],[-47.029131,-24.219847],[-47.039449,-24.222053],[-47.042903,-24.21671],[-47.05943,-24.211136],[-47.070759,-24.195226],[-47.065046,-24.192314],[-47.064635,-24.186969],[-47.041989,-24.177097],[-47.040858,-24.170454],[-47.031041,-24.157625],[-47.033756,-24.14717],[-47.013115,-24.141195],[-47.010285,-24.13189],[-47.005417,-24.127745],[-46.991943,-24.122041],[-46.98604,-24.125114],[-46.978373,-24.122425],[-46.972113,-24.113507],[-46.96831,-24.107476],[-46.969428,-24.09255],[-46.978674,-24.086384],[-46.978197,-24.081171],[-46.983198,-24.074137],[-46.9767572,-24.0625493],[-46.9646748,-24.0583943],[-46.9678102,-24.0447305],[-46.9461481,-24.0436057],[-46.945842,-24.0405744],[-46.9397077,-24.0387635],[-46.9418975,-24.0363666],[-46.9362067,-24.0333867],[-46.9326489,-24.0422043],[-46.9282027,-24.0450112],[-46.9113159,-24.0415283],[-46.9084243,-24.0450169],[-46.9003413,-24.0461444],[-46.897926,-24.0415778],[-46.8893107,-24.0385925],[-46.8882322,-24.0367373],[-46.8930081,-24.0342443],[-46.8854556,-24.0285872],[-46.8853132,-24.0243842],[-46.8718671,-24.0238795],[-46.8676694,-24.0191746],[-46.8733135,-24.0161061],[-46.8684858,-24.0096306],[-46.8691756,-24.0007157],[-46.871035,-23.9985732],[-46.8751178,-24.0018095],[-46.8830399,-23.9895682],[-46.8825104,-23.9839614],[-46.8553134,-23.9734973],[-46.8485597,-23.9650661],[-46.839589,-23.9620097],[-46.8347854,-23.9562705],[-46.8262628,-23.958263],[-46.8230386,-23.9551592],[-46.8299233,-23.9473052],[-46.801268,-23.937847],[-46.793259,-23.943087],[-46.786695,-23.941589],[-46.781103,-23.948724],[-46.774172,-23.950344],[-46.775113,-23.956785],[-46.771454,-23.961221],[-46.764893,-23.961727],[-46.763051,-23.967872],[-46.754815,-23.973033],[-46.768084,-23.998664],[-46.774737,-24.002989],[-46.771199,-24.008186],[-46.763033,-24.006202],[-46.755048,-23.996783],[-46.743319,-23.991892],[-46.7311,-23.995495],[-46.720858,-23.993002],[-46.714482,-23.996115],[-46.685133,-23.982397],[-46.675374,-23.989425],[-46.661937,-23.988102],[-46.649908,-24.001601],[-46.629209,-23.990858],[-46.633264,-23.987839],[-46.635757,-23.977462],[-46.629636,-23.973185],[-46.6158197,-23.9672882],[-46.6125394,-23.9699316],[-46.600287,-23.963557],[-46.59493,-23.965226],[-46.580286,-23.95577],[-46.577193,-23.956873],[-46.571346,-23.952489],[-46.569671,-23.946789],[-46.565787,-23.953836],[-46.556447,-23.94152],[-46.552174,-23.940403],[-46.548273,-23.929731],[-46.521284,-23.912255],[-46.519947,-23.905342],[-46.503783,-23.90478],[-46.497423,-23.901473],[-46.4878765,-23.8847019],[-46.482613,-23.885704],[-46.469376,-23.872928],[-46.465828,-23.861013],[-46.458621,-23.866136],[-46.454552,-23.853909],[-46.441107,-23.847307],[-46.439012,-23.839832],[-46.443865,-23.841],[-46.438829,-23.831359],[-46.444515,-23.829133],[-46.437404,-23.829302],[-46.43417,-23.824055],[-46.426594,-23.825273],[-46.405708,-23.812308],[-46.396052,-23.811778],[-46.394332,-23.81436],[-46.389392,-23.809906],[-46.383397,-23.809644],[-46.377598,-23.804134],[-46.373327,-23.79546],[-46.37707,-23.793588],[-46.372387,-23.789711],[-46.367435,-23.792489],[-46.354444,-23.791472],[-46.353628,-23.788484],[-46.345174,-23.78746],[-46.338191,-23.781535],[-46.320324,-23.785135],[-46.320292,-23.803097],[-46.316528,-23.801996],[-46.273713,-23.76611],[-46.257983,-23.766186],[-46.255655,-23.759957],[-46.248858,-23.756896],[-46.247877,-23.746289],[-46.238761,-23.735359],[-46.227006,-23.736976],[-46.217723,-23.744114],[-46.210245,-23.741721],[-46.208104,-23.751281],[-46.194087,-23.754228],[-46.186406,-23.744683],[-46.178418,-23.745672],[-46.176869,-23.735897],[-46.17035,-23.732328],[-46.165844,-23.734365],[-46.158596,-23.732221],[-46.155867,-23.736213],[-46.147793,-23.728265],[-46.131817,-23.724869],[-46.12612,-23.712895],[-46.122408,-23.714879],[-46.122657,-23.718727],[-46.118191,-23.715766],[-46.113919,-23.717801],[-46.103825,-23.711662],[-46.101615,-23.722723],[-46.096977,-23.725851],[-46.107178,-23.731061],[-46.102395,-23.736325],[-46.06774,-23.729039],[-46.065133,-23.722336],[-46.056949,-23.716064],[-46.030912,-23.720115],[-46.008499,-23.708677],[-45.992233,-23.705579],[-45.976513,-23.694006],[-45.96951,-23.696946],[-45.955037,-23.694133],[-45.956626,-23.700566],[-45.936097,-23.701209],[-45.919764,-23.688433],[-45.924412,-23.681334],[-45.918171,-23.677571],[-45.915062,-23.66556],[-45.905644,-23.664311],[-45.899555,-23.655856],[-45.887063,-23.657272],[-45.883038,-23.653312],[-45.873196,-23.652619],[-45.87005,-23.655171],[-45.862744,-23.652066],[-45.857677,-23.655257],[-45.854684,-23.646661],[-45.850657,-23.64772],[-45.849843,-23.643861],[-45.845081,-23.643627],[-45.841985,-23.648469],[-45.833932,-23.648403],[-45.831143,-23.651562],[-45.833131,-23.656377],[-45.831052,-23.663119],[-45.838004,-23.669133],[-45.832609,-23.669918],[-45.830231,-23.67475],[-45.798179,-23.6754],[-45.794071,-23.680083],[-45.799601,-23.693111],[-45.794878,-23.715684],[-45.8424023,-23.758196],[-45.8983204,-23.7653529],[-45.972647,-23.7853503],[-45.9905798,-23.7929746],[-45.9928466,-23.800275],[-45.9977578,-23.8032109],[-46.008131,-23.8002687],[-46.0342637,-23.8105568],[-46.0393421,-23.8177878],[-46.0349849,-23.8213965],[-46.0470781,-23.8320343],[-46.0515922,-23.8293085],[-46.0449883,-23.8253827],[-46.048271,-23.8188906],[-46.0574811,-23.8143373],[-46.0662216,-23.8145953],[-46.1006122,-23.8277195],[-46.1283974,-23.8440863],[-46.1331326,-23.8580087],[-46.1257431,-23.8570232],[-46.1238255,-23.8607711],[-46.1363269,-23.8681126],[-46.1408725,-23.8808439],[-46.13816,-23.8901131],[-46.1481776,-23.8937757],[-46.1520958,-23.9011256],[-46.1505823,-23.9058546],[-46.1461764,-23.9057761],[-46.1557287,-23.9092562],[-46.160651,-23.9065103],[-46.1788713,-23.9241838],[-46.1783541,-23.9390277],[-46.1738656,-23.9415598],[-46.1683385,-23.9377364],[-46.1655934,-23.9441573],[-46.1604111,-23.9455243],[-46.1670105,-23.9470072],[-46.1725675,-23.9578727],[-46.1819031,-23.9611759],[-46.1847043,-23.9653793],[-46.1872474,-23.9774306],[-46.1829807,-23.9915466],[-46.1912849,-23.9899399],[-46.200363,-23.9951111],[-46.2024904,-24.0006075],[-46.2077746,-23.998976],[-46.2027099,-23.9941285],[-46.2036661,-23.9913103],[-46.2119003,-23.9864078],[-46.2473976,-23.9938581],[-46.265198,-24.0040519],[-46.267444,-24.0090725],[-46.2629812,-24.014077],[-46.2693214,-24.0132468],[-46.2785663,-24.0204935],[-46.2781132,-24.036387],[-46.2819578,-24.0383807],[-46.2826157,-24.0430309],[-46.2889225,-24.0451509],[-46.2898211,-24.0398109],[-46.2868421,-24.0382563],[-46.2891507,-24.0366905],[-46.2847189,-24.0323852],[-46.2840787,-24.0264748],[-46.292123,-24.0231459],[-46.2908237,-24.0197051],[-46.2949655,-24.0159868],[-46.304562,-24.0194846],[-46.3111804,-24.0286648],[-46.3130021,-24.0208092],[-46.3192572,-24.0245976],[-46.3246677,-24.0215655],[-46.3211965,-23.9987904],[-46.3132824,-23.9982566],[-46.305666,-23.9911797],[-46.3174591,-23.9790532],[-46.3323278,-23.9727232],[-46.3577438,-23.9709544],[-46.3686878,-23.9748571],[-46.3688866,-23.9818823],[-46.3724888,-23.9801829],[-46.3717254,-23.9749121],[-46.3750837,-23.9699367],[-46.3817174,-23.9707198],[-46.388745,-23.9762894],[-46.3809778,-23.9772579],[-46.3788045,-23.9841744],[-46.3745129,-23.9867275],[-46.377996,-23.9937819],[-46.3917937,-23.9983834],[-46.3887455,-24.0052262],[-46.3922537,-24.0079496],[-46.3911558,-24.0129819],[-46.3836651,-24.0184344],[-46.3901253,-24.0170088],[-46.3902681,-24.0238268],[-46.3989054,-24.0335191],[-46.4017174,-24.0321703],[-46.3998782,-24.0188237],[-46.4081497,-24.0158424],[-46.4248092,-24.0166916],[-46.4650745,-24.0274363],[-46.5203696,-24.050472],[-46.6350914,-24.1044789],[-46.6953364,-24.13628],[-46.7888464,-24.1872458],[-46.8048125,-24.2003588],[-46.8202926,-24.2042434],[-46.9100558,-24.2607392]]],[[[-46.8910387,-24.2541179],[-46.8900403,-24.2540404],[-46.8895167,-24.2544552],[-46.8910387,-24.2541179]]],[[[-46.6759474,-24.4758825],[-46.6713848,-24.4886632],[-46.6762472,-24.4919968],[-46.6779366,-24.4847055],[-46.6774336,-24.4779733],[-46.6759474,-24.4758825]]],[[[-46.6911045,-24.2370621],[-46.6902426,-24.2370562],[-46.690544,-24.2377243],[-46.6911045,-24.2370621]]],[[[-46.792059,-24.1940832],[-46.7924468,-24.1952267],[-46.7933028,-24.1937256],[-46.792059,-24.1940832]]],[[[-46.2710242,-24.0497252],[-46.2706519,-24.0498581],[-46.2710804,-24.0498812],[-46.2710242,-24.0497252]]],[[[-46.2628091,-24.0452908],[-46.2612123,-24.0527312],[-46.2673653,-24.0501582],[-46.2628091,-24.0452908]]],[[[-46.295001,-24.02848],[-46.2943337,-24.0274872],[-46.2939869,-24.0277565],[-46.295001,-24.02848]]],[[[-46.2921084,-24.0249218],[-46.2937256,-24.0253644],[-46.2921956,-24.0245568],[-46.2921084,-24.0249218]]],[[[-46.3249251,-24.0080305],[-46.3241577,-24.0093889],[-46.3254115,-24.0093892],[-46.3249251,-24.0080305]]],[[[-46.3678176,-23.9825383],[-46.3681955,-23.9820431],[-46.3676497,-23.9821012],[-46.3678176,-23.9825383]]],[[[-46.3527526,-23.9750978],[-46.3526077,-23.9732069],[-46.351363,-23.9731927],[-46.3527526,-23.9750978]]],[[[-46.1626537,-24.329218],[-46.1605911,-24.328407],[-46.1634218,-24.3310976],[-46.1626537,-24.329218]]],[[[-46.1828565,-24.3201047],[-46.1803491,-24.3197731],[-46.1833823,-24.3213209],[-46.1828565,-24.3201047]]],[[[-46.2167882,-24.0087402],[-46.2195524,-24.01045],[-46.2165306,-24.0075869],[-46.2167882,-24.0087402]]],[[[-46.2550544,-24.0009019],[-46.2543155,-24.0024837],[-46.2559402,-24.0012206],[-46.2550544,-24.0009019]]],[[[-46.1825445,-23.9711229],[-46.1813568,-23.9753375],[-46.1842285,-23.975038],[-46.1825445,-23.9711229]]],[[[-46.1771545,-23.9705528],[-46.1763641,-23.9697656],[-46.175801,-23.9699029],[-46.1771545,-23.9705528]]],[[[-46.1678292,-23.9663575],[-46.1658342,-23.9674094],[-46.1680772,-23.9677736],[-46.1678292,-23.9663575]]],[[[-46.170024,-23.9278382],[-46.1699521,-23.9270573],[-46.1695968,-23.9273295],[-46.170024,-23.9278382]]],[[[-46.1666905,-23.915239],[-46.1681107,-23.915898],[-46.1682921,-23.9147218],[-46.1666905,-23.915239]]],[[[-46.1359179,-23.8918529],[-46.1369286,-23.8933122],[-46.1375382,-23.892268],[-46.1359179,-23.8918529]]],[[[-46.12833,-23.8852399],[-46.1303912,-23.8848663],[-46.1292024,-23.8838367],[-46.12833,-23.8852399]]],[[[-46.1341866,-23.8720964],[-46.1357495,-23.8716675],[-46.1339,-23.8712628],[-46.1341866,-23.8720964]]],[[[-46.0260698,-23.8256462],[-46.0258932,-23.8269616],[-46.0267629,-23.8267032],[-46.0260698,-23.8256462]]]]}},{"type":"Feature","id":"35051","properties":{"cd_regiao_saude":"35051","nm_regiao_saude":"NORTE - BARRETOS","cd_macrorregiao_saude":"3530","nm_macrorregiao_saude":"RRAS13","qt_municipio":10,"qt_populacao_ibge_2022":285684},"geometry":{"type":"Polygon","coordinates":[[[-48.847895,-20.9108474],[-48.8550048,-20.9135292],[-48.8754512,-20.910013],[-48.8830294,-20.9130157],[-48.8874501,-20.9105668],[-48.8866159,-20.9048902],[-48.8969921,-20.902948],[-48.8997784,-20.8955295],[-48.9071156,-20.8922894],[-48.9037932,-20.8870054],[-48.9094608,-20.8815687],[-48.9132234,-20.8832437],[-48.9255613,-20.8761542],[-48.9296197,-20.8817892],[-48.9424877,-20.8834568],[-48.9478811,-20.8779754],[-48.9473372,-20.870824],[-48.9506089,-20.8670973],[-48.9560833,-20.868248],[-48.9840723,-20.8484825],[-49.0004307,-20.8483469],[-49.008272,-20.855238],[-49.0161368,-20.8544244],[-49.0343749,-20.8374588],[-49.041663,-20.835495],[-49.0466757,-20.8255851],[-49.0543309,-20.8225738],[-49.0548663,-20.8187513],[-49.0640545,-20.8122158],[-49.0840772,-20.813844],[-49.0930758,-20.8112961],[-49.0913665,-20.7892684],[-49.1052536,-20.7796619],[-49.0954672,-20.7670478],[-49.0954638,-20.7564883],[-49.0993513,-20.7475779],[-49.1056542,-20.7447151],[-49.1045586,-20.7425267],[-49.1106254,-20.742451],[-49.1084355,-20.739103],[-49.1147277,-20.737242],[-49.1183337,-20.739841],[-49.1217861,-20.7303306],[-49.1263923,-20.7267413],[-49.1263287,-20.7155675],[-49.1236096,-20.7134441],[-49.1270973,-20.71056],[-49.121952,-20.7028929],[-49.1242462,-20.6921289],[-49.1210766,-20.6835845],[-49.1296865,-20.6746685],[-49.1214414,-20.6668242],[-49.1300193,-20.6582417],[-49.1065712,-20.6516453],[-49.1249544,-20.6380795],[-49.1237932,-20.6315775],[-49.1160095,-20.6244565],[-49.1243166,-20.6231667],[-49.1241167,-20.6112752],[-49.1191804,-20.6010259],[-49.1249784,-20.5948495],[-49.1370012,-20.5936325],[-49.1335735,-20.5871021],[-49.1361142,-20.582828],[-49.1465889,-20.5821056],[-49.150301,-20.5761151],[-49.1615671,-20.5740435],[-49.1595462,-20.5721827],[-49.1683974,-20.5606008],[-49.1662632,-20.5548904],[-49.1682182,-20.5518128],[-49.2001451,-20.5357099],[-49.202517,-20.5294726],[-49.1888804,-20.5114581],[-49.2111655,-20.5026453],[-49.2138808,-20.4822043],[-49.21176,-20.4776556],[-49.2191761,-20.4714271],[-49.205054,-20.4668251],[-49.1810907,-20.4756935],[-49.1763233,-20.4743644],[-49.165104,-20.4594558],[-49.1527508,-20.4640196],[-49.142213,-20.4549518],[-49.1396211,-20.4577297],[-49.1441646,-20.4683289],[-49.1329289,-20.4639729],[-49.1228585,-20.4566844],[-49.1110522,-20.4248452],[-49.0996057,-20.4160735],[-49.0889594,-20.4189813],[-49.081414,-20.4084565],[-49.0851962,-20.3992663],[-49.0798146,-20.3937205],[-49.0755167,-20.3560444],[-49.090346,-20.3381512],[-49.0936309,-20.2895556],[-49.1207187,-20.2705282],[-49.0893002,-20.2121746],[-49.0674798,-20.1547435],[-49.0592211,-20.1511071],[-49.0244734,-20.1511496],[-49.0004263,-20.1607481],[-48.9840956,-20.1737217],[-48.9720232,-20.2077903],[-48.9617858,-20.2633012],[-48.965783,-20.2792918],[-48.9650002,-20.3288719],[-48.9680597,-20.3460769],[-48.9656668,-20.3628993],[-48.9703528,-20.3897905],[-48.9630303,-20.4031215],[-48.8982024,-20.4418731],[-48.8921333,-20.4407195],[-48.8786069,-20.4296692],[-48.8672304,-20.4024613],[-48.8692832,-20.3792756],[-48.8800304,-20.3483491],[-48.8756657,-20.3149986],[-48.8887604,-20.2948472],[-48.8865458,-20.2711626],[-48.8722273,-20.2418695],[-48.8592598,-20.2323061],[-48.8567586,-20.226884],[-48.8533641,-20.2130495],[-48.8578879,-20.1993435],[-48.8553925,-20.180144],[-48.8257432,-20.1619575],[-48.7811373,-20.1638525],[-48.7701125,-20.1618318],[-48.7537233,-20.1533683],[-48.7313411,-20.1493818],[-48.7071077,-20.1602172],[-48.6883637,-20.1636899],[-48.6742804,-20.1613536],[-48.6657523,-20.166201],[-48.6469257,-20.1670007],[-48.6267977,-20.1600896],[-48.6006412,-20.1397105],[-48.5782332,-20.131249],[-48.5546289,-20.130299],[-48.5002501,-20.1390285],[-48.4762218,-20.1347649],[-48.4516159,-20.1258737],[-48.4419912,-20.1317397],[-48.424598,-20.1536552],[-48.4209929,-20.1520115],[-48.4170868,-20.1414984],[-48.4077432,-20.1500889],[-48.3986868,-20.1358209],[-48.3899434,-20.1340202],[-48.3984081,-20.1537543],[-48.3950289,-20.1614186],[-48.3877221,-20.1515479],[-48.3794772,-20.152635],[-48.3757354,-20.1490026],[-48.3629551,-20.1480457],[-48.3605633,-20.1543447],[-48.3640416,-20.1595745],[-48.3752757,-20.1605993],[-48.376444,-20.1652695],[-48.3685603,-20.1703903],[-48.3601773,-20.1675796],[-48.3551111,-20.178766],[-48.3446017,-20.1864626],[-48.3351148,-20.1850435],[-48.3336189,-20.1770078],[-48.3246687,-20.1719474],[-48.3252923,-20.1583213],[-48.3185997,-20.1596784],[-48.3100484,-20.1543982],[-48.3142142,-20.1745557],[-48.3123044,-20.1823718],[-48.3166517,-20.1876781],[-48.3147989,-20.1961332],[-48.3026708,-20.2026532],[-48.2918315,-20.2022273],[-48.276683,-20.2072328],[-48.272682,-20.2177688],[-48.2698587,-20.2165847],[-48.2653251,-20.1990211],[-48.2612184,-20.1946602],[-48.2349845,-20.200561],[-48.2293975,-20.1985339],[-48.2279842,-20.2141494],[-48.2398452,-20.2202725],[-48.2443493,-20.2262908],[-48.2421375,-20.2288019],[-48.2263124,-20.228116],[-48.2133605,-20.2181268],[-48.2046322,-20.217914],[-48.2010879,-20.2226921],[-48.1771929,-20.2231211],[-48.1564755,-20.2351009],[-48.1571969,-20.251709],[-48.1459855,-20.2614187],[-48.1583859,-20.2724641],[-48.1494663,-20.2795408],[-48.1516354,-20.2860206],[-48.1497374,-20.2914492],[-48.1596812,-20.296567],[-48.1644795,-20.3092189],[-48.1899021,-20.3419203],[-48.1788338,-20.3900236],[-48.2017851,-20.4427352],[-48.211282,-20.4566176],[-48.2191188,-20.454957],[-48.2216558,-20.4501399],[-48.2280766,-20.4499409],[-48.2293013,-20.4558507],[-48.2361884,-20.4568061],[-48.2388253,-20.461016],[-48.278717,-20.4688596],[-48.278783,-20.4744885],[-48.2832632,-20.4744266],[-48.2813718,-20.4810847],[-48.2885256,-20.4838045],[-48.281604,-20.4923531],[-48.2946119,-20.5110464],[-48.2932207,-20.5142782],[-48.3010102,-20.5129935],[-48.318734,-20.5186594],[-48.3172019,-20.5241015],[-48.3226193,-20.5260519],[-48.3263375,-20.5324445],[-48.3419274,-20.5279438],[-48.3441604,-20.5219184],[-48.3472121,-20.5258278],[-48.3524874,-20.5236753],[-48.355765,-20.5277602],[-48.3666204,-20.526877],[-48.3721981,-20.5301523],[-48.3685224,-20.5354899],[-48.3712906,-20.5379418],[-48.3713931,-20.5462554],[-48.3836549,-20.5371614],[-48.3829358,-20.5441409],[-48.3786722,-20.5490484],[-48.3505957,-20.561763],[-48.3397296,-20.5822725],[-48.327208,-20.5821377],[-48.3203473,-20.589048],[-48.322386,-20.6091734],[-48.3416119,-20.6203241],[-48.3484772,-20.6300871],[-48.3504044,-20.6462524],[-48.3335928,-20.6653676],[-48.3407445,-20.6849605],[-48.3382925,-20.6955434],[-48.3404149,-20.7021553],[-48.3578748,-20.7063518],[-48.3580586,-20.7136626],[-48.3648615,-20.7173376],[-48.3671108,-20.7157694],[-48.3738027,-20.7227839],[-48.3843718,-20.7241294],[-48.3892061,-20.7312397],[-48.3966423,-20.7333603],[-48.4064003,-20.7424228],[-48.4110234,-20.7421361],[-48.4129266,-20.7463908],[-48.4196249,-20.7496342],[-48.4235589,-20.747947],[-48.4278159,-20.7516387],[-48.441666,-20.7524219],[-48.4367046,-20.7582302],[-48.4317321,-20.7571076],[-48.431496,-20.7620951],[-48.4277871,-20.7605272],[-48.4254836,-20.7628343],[-48.4371757,-20.7733749],[-48.445117,-20.7709623],[-48.4451299,-20.7753783],[-48.4509625,-20.7768064],[-48.4452746,-20.7862078],[-48.4604232,-20.7885181],[-48.4615713,-20.7938581],[-48.466898,-20.7953947],[-48.4681612,-20.7994577],[-48.4841985,-20.7979441],[-48.4920845,-20.801237],[-48.4984519,-20.7943631],[-48.5157562,-20.7920183],[-48.5249644,-20.7926712],[-48.5350736,-20.7981798],[-48.5456744,-20.7961502],[-48.5626223,-20.8084343],[-48.573646,-20.8104034],[-48.5916635,-20.8192757],[-48.6119206,-20.8346408],[-48.620788,-20.8255613],[-48.6328309,-20.8229217],[-48.6360148,-20.8189851],[-48.645142,-20.8198879],[-48.6454181,-20.8290801],[-48.6507517,-20.8336575],[-48.6607191,-20.8335559],[-48.6680602,-20.8296314],[-48.6897264,-20.8406213],[-48.7130886,-20.8227952],[-48.7194019,-20.812958],[-48.7279897,-20.8208907],[-48.7392222,-20.8218327],[-48.746752,-20.8300282],[-48.7442433,-20.8425642],[-48.7498016,-20.851962],[-48.7441101,-20.8674995],[-48.7546227,-20.8775334],[-48.7512031,-20.8867622],[-48.7440866,-20.894043],[-48.7458,-20.9033456],[-48.7525318,-20.9032672],[-48.77238,-20.9264664],[-48.7866363,-20.9345166],[-48.792769,-20.9334993],[-48.802624,-20.9375769],[-48.8165788,-20.926304],[-48.8236003,-20.9315814],[-48.8279804,-20.9254951],[-48.8374086,-20.9214537],[-48.8364939,-20.9182907],[-48.8411077,-20.9134077],[-48.847895,-20.9108474]]]}},{"type":"Feature","id":"35052","properties":{"cd_regiao_saude":"35052","nm_regiao_saude":"SUL - BARRETOS","cd_macrorregiao_saude":"3530","nm_macrorregiao_saude":"RRAS13","qt_municipio":8,"qt_populacao_ibge_2022":142795},"geometry":{"type":"Polygon","coordinates":[[[-48.6082324,-21.2019265],[-48.627698,-21.1966785],[-48.6389431,-21.2072379],[-48.6524802,-21.2111595],[-48.667052,-21.2056111],[-48.6786102,-21.2125087],[-48.6830604,-21.2087078],[-48.6970704,-21.2121583],[-48.7069546,-21.2067729],[-48.7164117,-21.1947477],[-48.7243671,-21.1898095],[-48.7255816,-21.1798608],[-48.7288149,-21.1781192],[-48.7275109,-21.1639408],[-48.7098984,-21.1624807],[-48.7062946,-21.1583424],[-48.6971763,-21.1573097],[-48.6780149,-21.1465537],[-48.6668045,-21.1479113],[-48.6401455,-21.1390276],[-48.597695,-21.1431171],[-48.5902096,-21.1250901],[-48.579401,-21.1220471],[-48.5717292,-21.11424],[-48.5773541,-21.1008658],[-48.5660747,-21.079025],[-48.5897119,-21.0589524],[-48.5986714,-21.0569806],[-48.6002783,-21.0502023],[-48.6125471,-21.0504798],[-48.6148133,-21.0403677],[-48.6311202,-21.0419572],[-48.6298892,-21.0374542],[-48.6331259,-21.0345195],[-48.6380269,-21.0394683],[-48.6412833,-21.0338594],[-48.6594435,-21.0298383],[-48.6645479,-21.0189659],[-48.6694577,-21.0199583],[-48.6774359,-21.0118912],[-48.6870733,-21.0103906],[-48.6884228,-21.0030666],[-48.6938133,-21.0068975],[-48.6991777,-21.0056935],[-48.7014264,-21.0003001],[-48.697713,-20.9942815],[-48.7088371,-20.9910633],[-48.7084799,-20.980997],[-48.720872,-20.9744807],[-48.7279591,-20.9811462],[-48.736899,-20.9709006],[-48.7373301,-20.9631815],[-48.7453295,-20.966219],[-48.7469496,-20.9617798],[-48.7440241,-20.9556319],[-48.7528266,-20.9532267],[-48.7603131,-20.9449573],[-48.7685318,-20.9501329],[-48.7750539,-20.9454682],[-48.777196,-20.9391425],[-48.7833425,-20.9374858],[-48.7856435,-20.9340209],[-48.77238,-20.9264664],[-48.7598085,-20.914163],[-48.7562489,-20.9065773],[-48.7512622,-20.9023352],[-48.7458,-20.9033456],[-48.7440866,-20.894043],[-48.7512031,-20.8867622],[-48.7546227,-20.8775334],[-48.7441101,-20.8674995],[-48.7499012,-20.8542106],[-48.7442433,-20.8425642],[-48.7459587,-20.82899],[-48.7392222,-20.8218327],[-48.7279897,-20.8208907],[-48.7194019,-20.812958],[-48.7130886,-20.8227952],[-48.6897264,-20.8406213],[-48.6680602,-20.8296314],[-48.6607191,-20.8335559],[-48.6507517,-20.8336575],[-48.6454181,-20.8290801],[-48.645142,-20.8198879],[-48.6360148,-20.8189851],[-48.6328309,-20.8229217],[-48.620788,-20.8255613],[-48.610735,-20.8345424],[-48.5916635,-20.8192757],[-48.573646,-20.8104034],[-48.5626223,-20.8084343],[-48.5456744,-20.7961502],[-48.5350736,-20.7981798],[-48.5249644,-20.7926712],[-48.5157562,-20.7920183],[-48.4984519,-20.7943631],[-48.4920845,-20.801237],[-48.4841985,-20.7979441],[-48.4681612,-20.7994577],[-48.466898,-20.7953947],[-48.4615713,-20.7938581],[-48.4604232,-20.7885181],[-48.4452746,-20.7862078],[-48.4509625,-20.7768064],[-48.4451299,-20.7753783],[-48.445117,-20.7709623],[-48.4371757,-20.7733749],[-48.4254836,-20.7628343],[-48.4277871,-20.7605272],[-48.431496,-20.7620951],[-48.4317321,-20.7571076],[-48.4367046,-20.7582302],[-48.441666,-20.7524219],[-48.4278159,-20.7516387],[-48.4235589,-20.747947],[-48.4196249,-20.7496342],[-48.4129266,-20.7463908],[-48.4110234,-20.7421361],[-48.4064003,-20.7424228],[-48.3966423,-20.7333603],[-48.3892061,-20.7312397],[-48.3843718,-20.7241294],[-48.3738027,-20.7227839],[-48.3671108,-20.7157694],[-48.3648615,-20.7173376],[-48.3580586,-20.7136626],[-48.3578748,-20.7063518],[-48.3404149,-20.7021553],[-48.3382925,-20.6955434],[-48.3205066,-20.7252221],[-48.2958102,-20.7202799],[-48.2900942,-20.7233001],[-48.2795292,-20.7410574],[-48.2723846,-20.7437369],[-48.2631958,-20.7380428],[-48.2581228,-20.7398268],[-48.2434927,-20.7765701],[-48.2573389,-20.7962448],[-48.2561938,-20.8045795],[-48.25236,-20.8090965],[-48.2358298,-20.8143954],[-48.2324756,-20.8200202],[-48.2342086,-20.8302477],[-48.2436881,-20.8421528],[-48.2431512,-20.8480843],[-48.2094221,-20.8737145],[-48.2093091,-20.8791795],[-48.2185235,-20.8921066],[-48.257911,-20.9310314],[-48.2735301,-20.9395995],[-48.284925,-20.9529262],[-48.3150988,-20.9518645],[-48.3388395,-20.9550097],[-48.3672194,-20.9490836],[-48.3784509,-20.9687956],[-48.3826459,-20.983251],[-48.3808731,-21.0031288],[-48.3769797,-21.007955],[-48.4012669,-21.0055739],[-48.405992,-21.0171676],[-48.4330668,-21.0374442],[-48.4298162,-21.0498755],[-48.4152186,-21.0496672],[-48.3968488,-21.0431006],[-48.3884523,-21.0442529],[-48.3830695,-21.0533455],[-48.3732936,-21.0583276],[-48.3588733,-21.0564346],[-48.346818,-21.0590601],[-48.3240632,-21.0525053],[-48.318933,-21.0549478],[-48.318054,-21.0608632],[-48.3205104,-21.0593153],[-48.3328129,-21.0643619],[-48.342341,-21.0749977],[-48.3537456,-21.0818618],[-48.3451452,-21.1057351],[-48.3604717,-21.1037336],[-48.3744542,-21.1094295],[-48.3716984,-21.114784],[-48.3636418,-21.1194554],[-48.3538753,-21.1206677],[-48.3483657,-21.1306305],[-48.3619559,-21.1398336],[-48.3859782,-21.1685683],[-48.4025305,-21.1730019],[-48.4169799,-21.1707147],[-48.4214854,-21.1729904],[-48.427356,-21.1958835],[-48.4385342,-21.2001286],[-48.4431247,-21.2090292],[-48.4534201,-21.2122034],[-48.45906,-21.2023162],[-48.4535453,-21.1835589],[-48.4770971,-21.17932],[-48.4977461,-21.1841474],[-48.5091415,-21.1833357],[-48.5147727,-21.1901553],[-48.520529,-21.1876634],[-48.528058,-21.1890622],[-48.5358175,-21.1858315],[-48.5387917,-21.1691747],[-48.5714883,-21.1621606],[-48.5811682,-21.1656834],[-48.5839776,-21.1841812],[-48.580921,-21.2035564],[-48.5848421,-21.2131266],[-48.6002709,-21.2115889],[-48.6082324,-21.2019265]]]}},{"type":"Feature","id":"35061","properties":{"cd_regiao_saude":"35061","nm_regiao_saude":"VALE DO JURUMIRIM","cd_macrorregiao_saude":"3518","nm_macrorregiao_saude":"RRAS9","qt_municipio":17,"qt_populacao_ibge_2022":303615},"geometry":{"type":"Polygon","coordinates":[[[-49.1402144,-23.701729],[-49.1580062,-23.6939418],[-49.1677834,-23.6937808],[-49.1829092,-23.7024187],[-49.1862055,-23.7086694],[-49.1972149,-23.7133504],[-49.2190821,-23.706563],[-49.2341437,-23.7082496],[-49.2451525,-23.7054274],[-49.2474928,-23.7104192],[-49.2561632,-23.7109314],[-49.263439,-23.7212733],[-49.274843,-23.7221374],[-49.2762051,-23.725012],[-49.2861014,-23.7273967],[-49.2949358,-23.7360968],[-49.3121323,-23.7373638],[-49.3375386,-23.7493432],[-49.3370994,-23.7530425],[-49.3427111,-23.7584436],[-49.3418726,-23.7709152],[-49.3342068,-23.7815455],[-49.3409171,-23.776525],[-49.3461541,-23.7770311],[-49.3506946,-23.772111],[-49.3559248,-23.7748141],[-49.3554656,-23.7724551],[-49.3628464,-23.7703686],[-49.3568537,-23.765173],[-49.3614444,-23.7595486],[-49.3645092,-23.7626198],[-49.3648548,-23.759337],[-49.3671655,-23.7603917],[-49.3719305,-23.7686127],[-49.3760724,-23.7673361],[-49.3738345,-23.7720009],[-49.3808935,-23.7727016],[-49.3835855,-23.769027],[-49.3823253,-23.7626922],[-49.3790137,-23.7620591],[-49.3832406,-23.7585625],[-49.3988176,-23.7644306],[-49.4138678,-23.7834948],[-49.4185142,-23.7851947],[-49.4262377,-23.7859889],[-49.4270417,-23.781926],[-49.4324829,-23.7832471],[-49.4418379,-23.7785037],[-49.4560156,-23.7800198],[-49.4706851,-23.7709084],[-49.4988154,-23.7887228],[-49.5086839,-23.7861362],[-49.509326,-23.7903266],[-49.5033147,-23.7995035],[-49.5093457,-23.8042928],[-49.5174819,-23.8030332],[-49.5199332,-23.8067534],[-49.5227993,-23.8010608],[-49.5313238,-23.7995756],[-49.5365116,-23.7936624],[-49.5492361,-23.7904519],[-49.5596818,-23.7936084],[-49.5658228,-23.7807714],[-49.5705474,-23.7783666],[-49.56649,-23.7778044],[-49.5665451,-23.7719289],[-49.5623788,-23.7688616],[-49.563824,-23.7641977],[-49.5605048,-23.7613066],[-49.5734628,-23.7560396],[-49.5638126,-23.7500814],[-49.5676083,-23.7401351],[-49.5640497,-23.7322193],[-49.5513241,-23.738734],[-49.5487926,-23.7362925],[-49.5555161,-23.7221308],[-49.5491992,-23.7040164],[-49.5557226,-23.7010434],[-49.5563119,-23.6909608],[-49.5613298,-23.6920785],[-49.5617362,-23.6856962],[-49.568121,-23.6880412],[-49.5758532,-23.6804053],[-49.5746332,-23.6759264],[-49.5798761,-23.6783285],[-49.5831928,-23.6702713],[-49.5802117,-23.6645879],[-49.5857375,-23.6638419],[-49.5853073,-23.6588755],[-49.6021338,-23.6521161],[-49.6033815,-23.6435252],[-49.6171452,-23.6395859],[-49.6082463,-23.6340732],[-49.6063521,-23.6237147],[-49.6135975,-23.6231253],[-49.6136034,-23.6147182],[-49.619932,-23.6122022],[-49.6211716,-23.6070475],[-49.6189093,-23.594331],[-49.602017,-23.5826967],[-49.6011773,-23.5752317],[-49.6079896,-23.5652324],[-49.5987438,-23.5546378],[-49.6057172,-23.5416649],[-49.6002062,-23.5356244],[-49.6242171,-23.5233026],[-49.6295249,-23.5135827],[-49.6272659,-23.5084303],[-49.6217511,-23.5059441],[-49.6148352,-23.5102943],[-49.6128168,-23.5082723],[-49.6210967,-23.492099],[-49.6133996,-23.4868313],[-49.6148803,-23.472201],[-49.6032894,-23.4784236],[-49.5985768,-23.4771574],[-49.6025725,-23.4706395],[-49.597904,-23.4579152],[-49.603186,-23.4512926],[-49.5956401,-23.4403824],[-49.5901066,-23.435871],[-49.5799868,-23.4367388],[-49.5729514,-23.443944],[-49.5690191,-23.4403042],[-49.572375,-23.4362344],[-49.5666241,-23.4264201],[-49.5808046,-23.4317181],[-49.5783765,-23.4215456],[-49.580293,-23.4141986],[-49.589327,-23.4161429],[-49.5934361,-23.4067069],[-49.603676,-23.407812],[-49.604743,-23.4028408],[-49.5985165,-23.3981866],[-49.6078503,-23.3933428],[-49.6210117,-23.3974193],[-49.6206069,-23.3887184],[-49.6033231,-23.3839048],[-49.5916342,-23.389028],[-49.5904025,-23.3827925],[-49.5959895,-23.3760196],[-49.5954121,-23.3670914],[-49.6118066,-23.3546535],[-49.6334367,-23.3564211],[-49.6381781,-23.3487762],[-49.636213,-23.339772],[-49.6294176,-23.3437573],[-49.6216945,-23.3318896],[-49.6232785,-23.3184366],[-49.6313974,-23.3044157],[-49.6258029,-23.2866501],[-49.6271459,-23.2817728],[-49.6241455,-23.2791174],[-49.6057178,-23.278755],[-49.5924879,-23.2673778],[-49.570473,-23.2647502],[-49.5605012,-23.2589617],[-49.5464657,-23.2734139],[-49.5454967,-23.2792822],[-49.5403568,-23.2806071],[-49.5497086,-23.2452139],[-49.524587,-23.2165206],[-49.5221998,-23.2057871],[-49.5293868,-23.1977058],[-49.5423661,-23.1934102],[-49.5429787,-23.1887357],[-49.5354376,-23.1763274],[-49.5468201,-23.168843],[-49.5507639,-23.1598597],[-49.5498384,-23.1534909],[-49.5538599,-23.1560218],[-49.5552847,-23.1523179],[-49.558754,-23.1533175],[-49.5733529,-23.1385556],[-49.556077,-23.1316144],[-49.5521201,-23.1237142],[-49.5478495,-23.127092],[-49.5452222,-23.1388923],[-49.5326694,-23.1369556],[-49.5147522,-23.1428744],[-49.4943479,-23.136658],[-49.4836046,-23.1407312],[-49.4821391,-23.1488228],[-49.4732923,-23.1491318],[-49.4713164,-23.137016],[-49.4559205,-23.135037],[-49.4507761,-23.1275901],[-49.451389,-23.1225766],[-49.4475026,-23.1222836],[-49.441974,-23.1111477],[-49.4444677,-23.0965487],[-49.4420918,-23.0829331],[-49.4459114,-23.0683028],[-49.4432211,-23.0565937],[-49.4239859,-23.0582531],[-49.4203596,-23.0528209],[-49.4121155,-23.0515455],[-49.4066728,-23.0565747],[-49.3952888,-23.0579345],[-49.387637,-23.0536632],[-49.3842227,-23.0497555],[-49.3873091,-23.043218],[-49.3832571,-23.0392108],[-49.3828002,-23.02978],[-49.376324,-23.0165774],[-49.3684582,-22.9842733],[-49.3610703,-22.9936066],[-49.3528188,-22.9779192],[-49.3186183,-22.9699255],[-49.3044231,-22.9532055],[-49.2799033,-22.9388103],[-49.2894064,-22.933685],[-49.2949388,-22.9182171],[-49.3023166,-22.9137182],[-49.3087863,-22.8978162],[-49.3090505,-22.8850174],[-49.3320175,-22.8866882],[-49.3381133,-22.8901237],[-49.3422542,-22.8841541],[-49.3452961,-22.8892726],[-49.353619,-22.8866722],[-49.3614684,-22.8894858],[-49.3695115,-22.8837839],[-49.3694983,-22.8748687],[-49.3782675,-22.8597431],[-49.3750193,-22.8506568],[-49.3767887,-22.8388069],[-49.3682748,-22.8202187],[-49.3791321,-22.7860892],[-49.3758909,-22.7774519],[-49.3607144,-22.7846407],[-49.3483466,-22.7830499],[-49.3346896,-22.775181],[-49.3292469,-22.7657655],[-49.3089501,-22.7626657],[-49.2926192,-22.7649484],[-49.2881441,-22.7709408],[-49.2789297,-22.7722115],[-49.2613355,-22.7534748],[-49.2489356,-22.7494302],[-49.2279772,-22.7604096],[-49.2249439,-22.750867],[-49.2039749,-22.7364089],[-49.1976003,-22.7220919],[-49.1902659,-22.7258931],[-49.183805,-22.7229978],[-49.181955,-22.7293917],[-49.1742543,-22.730068],[-49.1720305,-22.7236236],[-49.1650871,-22.7182612],[-49.1531701,-22.6852496],[-49.1332857,-22.6727838],[-49.1196844,-22.6723774],[-49.1088666,-22.6758916],[-49.1045991,-22.669382],[-49.0953328,-22.6668908],[-49.0968065,-22.6804497],[-49.0921799,-22.7056202],[-49.0569663,-22.7369058],[-49.0516305,-22.7556069],[-49.0371495,-22.763396],[-49.0304927,-22.7632265],[-49.0265899,-22.7719161],[-49.0232188,-22.7899767],[-49.0296406,-22.8014206],[-49.0295259,-22.8184288],[-49.0333694,-22.8289784],[-49.0300262,-22.8344655],[-49.0137692,-22.8406242],[-49.0104277,-22.8326477],[-48.9963648,-22.819189],[-48.9834283,-22.8405107],[-48.9691363,-22.8250164],[-48.9666159,-22.8274974],[-48.9496487,-22.8249682],[-48.9219882,-22.8286096],[-48.9097176,-22.8335366],[-48.9015088,-22.8456459],[-48.8796538,-22.8520163],[-48.8625028,-22.8520948],[-48.848044,-22.8466648],[-48.8426874,-22.8503395],[-48.8199698,-22.8484643],[-48.8042302,-22.8445396],[-48.8032926,-22.8545377],[-48.7989144,-22.8576186],[-48.7970415,-22.8651289],[-48.7873233,-22.8709903],[-48.8064726,-22.8759582],[-48.8289441,-22.8922338],[-48.8265076,-22.9099408],[-48.8379198,-22.9147283],[-48.8409193,-22.9222793],[-48.8522131,-22.9317247],[-48.8463741,-22.9402494],[-48.8469139,-22.9487481],[-48.8146013,-22.95114],[-48.8138305,-22.9542798],[-48.8068386,-22.9553042],[-48.7937627,-22.9635855],[-48.7884475,-22.9602169],[-48.7761296,-22.9664829],[-48.7744431,-22.9746938],[-48.7614393,-22.9926331],[-48.7620233,-23.015524],[-48.7694436,-23.0201759],[-48.7700249,-23.0333124],[-48.7787095,-23.0539547],[-48.7723541,-23.0587199],[-48.7711765,-23.0687264],[-48.7641243,-23.0781292],[-48.741319,-23.0898977],[-48.7510136,-23.1148859],[-48.7367873,-23.1355729],[-48.733978,-23.146683],[-48.7432142,-23.1591295],[-48.7444583,-23.1658937],[-48.7423638,-23.1726629],[-48.7448884,-23.1979319],[-48.7417523,-23.2054676],[-48.7354334,-23.2090581],[-48.7410134,-23.220085],[-48.7406521,-23.2301062],[-48.7475295,-23.2377497],[-48.7449289,-23.2508106],[-48.7724282,-23.2657862],[-48.7666115,-23.2712247],[-48.7765111,-23.2848212],[-48.7739979,-23.3024208],[-48.7565927,-23.3070636],[-48.7327732,-23.3196383],[-48.7094026,-23.3190814],[-48.7094187,-23.3385616],[-48.7059179,-23.3412355],[-48.6811337,-23.3427049],[-48.6474606,-23.3290778],[-48.6308131,-23.3466746],[-48.6279332,-23.3563704],[-48.634972,-23.3861724],[-48.6331238,-23.3978751],[-48.6392836,-23.4086111],[-48.6538455,-23.4081577],[-48.6563149,-23.4140575],[-48.6493693,-23.4221657],[-48.6533732,-23.43049],[-48.6434467,-23.4706485],[-48.6313424,-23.4746222],[-48.6151731,-23.4908137],[-48.629722,-23.4885459],[-48.6245379,-23.4971187],[-48.633913,-23.5109323],[-48.6328761,-23.5223141],[-48.6363998,-23.5264376],[-48.644623,-23.5206954],[-48.6473324,-23.5220963],[-48.6523239,-23.5375002],[-48.6432978,-23.5443835],[-48.6341608,-23.5390834],[-48.6217687,-23.5382132],[-48.6223958,-23.5423271],[-48.6303789,-23.5457743],[-48.6296571,-23.5596172],[-48.6155046,-23.5614609],[-48.6071873,-23.5755217],[-48.6109996,-23.5877331],[-48.608469,-23.590694],[-48.612217,-23.5929117],[-48.6134046,-23.5878505],[-48.6185216,-23.5876725],[-48.6229066,-23.5944449],[-48.6502103,-23.5911716],[-48.6554554,-23.5963352],[-48.6779753,-23.5876263],[-48.6886052,-23.5982421],[-48.6976041,-23.6025126],[-48.7208448,-23.6002013],[-48.7315951,-23.6086005],[-48.7578917,-23.6150573],[-48.766728,-23.6135899],[-48.7734221,-23.6349613],[-48.7809569,-23.6428024],[-48.7866398,-23.6385938],[-48.795593,-23.6413327],[-48.8024695,-23.6374316],[-48.8184056,-23.6167319],[-48.8208569,-23.6064309],[-48.8411225,-23.5935226],[-48.8673433,-23.6081465],[-48.8894567,-23.6123604],[-48.9052839,-23.6211645],[-48.9237821,-23.6238049],[-48.9251536,-23.626426],[-48.9358981,-23.6208767],[-48.9464267,-23.6241808],[-48.9521489,-23.621103],[-48.9765099,-23.6229655],[-48.9792058,-23.6250346],[-48.9785872,-23.6309574],[-48.992164,-23.6421648],[-48.9969767,-23.6422044],[-49.0082329,-23.6337999],[-49.0119551,-23.6436699],[-49.0256789,-23.6503506],[-49.0319813,-23.6762416],[-49.0408448,-23.6817987],[-49.1327337,-23.7214747],[-49.1415814,-23.7120809],[-49.1402144,-23.701729]]]}},{"type":"Feature","id":"35062","properties":{"cd_regiao_saude":"35062","nm_regiao_saude":"BAURU","cd_macrorregiao_saude":"3518","nm_macrorregiao_saude":"RRAS9","qt_municipio":18,"qt_populacao_ibge_2022":644731},"geometry":{"type":"Polygon","coordinates":[[[-49.3518848,-22.6416955],[-49.3639471,-22.6327822],[-49.4175799,-22.6218573],[-49.4247221,-22.6070853],[-49.4394641,-22.6042845],[-49.444351,-22.6004981],[-49.4568624,-22.5786686],[-49.4518649,-22.5764498],[-49.4544066,-22.567697],[-49.4896875,-22.5418596],[-49.5007507,-22.5171363],[-49.5063119,-22.5124009],[-49.5092588,-22.5180119],[-49.5145774,-22.5162473],[-49.5199124,-22.5190029],[-49.5200961,-22.5237659],[-49.525642,-22.5226837],[-49.5247201,-22.534671],[-49.5314385,-22.5380887],[-49.534055,-22.5466963],[-49.5441928,-22.5493035],[-49.5388707,-22.5566801],[-49.5409409,-22.5615015],[-49.5453672,-22.5637691],[-49.5542919,-22.5583174],[-49.5612769,-22.5758523],[-49.5662138,-22.5757462],[-49.5667736,-22.5685323],[-49.5742803,-22.5615093],[-49.5845698,-22.5581576],[-49.5962849,-22.5416183],[-49.6072858,-22.5352009],[-49.6162475,-22.5178824],[-49.6121816,-22.4982087],[-49.6082843,-22.4965338],[-49.6110968,-22.4902922],[-49.6089665,-22.4856249],[-49.6249451,-22.4751227],[-49.6285118,-22.4691534],[-49.6102206,-22.4662219],[-49.5961621,-22.4593829],[-49.596792,-22.4538176],[-49.6040995,-22.4535548],[-49.6039301,-22.443077],[-49.5761076,-22.4170817],[-49.5699708,-22.3836182],[-49.5563551,-22.3920324],[-49.5456819,-22.3908315],[-49.5335997,-22.3951603],[-49.5127924,-22.3956827],[-49.5146734,-22.3906698],[-49.4950321,-22.3829973],[-49.4909144,-22.3728739],[-49.4828121,-22.3648472],[-49.4828654,-22.3561923],[-49.4739715,-22.351806],[-49.4737822,-22.3468477],[-49.4650723,-22.3362094],[-49.4591806,-22.3374586],[-49.4521636,-22.3344799],[-49.4502477,-22.3290066],[-49.4412016,-22.3281169],[-49.4282354,-22.3105353],[-49.4292879,-22.3053553],[-49.4227762,-22.293743],[-49.4319173,-22.294208],[-49.4349235,-22.3001913],[-49.4409049,-22.3030964],[-49.4351042,-22.284107],[-49.438729,-22.273628],[-49.4366993,-22.2706077],[-49.451667,-22.2585751],[-49.4589811,-22.2410729],[-49.4656232,-22.2449548],[-49.49575,-22.2296792],[-49.4934704,-22.2230176],[-49.5001088,-22.2126286],[-49.5072638,-22.2098901],[-49.5110853,-22.1897261],[-49.5300379,-22.1815931],[-49.5287972,-22.1654572],[-49.5237596,-22.1526209],[-49.5514309,-22.1500492],[-49.5621421,-22.1452769],[-49.5558011,-22.1368973],[-49.5564207,-22.1298033],[-49.5624397,-22.1385463],[-49.5693832,-22.1394044],[-49.5790283,-22.1286038],[-49.5881058,-22.1249163],[-49.584994,-22.1127457],[-49.5923926,-22.1128468],[-49.6014739,-22.1081631],[-49.6227178,-22.1126745],[-49.6212727,-22.0965713],[-49.6393149,-22.0699571],[-49.6506914,-22.06768],[-49.6562291,-22.0772198],[-49.6617383,-22.0767879],[-49.6661296,-22.0617439],[-49.6845033,-22.0573945],[-49.6879176,-22.0487606],[-49.6955179,-22.0445012],[-49.6908732,-22.0311381],[-49.6808226,-22.0325431],[-49.6767382,-22.024384],[-49.6594236,-22.0175971],[-49.6554751,-22.0095707],[-49.641548,-22.0132964],[-49.6293248,-22.0097184],[-49.6216556,-22.0019271],[-49.6135405,-22.007782],[-49.6122622,-21.999791],[-49.6152055,-21.9919868],[-49.6039246,-21.9859078],[-49.5849892,-21.9847241],[-49.5722595,-21.9739931],[-49.5705128,-21.9779282],[-49.574763,-21.9820248],[-49.5711534,-21.9872679],[-49.5728496,-21.9937811],[-49.5499847,-22.0099528],[-49.5426861,-22.0057774],[-49.5430951,-21.9959942],[-49.5360642,-21.9817263],[-49.5397612,-21.972208],[-49.5336754,-21.9574854],[-49.5265726,-21.9520653],[-49.5284305,-21.9428145],[-49.5207942,-21.9414617],[-49.52349,-21.9394642],[-49.5225184,-21.93376],[-49.5105152,-21.9317321],[-49.5039595,-21.9180037],[-49.4863713,-21.9121934],[-49.4835159,-21.9035812],[-49.4700449,-21.8927505],[-49.4535654,-21.8888626],[-49.4503955,-21.8804055],[-49.4229575,-21.8654166],[-49.4048996,-21.8441923],[-49.4029041,-21.8261249],[-49.3911669,-21.8306286],[-49.3775277,-21.8428384],[-49.3509915,-21.8346679],[-49.3407544,-21.8381107],[-49.320813,-21.8377757],[-49.3077512,-21.8453473],[-49.2934465,-21.8485741],[-49.2850391,-21.8602507],[-49.2794115,-21.8588135],[-49.2748014,-21.8427451],[-49.2694343,-21.840008],[-49.2733149,-21.8341659],[-49.2586462,-21.8160153],[-49.2563473,-21.8022373],[-49.2670747,-21.7821475],[-49.2580702,-21.7482165],[-49.267002,-21.7382582],[-49.258779,-21.7200656],[-49.2406002,-21.7077933],[-49.2428437,-21.6737348],[-49.2294131,-21.6703244],[-49.216201,-21.6729819],[-49.2100702,-21.6668547],[-49.2104744,-21.6596642],[-49.2072186,-21.6550016],[-49.1883414,-21.6473355],[-49.1694039,-21.6461119],[-49.1624404,-21.6483924],[-49.1507848,-21.6597762],[-49.1505401,-21.6845825],[-49.1395856,-21.7062882],[-49.1243023,-21.7202147],[-49.1157764,-21.7380304],[-49.1052112,-21.7506852],[-49.0762001,-21.7577145],[-49.0440737,-21.7742247],[-49.0191057,-21.7708073],[-48.9801409,-21.7589615],[-48.9697168,-21.7595843],[-48.9630014,-21.7644364],[-48.9602298,-21.7717361],[-48.9619218,-21.7849945],[-48.9884971,-21.815411],[-48.9878402,-21.8320343],[-48.969077,-21.8481691],[-48.9180721,-21.8605359],[-48.9061222,-21.8681864],[-48.892171,-21.906657],[-48.907345,-21.9167227],[-48.9083872,-21.9261689],[-48.8997069,-21.9351445],[-48.877919,-21.9410644],[-48.8627309,-21.9581989],[-48.8646812,-21.9713607],[-48.8786663,-21.9899726],[-48.8891333,-22.0130266],[-48.8848754,-22.0201315],[-48.8632147,-22.0265546],[-48.855164,-22.0365609],[-48.8537452,-22.0655286],[-48.8668664,-22.1106499],[-48.8579232,-22.1253821],[-48.8431155,-22.1309532],[-48.8560389,-22.1668929],[-48.8251798,-22.1783148],[-48.8271004,-22.1824743],[-48.8190055,-22.1911934],[-48.8233894,-22.1982116],[-48.8214772,-22.2075956],[-48.8252244,-22.2133907],[-48.8152695,-22.2274565],[-48.7965638,-22.232666],[-48.7715397,-22.2269933],[-48.7706909,-22.24196],[-48.7660201,-22.254311],[-48.7519755,-22.2660504],[-48.7445891,-22.2900056],[-48.7360759,-22.2981137],[-48.7338965,-22.3160248],[-48.7227958,-22.3294509],[-48.6983119,-22.3788696],[-48.6845253,-22.3993289],[-48.6651675,-22.4139088],[-48.6629038,-22.4356729],[-48.6683466,-22.4478665],[-48.6639814,-22.4651844],[-48.6485833,-22.4714331],[-48.6400542,-22.4851473],[-48.6251884,-22.4917293],[-48.6210952,-22.5019147],[-48.629969,-22.505291],[-48.6302676,-22.5122779],[-48.6357335,-22.5102198],[-48.6440898,-22.5123246],[-48.6393994,-22.5204915],[-48.6433227,-22.5205731],[-48.64626,-22.5158776],[-48.6474451,-22.5276689],[-48.6545054,-22.5270769],[-48.6515568,-22.5314762],[-48.6572479,-22.536509],[-48.6552734,-22.5399884],[-48.6598281,-22.5395268],[-48.6599733,-22.5455651],[-48.6637589,-22.5434225],[-48.6705579,-22.5462304],[-48.6664761,-22.5490313],[-48.6676055,-22.5519215],[-48.6739402,-22.5513591],[-48.6706828,-22.553907],[-48.672618,-22.5626815],[-48.667927,-22.560955],[-48.6651898,-22.5643999],[-48.670291,-22.5650986],[-48.6667857,-22.5693038],[-48.6775525,-22.5727427],[-48.6823117,-22.591332],[-48.67376,-22.6116838],[-48.6607002,-22.6313306],[-48.678641,-22.6315549],[-48.6889156,-22.6471244],[-48.6889252,-22.6598215],[-48.6848933,-22.6661819],[-48.691723,-22.6879866],[-48.6886171,-22.694826],[-48.6948677,-22.7207782],[-48.6916914,-22.724503],[-48.6936986,-22.7316133],[-48.6914128,-22.737944],[-48.7075729,-22.7337805],[-48.7065435,-22.7383921],[-48.7204435,-22.7453534],[-48.729429,-22.7646631],[-48.7369252,-22.7654309],[-48.7440238,-22.7709498],[-48.7488178,-22.7684574],[-48.7508778,-22.7725693],[-48.7545949,-22.7726758],[-48.7698052,-22.7583083],[-48.7781987,-22.7620107],[-48.7810674,-22.7785388],[-48.7798495,-22.7974844],[-48.7757745,-22.8010384],[-48.774248,-22.8114715],[-48.7805462,-22.8214949],[-48.7801417,-22.8267237],[-48.7891673,-22.8368026],[-48.7932232,-22.8328516],[-48.802568,-22.8453337],[-48.8418456,-22.8503267],[-48.848044,-22.8466648],[-48.8625028,-22.8520948],[-48.8796538,-22.8520163],[-48.9015088,-22.8456459],[-48.9097176,-22.8335366],[-48.9219882,-22.8286096],[-48.9496487,-22.8249682],[-48.9666159,-22.8274974],[-48.9691363,-22.8250164],[-48.9834283,-22.8405107],[-48.9963648,-22.819189],[-49.0104277,-22.8326477],[-49.0137692,-22.8406242],[-49.0284115,-22.8354951],[-49.0333694,-22.8289784],[-49.0295259,-22.8184288],[-49.0289485,-22.7976182],[-49.0232188,-22.7899767],[-49.0265899,-22.7719161],[-49.0304927,-22.7632265],[-49.0371495,-22.763396],[-49.0516305,-22.7556069],[-49.0569663,-22.7369058],[-49.0921799,-22.7056202],[-49.0968065,-22.6804497],[-49.0953328,-22.6668908],[-49.1045991,-22.669382],[-49.1088666,-22.6758916],[-49.1196844,-22.6723774],[-49.1332857,-22.6727838],[-49.1531701,-22.6852496],[-49.1650871,-22.7182612],[-49.1720305,-22.7236236],[-49.1742543,-22.730068],[-49.181955,-22.7293917],[-49.183805,-22.7229978],[-49.1902659,-22.7258931],[-49.1976003,-22.7220919],[-49.2039749,-22.7364089],[-49.2249439,-22.750867],[-49.2279772,-22.7604096],[-49.2489356,-22.7494302],[-49.2613355,-22.7534748],[-49.2730842,-22.7632566],[-49.2774725,-22.7718334],[-49.2877265,-22.7711294],[-49.2935783,-22.764709],[-49.3245252,-22.7641592],[-49.3310187,-22.7671469],[-49.3352687,-22.7756583],[-49.3472035,-22.7826545],[-49.3666656,-22.7833176],[-49.3791295,-22.7753985],[-49.3856966,-22.7629144],[-49.379801,-22.7333356],[-49.3754896,-22.7277732],[-49.3837352,-22.7163499],[-49.3841081,-22.7090503],[-49.3713344,-22.7073299],[-49.3563068,-22.6874138],[-49.3589935,-22.6825815],[-49.3356656,-22.6763548],[-49.3396897,-22.6659058],[-49.3616388,-22.6549165],[-49.3610918,-22.6524587],[-49.3578577,-22.6538017],[-49.3572044,-22.6484733],[-49.3538876,-22.6485045],[-49.3571037,-22.6451266],[-49.3535048,-22.6452462],[-49.3518848,-22.6416955]]]}},{"type":"Feature","id":"35063","properties":{"cd_regiao_saude":"35063","nm_regiao_saude":"POLO CUESTA","cd_macrorregiao_saude":"3518","nm_macrorregiao_saude":"RRAS9","qt_municipio":13,"qt_populacao_ibge_2022":302784},"geometry":{"type":"Polygon","coordinates":[[[-48.2414317,-23.2802347],[-48.2619594,-23.2775419],[-48.2726346,-23.2887015],[-48.2768437,-23.2841259],[-48.2731334,-23.2737022],[-48.2769071,-23.2653484],[-48.2874854,-23.264288],[-48.2904073,-23.2601357],[-48.3003553,-23.257879],[-48.310476,-23.2649028],[-48.3421175,-23.2700008],[-48.334974,-23.2836117],[-48.3477732,-23.2827676],[-48.3518735,-23.2894086],[-48.3564623,-23.2866124],[-48.3638723,-23.2917986],[-48.3591437,-23.2969749],[-48.3601458,-23.3030053],[-48.3739638,-23.2915701],[-48.3928757,-23.2911163],[-48.4011878,-23.2875251],[-48.4011228,-23.2750806],[-48.4060447,-23.2676308],[-48.4185853,-23.2625298],[-48.4360667,-23.2733929],[-48.4428673,-23.2700113],[-48.4518634,-23.2725353],[-48.4652557,-23.2662453],[-48.4915389,-23.2611333],[-48.5044245,-23.2697722],[-48.5078155,-23.2669643],[-48.5121924,-23.2719351],[-48.5182105,-23.2701698],[-48.5370618,-23.2731957],[-48.5483374,-23.2810449],[-48.5540976,-23.2793638],[-48.5674959,-23.2965667],[-48.5790202,-23.2965978],[-48.5905088,-23.314921],[-48.6016683,-23.3156843],[-48.6247878,-23.3256116],[-48.6641845,-23.3337129],[-48.683286,-23.3429623],[-48.7087478,-23.3399309],[-48.7094026,-23.3190814],[-48.7327732,-23.3196383],[-48.7565927,-23.3070636],[-48.7739979,-23.3024208],[-48.7765111,-23.2848212],[-48.7666115,-23.2712247],[-48.7724282,-23.2657862],[-48.7449289,-23.2508106],[-48.7475295,-23.2377497],[-48.7406521,-23.2301062],[-48.7410134,-23.220085],[-48.7354334,-23.2090581],[-48.7417523,-23.2054676],[-48.7448884,-23.1979319],[-48.7423638,-23.1726629],[-48.7444583,-23.1658937],[-48.7432142,-23.1591295],[-48.733978,-23.146683],[-48.7367873,-23.1355729],[-48.7510136,-23.1148859],[-48.741319,-23.0898977],[-48.7641243,-23.0781292],[-48.7711765,-23.0687264],[-48.7723541,-23.0587199],[-48.7787095,-23.0539547],[-48.7700249,-23.0333124],[-48.7694436,-23.0201759],[-48.7620233,-23.015524],[-48.7614393,-22.9926331],[-48.7744431,-22.9746938],[-48.7761296,-22.9664829],[-48.7884475,-22.9602169],[-48.7937627,-22.9635855],[-48.8068386,-22.9553042],[-48.8138305,-22.9542798],[-48.8146013,-22.95114],[-48.8469139,-22.9487481],[-48.8463741,-22.9402494],[-48.8522131,-22.9317247],[-48.8409193,-22.9222793],[-48.8379198,-22.9147283],[-48.8265076,-22.9099408],[-48.8289441,-22.8922338],[-48.8064726,-22.8759582],[-48.7873266,-22.8718205],[-48.7966931,-22.8656713],[-48.8037028,-22.8502463],[-48.7960209,-22.8354593],[-48.7932232,-22.8328516],[-48.7891673,-22.8368026],[-48.7801417,-22.8267237],[-48.7805462,-22.8214949],[-48.774248,-22.8114715],[-48.7757745,-22.8010384],[-48.7798495,-22.7974844],[-48.7810674,-22.7785388],[-48.7781987,-22.7620107],[-48.7698052,-22.7583083],[-48.7545949,-22.7726758],[-48.7508778,-22.7725693],[-48.7488178,-22.7684574],[-48.7440238,-22.7709498],[-48.7369252,-22.7654309],[-48.729429,-22.7646631],[-48.7204435,-22.7453534],[-48.7065435,-22.7383921],[-48.7075729,-22.7337805],[-48.6914128,-22.737944],[-48.6936986,-22.7316133],[-48.6916914,-22.724503],[-48.6948677,-22.7207782],[-48.6886171,-22.694826],[-48.691723,-22.6879866],[-48.6848933,-22.6661819],[-48.6889252,-22.6598215],[-48.6889156,-22.6471244],[-48.678641,-22.6315549],[-48.6606376,-22.6306588],[-48.67376,-22.6116838],[-48.6827772,-22.5854091],[-48.677439,-22.5725669],[-48.6667857,-22.5693038],[-48.670291,-22.5650986],[-48.6651898,-22.5643999],[-48.667927,-22.560955],[-48.672618,-22.5626815],[-48.6706828,-22.553907],[-48.6739402,-22.5513591],[-48.6676055,-22.5519215],[-48.6664761,-22.5490313],[-48.6706631,-22.5463633],[-48.6651033,-22.5436583],[-48.6598542,-22.5454562],[-48.6598281,-22.5395268],[-48.6552734,-22.5399884],[-48.6572479,-22.536509],[-48.6535851,-22.5354254],[-48.6539323,-22.5326762],[-48.6376598,-22.5397021],[-48.6320982,-22.5474834],[-48.6242806,-22.548725],[-48.6206617,-22.5552579],[-48.6207929,-22.566442],[-48.615998,-22.5749655],[-48.6016632,-22.5775388],[-48.5920843,-22.5854293],[-48.5757313,-22.5779234],[-48.5610674,-22.5872186],[-48.5562909,-22.5833307],[-48.5354089,-22.57931],[-48.5235998,-22.5703484],[-48.5217192,-22.560152],[-48.5130273,-22.5484965],[-48.5000668,-22.5525622],[-48.4903307,-22.5460763],[-48.4456219,-22.5394808],[-48.4058071,-22.5612002],[-48.3748792,-22.590647],[-48.3644522,-22.6101239],[-48.3530268,-22.6129428],[-48.3340841,-22.6253876],[-48.3258958,-22.6220711],[-48.3112616,-22.6080539],[-48.2763832,-22.5953917],[-48.2663823,-22.5986455],[-48.2528376,-22.6187501],[-48.2439094,-22.6185654],[-48.2361045,-22.5987715],[-48.2272376,-22.5939633],[-48.2177904,-22.5983055],[-48.2147116,-22.6139528],[-48.2104662,-22.6181138],[-48.1904828,-22.6252735],[-48.1761898,-22.6268276],[-48.1603772,-22.6378083],[-48.1417692,-22.6296864],[-48.1160438,-22.629418],[-48.0952588,-22.6237677],[-48.090343,-22.6323841],[-48.0956658,-22.6488089],[-48.088288,-22.652262],[-48.08954,-22.667004],[-48.098664,-22.688783],[-48.093891,-22.702239],[-48.086357,-22.707112],[-48.083882,-22.72393],[-48.075918,-22.726226],[-48.070082,-22.736922],[-48.058553,-22.733907],[-48.045877,-22.724662],[-48.038356,-22.725163],[-48.030477,-22.719304],[-48.021126,-22.724562],[-48.01428,-22.734649],[-48.018273,-22.741369],[-48.016073,-22.748919],[-48.024056,-22.748931],[-48.02786,-22.754213],[-48.029399,-22.778419],[-48.026837,-22.789147],[-48.031856,-22.797039],[-48.031998,-22.825744],[-48.0475286,-22.8318929],[-48.0399224,-22.8468873],[-48.0144435,-22.8522502],[-48.0030887,-22.8657628],[-48.0024012,-22.8803933],[-48.015283,-22.8841087],[-48.0104796,-22.8952854],[-48.001227,-22.8994449],[-47.9926366,-22.8955003],[-47.9877712,-22.8879465],[-47.9913144,-22.8758456],[-47.9855367,-22.8686533],[-47.982246,-22.8702194],[-47.9749805,-22.8852076],[-47.9736774,-22.8974351],[-47.9702874,-22.9000976],[-47.9590028,-22.8892402],[-47.9477791,-22.8886752],[-47.9391818,-22.8828927],[-47.9148191,-22.883417],[-47.9059845,-22.8773526],[-47.900324,-22.878017],[-47.8991406,-22.8702342],[-47.8668216,-22.8606956],[-47.8578548,-22.8669517],[-47.8632753,-22.8851826],[-47.8706915,-22.8934035],[-47.8687696,-22.8990093],[-47.8447611,-22.9016351],[-47.8352923,-22.8969295],[-47.8329134,-22.8879549],[-47.8083773,-22.8786482],[-47.8061864,-22.8862982],[-47.8099638,-22.8917497],[-47.8069741,-22.9043131],[-47.8122265,-22.9051508],[-47.8144441,-22.9094321],[-47.8138044,-22.9160236],[-47.8105644,-22.917282],[-47.812593,-22.9229499],[-47.8169404,-22.9213954],[-47.8232871,-22.9249796],[-47.8195907,-22.9300857],[-47.8227696,-22.9359385],[-47.8204067,-22.9428887],[-47.8267049,-22.9422235],[-47.8254024,-22.9501025],[-47.816289,-22.9629017],[-47.817074,-22.977753],[-47.8057724,-22.9826232],[-47.7966514,-22.9782131],[-47.78969,-22.9806971],[-47.7725118,-22.9755442],[-47.7659915,-22.979994],[-47.7657005,-22.9863116],[-47.7823243,-23.003969],[-47.7811385,-23.0091385],[-47.7571633,-22.9978093],[-47.747617,-23.0017014],[-47.76692,-23.0150665],[-47.7820244,-23.0145427],[-47.7922635,-23.0180732],[-47.7837572,-23.0325809],[-47.7677085,-23.0296142],[-47.7619011,-23.0381353],[-47.7900452,-23.0428916],[-47.7918814,-23.0489985],[-47.8213329,-23.0724125],[-47.8264204,-23.080655],[-47.8390496,-23.0829267],[-47.8372918,-23.0875476],[-47.8308551,-23.0892319],[-47.8269773,-23.0844449],[-47.8216029,-23.0855029],[-47.8064258,-23.1051447],[-47.8096419,-23.1080177],[-47.806983,-23.1127153],[-47.814753,-23.113561],[-47.8122317,-23.1173485],[-47.8138912,-23.1232652],[-47.8201217,-23.1255588],[-47.8359848,-23.1229248],[-47.8305446,-23.1289149],[-47.8189123,-23.1324553],[-47.8171405,-23.1526444],[-47.8278925,-23.1502878],[-47.8448487,-23.1588327],[-47.8442106,-23.1641555],[-47.8413868,-23.1629825],[-47.8367908,-23.1686853],[-47.8407786,-23.1721206],[-47.8390899,-23.1742816],[-47.8514769,-23.1728147],[-47.8597706,-23.1757523],[-47.8598446,-23.1717008],[-47.8760669,-23.1600818],[-47.885096,-23.1642489],[-47.8911544,-23.1605292],[-47.9228001,-23.162275],[-47.927007,-23.1575633],[-47.9490694,-23.1695504],[-47.945274,-23.1788784],[-47.9471125,-23.1812677],[-47.9627167,-23.1830121],[-47.9701269,-23.1890688],[-47.9793086,-23.1887613],[-47.9785898,-23.2017103],[-47.9719666,-23.2086456],[-47.9766558,-23.2145814],[-47.9819099,-23.2156138],[-47.9822192,-23.2196527],[-47.9970692,-23.2238413],[-48.0127519,-23.2234474],[-48.0202939,-23.2279567],[-48.0304269,-23.2225578],[-48.0525191,-23.2314422],[-48.0690004,-23.2321632],[-48.069767,-23.240593],[-48.0795487,-23.2420571],[-48.0824164,-23.2473201],[-48.0959896,-23.2467978],[-48.0968416,-23.2514224],[-48.1075569,-23.2540588],[-48.1387555,-23.2711956],[-48.140752,-23.2658645],[-48.1517878,-23.2652919],[-48.1601217,-23.2606057],[-48.1756171,-23.2744033],[-48.1786855,-23.2721638],[-48.1840987,-23.2763595],[-48.1834869,-23.2817579],[-48.1941079,-23.2947418],[-48.2032981,-23.2963859],[-48.2112434,-23.3031629],[-48.2148848,-23.2973916],[-48.2253329,-23.2989836],[-48.2291907,-23.2924891],[-48.2376174,-23.2905482],[-48.2414317,-23.2802347]]]}},{"type":"Feature","id":"35064","properties":{"cd_regiao_saude":"35064","nm_regiao_saude":"JAU","cd_macrorregiao_saude":"3518","nm_macrorregiao_saude":"RRAS9","qt_municipio":12,"qt_populacao_ibge_2022":324768},"geometry":{"type":"Polygon","coordinates":[[[-48.6229852,-22.5039095],[-48.6251884,-22.4917293],[-48.6400542,-22.4851473],[-48.6485833,-22.4714331],[-48.6639814,-22.4651844],[-48.6683466,-22.4478665],[-48.6629038,-22.4356729],[-48.6651675,-22.4139088],[-48.6845253,-22.3993289],[-48.6983119,-22.3788696],[-48.7227958,-22.3294509],[-48.7338965,-22.3160248],[-48.7360759,-22.2981137],[-48.7445891,-22.2900056],[-48.7519755,-22.2660504],[-48.7660201,-22.254311],[-48.7706909,-22.24196],[-48.7715397,-22.2269933],[-48.7965638,-22.232666],[-48.8152695,-22.2274565],[-48.8252244,-22.2133907],[-48.8214772,-22.2075956],[-48.8233894,-22.1982116],[-48.8190055,-22.1911934],[-48.8271004,-22.1824743],[-48.8251798,-22.1783148],[-48.8560389,-22.1668929],[-48.8431155,-22.1309532],[-48.8579232,-22.1253821],[-48.8668664,-22.1106499],[-48.8537452,-22.0655286],[-48.855164,-22.0365609],[-48.8632147,-22.0265546],[-48.8848754,-22.0201315],[-48.8891333,-22.0130266],[-48.8786663,-21.9899726],[-48.8646812,-21.9713607],[-48.8624243,-21.9595301],[-48.877919,-21.9410644],[-48.8997069,-21.9351445],[-48.906658,-21.9295231],[-48.9081144,-21.9179018],[-48.892171,-21.906657],[-48.8776155,-21.921046],[-48.8715254,-21.914458],[-48.8654555,-21.9166727],[-48.8479384,-21.9098748],[-48.8408291,-21.9031343],[-48.839979,-21.89833],[-48.8329467,-21.8988052],[-48.8325588,-21.8948572],[-48.835508,-21.8948865],[-48.8306142,-21.8904202],[-48.8273341,-21.8929829],[-48.8218121,-21.8895926],[-48.8208297,-21.892418],[-48.8172212,-21.8905444],[-48.8098537,-21.8936222],[-48.8089529,-21.8906423],[-48.8066124,-21.8931052],[-48.7991009,-21.8923547],[-48.7989653,-21.8951534],[-48.7942292,-21.8917051],[-48.7857551,-21.896408],[-48.7853824,-21.8940156],[-48.7790878,-21.895767],[-48.7672363,-21.8919003],[-48.7680744,-21.8896633],[-48.7605517,-21.8839668],[-48.7547117,-21.883805],[-48.7529378,-21.8869782],[-48.7492451,-21.8850618],[-48.7453761,-21.8895772],[-48.7422561,-21.886715],[-48.7359307,-21.8888041],[-48.7374291,-21.8903631],[-48.7311545,-21.8893588],[-48.7245256,-21.8930455],[-48.7258526,-21.896708],[-48.7200267,-21.9008447],[-48.7210009,-21.90884],[-48.7067876,-21.9095449],[-48.7052873,-21.9133143],[-48.6992976,-21.9102358],[-48.696848,-21.9128821],[-48.6884491,-21.9126172],[-48.6781376,-21.9331077],[-48.6684803,-21.9414071],[-48.6721198,-21.9436312],[-48.669801,-21.9498335],[-48.6566311,-21.9541783],[-48.6571772,-21.95933],[-48.6485527,-21.9630436],[-48.6467082,-21.9693007],[-48.6428769,-21.9713046],[-48.6336353,-21.9676488],[-48.6201815,-21.9786994],[-48.612757,-21.9781921],[-48.6116083,-21.9859099],[-48.5960684,-21.9884217],[-48.5932942,-21.9968896],[-48.5874091,-22.000414],[-48.564001,-22.0050885],[-48.5538306,-22.0163731],[-48.5521706,-22.0240504],[-48.5471224,-22.0245987],[-48.5442932,-22.0345397],[-48.5365882,-22.0350777],[-48.5302752,-22.0288414],[-48.5070461,-22.0216133],[-48.4965375,-22.0115257],[-48.4814822,-22.0141717],[-48.4873685,-22.0271133],[-48.4809113,-22.0322053],[-48.4768576,-22.0418268],[-48.4526123,-22.0514544],[-48.4446904,-22.0635756],[-48.4448687,-22.0739167],[-48.4383204,-22.0748516],[-48.4374653,-22.0788754],[-48.4338502,-22.0776773],[-48.4359286,-22.0840533],[-48.4335011,-22.0836983],[-48.4331199,-22.0879416],[-48.4244179,-22.0899439],[-48.422473,-22.0941456],[-48.4150818,-22.0893311],[-48.4137089,-22.093653],[-48.4086971,-22.0941042],[-48.4020238,-22.1025534],[-48.4028341,-22.1084957],[-48.3957803,-22.1120284],[-48.3986469,-22.1132081],[-48.3945657,-22.1145581],[-48.397692,-22.1165756],[-48.3951179,-22.1212485],[-48.3976095,-22.1318914],[-48.3921926,-22.1388177],[-48.3953911,-22.1475066],[-48.3900898,-22.1479434],[-48.3925602,-22.1518106],[-48.3859878,-22.1530514],[-48.3874387,-22.1596196],[-48.3759224,-22.1622608],[-48.3716821,-22.1681807],[-48.3681536,-22.1647043],[-48.3621438,-22.1647862],[-48.3554797,-22.1668144],[-48.3530112,-22.1709157],[-48.3457144,-22.1713639],[-48.3432303,-22.1806768],[-48.3329294,-22.1846569],[-48.3310941,-22.1891018],[-48.3233927,-22.189137],[-48.3228223,-22.1935609],[-48.3160834,-22.1939783],[-48.314972,-22.1987684],[-48.3085713,-22.1921565],[-48.2867399,-22.1891464],[-48.2742852,-22.1922895],[-48.269511,-22.181578],[-48.2554989,-22.1772074],[-48.2447856,-22.177898],[-48.2550345,-22.1630342],[-48.2559536,-22.1546405],[-48.2444883,-22.1590627],[-48.2158414,-22.1588242],[-48.1986225,-22.1480414],[-48.1818987,-22.1550681],[-48.1758824,-22.1664176],[-48.1385466,-22.179085],[-48.1347001,-22.183235],[-48.1195979,-22.1827244],[-48.1166988,-22.1786481],[-48.1047199,-22.1800811],[-48.0802878,-22.1570296],[-48.0655426,-22.1498542],[-48.0578181,-22.1507292],[-48.0437203,-22.1288703],[-48.0460382,-22.1032175],[-48.0436928,-22.0884153],[-48.0479766,-22.0779394],[-48.0448721,-22.0732246],[-48.0362303,-22.0781358],[-48.0265796,-22.0769278],[-48.0224662,-22.0799139],[-48.0105902,-22.0968657],[-47.9987561,-22.1041865],[-47.9985231,-22.1101328],[-47.9931125,-22.1160056],[-47.9828443,-22.1169765],[-47.9840771,-22.1147538],[-47.9807466,-22.1125019],[-47.9778557,-22.1158971],[-47.9751978,-22.114725],[-47.9745688,-22.118999],[-47.9704161,-22.1189432],[-47.9674413,-22.114184],[-47.9637889,-22.1133115],[-47.9620776,-22.1161217],[-47.9473797,-22.1111237],[-47.9313686,-22.1246055],[-47.9321805,-22.1277815],[-47.9275407,-22.1311259],[-47.9285365,-22.1396625],[-47.9197894,-22.1506999],[-47.9143312,-22.1496599],[-47.899928,-22.1575758],[-47.902944,-22.171416],[-47.8820373,-22.200717],[-47.8795511,-22.211636],[-47.8979719,-22.2179882],[-47.9055317,-22.2306543],[-47.9108691,-22.2642623],[-47.9150237,-22.2666757],[-47.9170183,-22.2739348],[-47.9244793,-22.27888],[-47.9268179,-22.3054116],[-47.9400195,-22.3148797],[-47.9402301,-22.3204201],[-47.9319835,-22.329586],[-47.9494306,-22.3206561],[-47.9516838,-22.3345197],[-47.9546038,-22.3365693],[-47.9541419,-22.3576088],[-47.9598785,-22.3666126],[-47.9547377,-22.3671375],[-47.9514939,-22.3765731],[-47.9433226,-22.3838168],[-47.9491115,-22.3856156],[-47.9540448,-22.3981412],[-47.941142,-22.3990399],[-47.9238289,-22.4066075],[-47.9209627,-22.4174878],[-47.9152257,-22.4197066],[-47.9146099,-22.423185],[-47.9231001,-22.4262384],[-47.9364019,-22.4245423],[-47.9495371,-22.431472],[-47.9540201,-22.4442507],[-47.9825214,-22.4553919],[-47.9749393,-22.4636374],[-47.9855318,-22.4736423],[-47.9966173,-22.4788004],[-47.9948347,-22.4938067],[-48.0016143,-22.4918129],[-48.0019974,-22.4968501],[-48.0100387,-22.4961593],[-48.0197098,-22.5032952],[-48.0419753,-22.5062001],[-48.0438583,-22.5108852],[-48.0500258,-22.5137714],[-48.067623,-22.514434],[-48.074673,-22.527706],[-48.081489,-22.510612],[-48.084464,-22.506771],[-48.087008,-22.510254],[-48.092163,-22.506534],[-48.09365,-22.498674],[-48.098702,-22.509307],[-48.103133,-22.509299],[-48.105291,-22.49855],[-48.111812,-22.503925],[-48.118935,-22.501294],[-48.119627,-22.495133],[-48.125992,-22.490024],[-48.129644,-22.494962],[-48.128909,-22.504019],[-48.123657,-22.507048],[-48.124639,-22.511359],[-48.120938,-22.515565],[-48.123758,-22.529565],[-48.128815,-22.522194],[-48.133571,-22.5238],[-48.135258,-22.528248],[-48.140259,-22.524716],[-48.141571,-22.519121],[-48.139221,-22.515115],[-48.131729,-22.514244],[-48.130777,-22.505792],[-48.140324,-22.496862],[-48.139472,-22.491253],[-48.147958,-22.488816],[-48.1496,-22.480974],[-48.159111,-22.490656],[-48.158407,-22.479665],[-48.160468,-22.47831],[-48.165682,-22.482798],[-48.17276,-22.476057],[-48.176218,-22.483526],[-48.170846,-22.492284],[-48.174312,-22.499336],[-48.177404,-22.497264],[-48.175206,-22.489608],[-48.181324,-22.489105],[-48.183426,-22.482939],[-48.188971,-22.486226],[-48.192585,-22.490373],[-48.188263,-22.497483],[-48.192915,-22.499432],[-48.187817,-22.513836],[-48.192932,-22.512842],[-48.194218,-22.50874],[-48.197824,-22.512665],[-48.198016,-22.503664],[-48.20751,-22.502483],[-48.207267,-22.511739],[-48.213224,-22.51068],[-48.213748,-22.51793],[-48.218092,-22.51881],[-48.21696,-22.536449],[-48.223799,-22.52956],[-48.230446,-22.529059],[-48.231193,-22.521013],[-48.2393837,-22.5202855],[-48.2603456,-22.5407707],[-48.25301,-22.5506616],[-48.2562287,-22.5559006],[-48.248555,-22.5697914],[-48.2476859,-22.5774133],[-48.2594507,-22.604047],[-48.2614799,-22.6054322],[-48.2713385,-22.5960116],[-48.2814752,-22.5964713],[-48.3112616,-22.6080539],[-48.3331268,-22.6254205],[-48.3421232,-22.6224117],[-48.3530268,-22.6129428],[-48.3644522,-22.6101239],[-48.3748792,-22.590647],[-48.4058071,-22.5612002],[-48.4456219,-22.5394808],[-48.4903307,-22.5460763],[-48.5000668,-22.5525622],[-48.5130273,-22.5484965],[-48.5217192,-22.560152],[-48.5263198,-22.5740223],[-48.5607876,-22.587183],[-48.5737106,-22.5780156],[-48.58197,-22.5793997],[-48.5886394,-22.5851346],[-48.5942456,-22.5848051],[-48.6016632,-22.5775388],[-48.615998,-22.5749655],[-48.6207929,-22.566442],[-48.6206617,-22.5552579],[-48.6242806,-22.548725],[-48.6320982,-22.5474834],[-48.6376598,-22.5397021],[-48.6523939,-22.5345505],[-48.651555,-22.5311998],[-48.6548994,-22.5286853],[-48.6503075,-22.5258233],[-48.6474451,-22.5276689],[-48.64626,-22.5158776],[-48.6433227,-22.5205731],[-48.6393994,-22.5204915],[-48.6440898,-22.5123246],[-48.6357335,-22.5102198],[-48.6302676,-22.5122779],[-48.629969,-22.505291],[-48.6229852,-22.5039095]]]}},{"type":"Feature","id":"35065","properties":{"cd_regiao_saude":"35065","nm_regiao_saude":"LINS","cd_macrorregiao_saude":"3518","nm_macrorregiao_saude":"RRAS9","qt_municipio":8,"qt_populacao_ibge_2022":157929},"geometry":{"type":"Polygon","coordinates":[[[-49.8389404,-21.7612588],[-49.8431813,-21.7689477],[-49.8406812,-21.7744545],[-49.842664,-21.7727127],[-49.8497277,-21.7793101],[-49.8578356,-21.8038796],[-49.8638975,-21.810631],[-49.8664971,-21.8253013],[-49.8908297,-21.8643672],[-49.8977195,-21.8711388],[-49.918398,-21.8743448],[-49.9195414,-21.8799395],[-49.9468887,-21.9031176],[-49.9627351,-21.9380303],[-49.9805335,-21.9426322],[-49.9888348,-21.9334371],[-50.0119326,-21.9244645],[-50.0180368,-21.9140578],[-50.0155945,-21.9100168],[-50.0178238,-21.9055544],[-50.0309475,-21.8978861],[-50.027545,-21.8907987],[-50.0306737,-21.8871025],[-50.0413535,-21.8877062],[-50.0442235,-21.883576],[-50.0470138,-21.8842359],[-50.0492243,-21.879146],[-50.0637671,-21.871069],[-50.0709375,-21.8564653],[-50.0830765,-21.8542132],[-50.0874173,-21.8493223],[-50.0975382,-21.8457773],[-50.1020562,-21.8376751],[-50.1133584,-21.8357179],[-50.1198625,-21.8197203],[-50.1257743,-21.8197942],[-50.1318853,-21.8140149],[-50.130619,-21.8088867],[-50.1340638,-21.8058226],[-50.1386888,-21.8072192],[-50.1444456,-21.8037555],[-50.1474581,-21.7987594],[-50.1445835,-21.795274],[-50.1532805,-21.7859126],[-50.1609087,-21.7850979],[-50.1671187,-21.7758777],[-50.1795514,-21.7750045],[-50.1817489,-21.7705991],[-50.1885927,-21.7680107],[-50.1897547,-21.7627976],[-50.2010981,-21.7667272],[-50.2124233,-21.7590428],[-50.2186685,-21.7627425],[-50.2230375,-21.7602584],[-50.2252185,-21.7525095],[-50.2291936,-21.75246],[-50.237135,-21.7453551],[-50.2406377,-21.7472318],[-50.2448518,-21.7403078],[-50.2585196,-21.7386619],[-50.2625793,-21.7326136],[-50.2614241,-21.7275141],[-50.2715517,-21.7217703],[-50.2742199,-21.7111842],[-50.2655365,-21.7032814],[-50.2511234,-21.7045763],[-50.2458962,-21.6967492],[-50.2444168,-21.6993621],[-50.2438706,-21.6971157],[-50.2317332,-21.6972567],[-50.2216058,-21.7017789],[-50.2202195,-21.6973716],[-50.2115756,-21.6965704],[-50.2122176,-21.6923654],[-50.207621,-21.6868129],[-50.183018,-21.6932362],[-50.1761347,-21.6899206],[-50.1729222,-21.6950876],[-50.1681274,-21.6938267],[-50.1682558,-21.6962297],[-50.1645607,-21.6939519],[-50.1625516,-21.6857635],[-50.1553819,-21.6810553],[-50.1303055,-21.6914654],[-50.1201452,-21.6849832],[-50.1145425,-21.6922355],[-50.106014,-21.681052],[-50.1096253,-21.6732023],[-50.1033015,-21.6461053],[-50.1001248,-21.6434938],[-50.1001188,-21.6209986],[-50.0797967,-21.610322],[-50.0736655,-21.5959596],[-50.0611094,-21.5894354],[-50.0608534,-21.5839415],[-50.0577415,-21.5869974],[-50.0607405,-21.595955],[-50.0583501,-21.6032022],[-50.0553045,-21.6086325],[-50.0481975,-21.6099283],[-50.0385409,-21.5953417],[-50.0282063,-21.5892349],[-50.0132667,-21.5900433],[-50.0043295,-21.5872647],[-49.9932526,-21.5909197],[-49.9866446,-21.5878634],[-49.9798771,-21.5782508],[-49.9675475,-21.5765037],[-49.9634667,-21.5795982],[-49.9540759,-21.5770341],[-49.9335047,-21.5538485],[-49.9152826,-21.5574434],[-49.9096319,-21.5494976],[-49.9087784,-21.5386538],[-49.9026086,-21.5265684],[-49.9026341,-21.5228415],[-49.9104771,-21.5225701],[-49.9108995,-21.5104603],[-49.8935052,-21.4819381],[-49.8925222,-21.4707153],[-49.8897108,-21.4682332],[-49.8863166,-21.4712058],[-49.8722429,-21.4688611],[-49.868592,-21.4594821],[-49.8713426,-21.4517538],[-49.8671135,-21.4484379],[-49.8707993,-21.4427124],[-49.8647586,-21.4396149],[-49.866301,-21.4364435],[-49.8611456,-21.4304801],[-49.8634445,-21.4184104],[-49.8611332,-21.4094871],[-49.8685525,-21.3926257],[-49.8640532,-21.3899514],[-49.8615499,-21.3771462],[-49.8562553,-21.3727462],[-49.8557317,-21.367866],[-49.8520091,-21.3690095],[-49.848126,-21.3656872],[-49.8329815,-21.3377389],[-49.8268862,-21.3392685],[-49.8239847,-21.3184778],[-49.8166182,-21.3155971],[-49.8180553,-21.3031039],[-49.8244349,-21.2999404],[-49.8231699,-21.2953088],[-49.8317876,-21.284571],[-49.8254927,-21.280277],[-49.8305894,-21.280817],[-49.8316287,-21.2749525],[-49.814346,-21.2806086],[-49.8029796,-21.2923192],[-49.7834089,-21.2977314],[-49.7718211,-21.3061846],[-49.753804,-21.297016],[-49.7453639,-21.2971332],[-49.7430036,-21.3013838],[-49.7458294,-21.3150905],[-49.7277927,-21.3449248],[-49.7242496,-21.345619],[-49.7117726,-21.3349737],[-49.700221,-21.3368839],[-49.6964104,-21.3428351],[-49.6999463,-21.3580355],[-49.6958607,-21.3634082],[-49.6855889,-21.3634921],[-49.6786378,-21.3530105],[-49.6714866,-21.3491992],[-49.6391762,-21.352312],[-49.6284218,-21.3544337],[-49.6020683,-21.3744356],[-49.587236,-21.3764398],[-49.5643613,-21.4096942],[-49.5584651,-21.4158736],[-49.5495357,-21.4178531],[-49.5434333,-21.4326179],[-49.5259124,-21.4473449],[-49.5072721,-21.4795005],[-49.4903308,-21.4990056],[-49.4492447,-21.5211081],[-49.4200575,-21.5426385],[-49.4073429,-21.5443332],[-49.3770339,-21.5348989],[-49.3383134,-21.5475403],[-49.327168,-21.5619821],[-49.3209208,-21.5964303],[-49.3114927,-21.6171825],[-49.2912943,-21.6331144],[-49.2827183,-21.6501628],[-49.2714234,-21.6604441],[-49.2386356,-21.6708038],[-49.2443538,-21.6779066],[-49.2409194,-21.6839784],[-49.2406002,-21.7077933],[-49.258779,-21.7200656],[-49.2667294,-21.7369595],[-49.2631622,-21.745044],[-49.2580702,-21.7482165],[-49.2669322,-21.7832154],[-49.2563071,-21.8026037],[-49.2588001,-21.816571],[-49.2733149,-21.8341659],[-49.2694343,-21.840008],[-49.2748014,-21.8427451],[-49.2804058,-21.8593635],[-49.2850391,-21.8602507],[-49.2934465,-21.8485741],[-49.3077512,-21.8453473],[-49.320813,-21.8377757],[-49.3407544,-21.8381107],[-49.3509915,-21.8346679],[-49.3775277,-21.8428384],[-49.3911669,-21.8306286],[-49.4126426,-21.8200692],[-49.4108248,-21.8127575],[-49.416604,-21.8052365],[-49.4153119,-21.7973024],[-49.420294,-21.7878651],[-49.4313487,-21.7793582],[-49.4375621,-21.7871963],[-49.4533176,-21.7836287],[-49.4670403,-21.7900562],[-49.4799048,-21.8038184],[-49.4885696,-21.807614],[-49.4924581,-21.8209397],[-49.4998155,-21.8201776],[-49.5164747,-21.8358927],[-49.5257339,-21.8375636],[-49.5235189,-21.8499336],[-49.526779,-21.8526468],[-49.538899,-21.8511865],[-49.5462216,-21.8564799],[-49.5528447,-21.8417733],[-49.5656454,-21.8316157],[-49.5784513,-21.8420409],[-49.5829124,-21.8535439],[-49.5975224,-21.8575405],[-49.5983278,-21.8631102],[-49.6051687,-21.8708162],[-49.636021,-21.8602682],[-49.6398513,-21.8502947],[-49.6507314,-21.8551375],[-49.6585622,-21.8600764],[-49.6692442,-21.8740554],[-49.6794949,-21.8802758],[-49.6925527,-21.8960267],[-49.7020103,-21.9010038],[-49.6991448,-21.9094494],[-49.7165413,-21.9214804],[-49.7217048,-21.9208748],[-49.7290228,-21.9366696],[-49.7341783,-21.9405531],[-49.7588036,-21.9312767],[-49.7677568,-21.9321087],[-49.7718435,-21.9269905],[-49.7686627,-21.9164256],[-49.7785544,-21.9159157],[-49.8093552,-21.8902663],[-49.8049628,-21.88171],[-49.7976095,-21.87629],[-49.7989594,-21.8682456],[-49.8072424,-21.863121],[-49.8076932,-21.8597541],[-49.8034979,-21.8530317],[-49.798096,-21.8526592],[-49.7919425,-21.8460733],[-49.7719073,-21.8032893],[-49.7788706,-21.7969183],[-49.7884918,-21.7957725],[-49.7921561,-21.7867473],[-49.7991121,-21.7866694],[-49.8077176,-21.779432],[-49.818741,-21.7766237],[-49.8292831,-21.7590196],[-49.8389404,-21.7612588]]]}},{"type":"Feature","id":"35071","properties":{"cd_regiao_saude":"35071","nm_regiao_saude":"BRAGANCA","cd_macrorregiao_saude":"3527","nm_macrorregiao_saude":"RRAS16","qt_municipio":11,"qt_populacao_ibge_2022":493718},"geometry":{"type":"Polygon","coordinates":[[[-46.515385,-23.237506],[-46.529002,-23.241544],[-46.546229,-23.241379],[-46.553512,-23.236246],[-46.575295,-23.232543],[-46.593711,-23.23655],[-46.604096,-23.235164],[-46.605265,-23.228468],[-46.60979,-23.225811],[-46.615501,-23.227563],[-46.617603,-23.240313],[-46.621961,-23.242418],[-46.622762,-23.256729],[-46.629639,-23.25909],[-46.6429804,-23.2545923],[-46.6524682,-23.2598794],[-46.67209,-23.2560258],[-46.675775,-23.2616018],[-46.6843128,-23.2571066],[-46.6942003,-23.259201],[-46.6988037,-23.2569401],[-46.6979398,-23.2535959],[-46.7040604,-23.2521241],[-46.7042465,-23.2370001],[-46.7130881,-23.2308827],[-46.7156823,-23.2135591],[-46.7094054,-23.209901],[-46.7112585,-23.2077389],[-46.7080038,-23.2045567],[-46.7037702,-23.2056923],[-46.7042161,-23.2098342],[-46.7000383,-23.207096],[-46.6921231,-23.209533],[-46.686882,-23.2063899],[-46.6718078,-23.2149029],[-46.6688237,-23.213988],[-46.6700457,-23.2067073],[-46.6593976,-23.1968223],[-46.6622409,-23.1901888],[-46.6593678,-23.1787913],[-46.6545796,-23.174609],[-46.6539291,-23.1624733],[-46.6624423,-23.1575568],[-46.6703295,-23.1418132],[-46.6738137,-23.1146388],[-46.6787292,-23.104655],[-46.6744257,-23.0942945],[-46.6777777,-23.0909429],[-46.6762465,-23.0839256],[-46.6858513,-23.0672356],[-46.68411,-23.0592928],[-46.6866204,-23.0563357],[-46.6783373,-23.0451372],[-46.6773137,-23.0347961],[-46.6933112,-23.0151754],[-46.6976626,-23.0148299],[-46.6956614,-23.0100467],[-46.7020969,-23.0102429],[-46.7040375,-23.0030714],[-46.7014353,-23.0001346],[-46.7055909,-22.9845264],[-46.7116986,-22.9840605],[-46.7159634,-22.9727271],[-46.7208785,-22.9683029],[-46.7125128,-22.9584131],[-46.6982782,-22.9581252],[-46.6865623,-22.9415977],[-46.6703755,-22.9294162],[-46.6739293,-22.9269835],[-46.6816,-22.9302235],[-46.6798987,-22.9221833],[-46.6844697,-22.9146746],[-46.6798573,-22.8987223],[-46.6808655,-22.8860171],[-46.6922793,-22.8857272],[-46.6905402,-22.8796589],[-46.7041153,-22.8785913],[-46.702874,-22.8886907],[-46.7128671,-22.8842904],[-46.7164418,-22.892722],[-46.7214826,-22.8944375],[-46.7186636,-22.8869033],[-46.7238681,-22.8843943],[-46.7184741,-22.8782801],[-46.7255796,-22.8769996],[-46.7227154,-22.8710886],[-46.7271123,-22.8657367],[-46.7262717,-22.8572868],[-46.7290395,-22.8530333],[-46.7349515,-22.8543432],[-46.7316234,-22.8580587],[-46.7332337,-22.863047],[-46.7437329,-22.8635448],[-46.7435769,-22.8575835],[-46.760477,-22.8581419],[-46.7611762,-22.8455365],[-46.7545068,-22.8224485],[-46.7488971,-22.8193484],[-46.7461217,-22.8233004],[-46.7398941,-22.823762],[-46.737841,-22.8196472],[-46.7294501,-22.8167886],[-46.7247309,-22.7893751],[-46.7198444,-22.7828045],[-46.7088727,-22.7805198],[-46.7023969,-22.7699359],[-46.6609268,-22.7687908],[-46.6525928,-22.7664212],[-46.6392758,-22.7533296],[-46.6297681,-22.7544884],[-46.6261995,-22.7585999],[-46.615066,-22.7573605],[-46.6125542,-22.7513128],[-46.6163007,-22.732141],[-46.6205273,-22.7296067],[-46.6275142,-22.7157773],[-46.6181143,-22.7010093],[-46.6239957,-22.6890702],[-46.6189498,-22.6823304],[-46.6321245,-22.6751174],[-46.6265152,-22.6644288],[-46.6259291,-22.6588907],[-46.6298179,-22.6549719],[-46.6194695,-22.6479424],[-46.6182652,-22.6359482],[-46.6128855,-22.6321281],[-46.6056909,-22.6371213],[-46.6012967,-22.6328586],[-46.6062838,-22.6271863],[-46.6049548,-22.6049139],[-46.6105527,-22.6031977],[-46.6114437,-22.5871932],[-46.6040671,-22.5746612],[-46.6070406,-22.5700096],[-46.6035302,-22.5637078],[-46.6150257,-22.5430193],[-46.6075411,-22.5248992],[-46.5989739,-22.5150112],[-46.5878274,-22.5136517],[-46.5836317,-22.5161456],[-46.5800136,-22.5117376],[-46.5885284,-22.4896713],[-46.5692553,-22.4855643],[-46.5645781,-22.4872889],[-46.5624892,-22.484572],[-46.5656919,-22.4829639],[-46.5643589,-22.4775833],[-46.5599514,-22.4773705],[-46.5553968,-22.4708458],[-46.5429516,-22.4677639],[-46.5374765,-22.4712671],[-46.5306674,-22.4708525],[-46.5360624,-22.4877569],[-46.5421469,-22.494356],[-46.5069909,-22.5069589],[-46.5052899,-22.5170472],[-46.4911793,-22.5103867],[-46.4845699,-22.5192418],[-46.4668573,-22.518529],[-46.464924,-22.5228038],[-46.4549551,-22.5217324],[-46.4491971,-22.530835],[-46.4395191,-22.5346997],[-46.4399824,-22.5400156],[-46.4263085,-22.5475688],[-46.4179451,-22.5474557],[-46.411696,-22.5367015],[-46.4061476,-22.5414644],[-46.4114167,-22.5543133],[-46.4337254,-22.5745679],[-46.4287227,-22.5839261],[-46.4195105,-22.5828834],[-46.4120617,-22.5857658],[-46.4243364,-22.5994443],[-46.4208383,-22.5985623],[-46.4047579,-22.6208933],[-46.4230055,-22.6248448],[-46.4246199,-22.6335991],[-46.4206295,-22.6380795],[-46.4060486,-22.6405775],[-46.3963122,-22.645982],[-46.3923634,-22.6531468],[-46.3930589,-22.6629741],[-46.405863,-22.67256],[-46.4083804,-22.6693274],[-46.4050052,-22.6634347],[-46.4123367,-22.6597852],[-46.4200012,-22.6649856],[-46.4277141,-22.6613577],[-46.4401688,-22.6681473],[-46.4587795,-22.671819],[-46.4613073,-22.676012],[-46.4704224,-22.6732427],[-46.4806366,-22.6783159],[-46.4785658,-22.6858861],[-46.4699762,-22.6939757],[-46.4788904,-22.6982767],[-46.4716724,-22.7063406],[-46.4686395,-22.7013099],[-46.4630345,-22.7067542],[-46.4573342,-22.7070572],[-46.4527231,-22.7275819],[-46.4394538,-22.7267257],[-46.4315299,-22.7344127],[-46.4255821,-22.7363253],[-46.4198838,-22.7328906],[-46.4130858,-22.7383005],[-46.3937809,-22.7439725],[-46.3858053,-22.7403043],[-46.3791368,-22.7460847],[-46.3728114,-22.7468258],[-46.36048,-22.7613454],[-46.3548916,-22.7570927],[-46.3345415,-22.7603001],[-46.3325661,-22.7661158],[-46.341646,-22.7693404],[-46.3434887,-22.7774587],[-46.3480546,-22.77766],[-46.3523371,-22.7851246],[-46.3616955,-22.7889414],[-46.3768111,-22.8278195],[-46.370698,-22.8350715],[-46.3743391,-22.8439021],[-46.3725787,-22.8600974],[-46.380841,-22.8640461],[-46.3841924,-22.8699661],[-46.3755013,-22.8710073],[-46.3778358,-22.8792401],[-46.3734745,-22.8788269],[-46.3637785,-22.8936736],[-46.344893,-22.905224],[-46.337483,-22.896781],[-46.315332,-22.886793],[-46.2960609,-22.8981541],[-46.2879166,-22.8878127],[-46.2810564,-22.8842339],[-46.2790257,-22.8783476],[-46.2668638,-22.8756872],[-46.2626347,-22.8784565],[-46.2585307,-22.8905747],[-46.2417713,-22.8902711],[-46.2381712,-22.8941556],[-46.2341446,-22.8818228],[-46.199831,-22.8709476],[-46.1921979,-22.8652306],[-46.1854995,-22.8691897],[-46.1553279,-22.8641682],[-46.1450279,-22.8571903],[-46.141252,-22.868146],[-46.1421098,-22.8809561],[-46.1368863,-22.8905415],[-46.1473937,-22.9076156],[-46.1539895,-22.9124004],[-46.1434734,-22.9203277],[-46.13731,-22.9221527],[-46.1236125,-22.9095444],[-46.1086682,-22.9054622],[-46.0952183,-22.894429],[-46.0753933,-22.8909635],[-46.071575,-22.8935856],[-46.0639447,-22.8916433],[-46.050675,-22.896975],[-46.050676,-22.902325],[-46.0443,-22.905334],[-46.041,-22.915445],[-46.042557,-22.926391],[-46.048634,-22.932793],[-46.053231,-22.949978],[-46.049096,-22.954915],[-46.051966,-22.968283],[-46.063635,-22.974571],[-46.067217,-22.980196],[-46.077697,-22.977276],[-46.081454,-22.985104],[-46.08656,-22.985005],[-46.0944,-22.997241],[-46.125167,-23.008991],[-46.133942,-23.026244],[-46.141986,-23.028503],[-46.140472,-23.038841],[-46.158941,-23.049925],[-46.16144,-23.066122],[-46.173526,-23.070825],[-46.180331,-23.079393],[-46.194808,-23.077932],[-46.204872,-23.084424],[-46.208866,-23.106682],[-46.215061,-23.108424],[-46.214259,-23.11442],[-46.2182,-23.117261],[-46.2184944,-23.1237989],[-46.2215501,-23.1230164],[-46.2267483,-23.1279248],[-46.2260462,-23.1368976],[-46.2352344,-23.1354433],[-46.2471255,-23.1551028],[-46.2569649,-23.1595547],[-46.2560852,-23.1718348],[-46.261502,-23.174005],[-46.259621,-23.180014],[-46.263527,-23.183595],[-46.263096,-23.188019],[-46.268737,-23.190467],[-46.282415,-23.183487],[-46.286019,-23.190976],[-46.296933,-23.197011],[-46.307736,-23.198041],[-46.309999,-23.204751],[-46.305542,-23.213005],[-46.311501,-23.227427],[-46.329657,-23.246343],[-46.348066,-23.252645],[-46.35381,-23.264964],[-46.359771,-23.267791],[-46.356876,-23.272567],[-46.381483,-23.27808],[-46.38742,-23.286929],[-46.396249,-23.285818],[-46.399971,-23.288779],[-46.402736,-23.299121],[-46.412151,-23.301847],[-46.410499,-23.30579],[-46.418005,-23.316106],[-46.425915,-23.30185],[-46.427461,-23.291596],[-46.43748,-23.284437],[-46.434303,-23.279628],[-46.439744,-23.273439],[-46.447892,-23.270024],[-46.454015,-23.273106],[-46.459384,-23.270338],[-46.46184,-23.272439],[-46.460636,-23.278071],[-46.470818,-23.28266],[-46.472741,-23.276643],[-46.491828,-23.255252],[-46.499896,-23.252783],[-46.503069,-23.247942],[-46.514195,-23.250163],[-46.515385,-23.237506]]]}},{"type":"Feature","id":"35072","properties":{"cd_regiao_saude":"35072","nm_regiao_saude":"REGIAO METROPOLITANA DE CAMPINAS","cd_macrorregiao_saude":"3528","nm_macrorregiao_saude":"RRAS15","qt_municipio":19,"qt_populacao_ibge_2022":3159035},"geometry":{"type":"Polygon","coordinates":[[[-47.229918,-23.181299],[-47.240528,-23.184088],[-47.25176,-23.176461],[-47.251691,-23.172928],[-47.258209,-23.166999],[-47.2553,-23.156452],[-47.260271,-23.146819],[-47.270271,-23.145582],[-47.2748,-23.151604],[-47.288954,-23.157924],[-47.294943,-23.152002],[-47.299664,-23.138537],[-47.305447,-23.134678],[-47.2983883,-23.093114],[-47.2779411,-23.0698627],[-47.2860475,-23.0591447],[-47.2912465,-23.0418104],[-47.3005954,-23.0294666],[-47.3075963,-23.0272522],[-47.3172582,-23.030244],[-47.3530938,-23.0077229],[-47.3788543,-22.9851037],[-47.3857713,-22.9859807],[-47.4010239,-22.9735114],[-47.4058002,-22.962233],[-47.3983403,-22.9588791],[-47.3962485,-22.9543559],[-47.3873102,-22.9557471],[-47.3885216,-22.9398032],[-47.3915272,-22.9355659],[-47.3865591,-22.9185876],[-47.3938073,-22.9155415],[-47.3916383,-22.9112102],[-47.3964741,-22.9073387],[-47.396441,-22.9035048],[-47.4073506,-22.9042387],[-47.4121768,-22.9082111],[-47.4146028,-22.9045819],[-47.4354163,-22.8956566],[-47.4363349,-22.8909205],[-47.4411259,-22.8894661],[-47.4422799,-22.879198],[-47.449929,-22.8709491],[-47.4513807,-22.8574688],[-47.4488882,-22.8457669],[-47.4559566,-22.8479806],[-47.4650576,-22.8582044],[-47.4772878,-22.8596996],[-47.481624,-22.858911],[-47.4852128,-22.8496869],[-47.5000518,-22.8544831],[-47.5084194,-22.8523859],[-47.5193971,-22.854415],[-47.530549,-22.8456833],[-47.527417,-22.8301143],[-47.5195028,-22.8202508],[-47.5200086,-22.8147346],[-47.5137706,-22.8076384],[-47.5052492,-22.7858184],[-47.496479,-22.7821305],[-47.4951775,-22.7758491],[-47.4979629,-22.7615944],[-47.4929628,-22.7534659],[-47.510335,-22.7362551],[-47.49046,-22.7242852],[-47.4827282,-22.7358357],[-47.474296,-22.7383149],[-47.4714192,-22.7317979],[-47.4650022,-22.7356053],[-47.4600261,-22.7264544],[-47.4533066,-22.7294724],[-47.4378034,-22.7139549],[-47.4248748,-22.7105926],[-47.4120013,-22.7149336],[-47.3943748,-22.7067043],[-47.380759,-22.687558],[-47.364215,-22.680563],[-47.346502,-22.704238],[-47.334084,-22.713321],[-47.322721,-22.710504],[-47.320759,-22.707121],[-47.323038,-22.696955],[-47.312744,-22.687374],[-47.299558,-22.687877],[-47.286494,-22.693843],[-47.280384,-22.6924845],[-47.2798085,-22.6898421],[-47.2853633,-22.687254],[-47.2778387,-22.6801371],[-47.2801954,-22.6727668],[-47.2786913,-22.6623013],[-47.2667967,-22.6532414],[-47.2669379,-22.6439573],[-47.2600747,-22.6383021],[-47.2537658,-22.6248672],[-47.2316458,-22.6105623],[-47.2273204,-22.6039794],[-47.2434756,-22.5832752],[-47.2312674,-22.5806228],[-47.2276899,-22.5708122],[-47.2184289,-22.5611156],[-47.2117987,-22.5379691],[-47.2329737,-22.5264208],[-47.2365738,-22.5205921],[-47.2309985,-22.5200769],[-47.2261123,-22.5247814],[-47.2142558,-22.5270253],[-47.1891701,-22.5210495],[-47.1882599,-22.5156039],[-47.1747712,-22.518965],[-47.1678719,-22.5170891],[-47.1413474,-22.5264446],[-47.1244674,-22.5264302],[-47.1042104,-22.5176589],[-47.0960433,-22.5085658],[-47.0829026,-22.4848063],[-47.0857811,-22.4739068],[-47.0799569,-22.4731598],[-47.0723379,-22.4777091],[-47.0697526,-22.4856219],[-47.0725038,-22.4974245],[-47.0621892,-22.5105287],[-47.0530818,-22.5166603],[-47.054481,-22.5257855],[-47.0483082,-22.5337107],[-47.0493265,-22.5424288],[-47.044053,-22.548026],[-47.0423693,-22.5554816],[-47.0498858,-22.5611329],[-47.0544546,-22.5713053],[-47.0493657,-22.569527],[-47.0440878,-22.5741052],[-47.0376218,-22.5721074],[-47.0312354,-22.5747625],[-47.0234712,-22.5630226],[-47.0167925,-22.5656277],[-47.0044635,-22.5630395],[-46.9870901,-22.5440847],[-46.9673644,-22.5524785],[-46.9624459,-22.5518602],[-46.9545434,-22.562197],[-46.9522228,-22.5723364],[-46.9460263,-22.5713565],[-46.9387996,-22.5634226],[-46.9314974,-22.5620527],[-46.9231875,-22.5661927],[-46.9195384,-22.5760861],[-46.9103296,-22.5725012],[-46.897237,-22.5612611],[-46.8876191,-22.5463743],[-46.8716658,-22.5476409],[-46.8756078,-22.574146],[-46.8816112,-22.5805993],[-46.8805512,-22.5835686],[-46.8726829,-22.5805966],[-46.8695649,-22.5833599],[-46.8741827,-22.5874218],[-46.8702321,-22.5891488],[-46.8703013,-22.5942288],[-46.8646328,-22.5980065],[-46.8637407,-22.6025393],[-46.882473,-22.6184605],[-46.8902837,-22.6183692],[-46.8974287,-22.6248531],[-46.8989931,-22.6279387],[-46.8949654,-22.6305169],[-46.89335,-22.6369177],[-46.8980046,-22.6423804],[-46.8979381,-22.6571214],[-46.9035443,-22.6565276],[-46.9115136,-22.6663116],[-46.9294556,-22.6740357],[-46.9322028,-22.6814675],[-46.9223333,-22.6870333],[-46.9138138,-22.7000384],[-46.9108203,-22.6995324],[-46.90984,-22.6865947],[-46.9014222,-22.6846902],[-46.8977089,-22.6894403],[-46.8924924,-22.689835],[-46.8914159,-22.6861556],[-46.8874215,-22.6856377],[-46.8796116,-22.6909415],[-46.8784608,-22.69689],[-46.8845536,-22.7156188],[-46.8807613,-22.7189608],[-46.8735213,-22.7172983],[-46.8636236,-22.7280965],[-46.8587321,-22.7374521],[-46.8597498,-22.7461127],[-46.8485289,-22.7499488],[-46.8497648,-22.7605347],[-46.8353019,-22.776376],[-46.8356552,-22.799507],[-46.8288212,-22.8033533],[-46.8327802,-22.8074916],[-46.8365087,-22.8234911],[-46.8402413,-22.8255097],[-46.8371396,-22.8433917],[-46.8218826,-22.8425983],[-46.8182016,-22.84507],[-46.811236,-22.8360762],[-46.8079923,-22.8388923],[-46.8036105,-22.8340268],[-46.8019809,-22.8374352],[-46.7949561,-22.8340447],[-46.7953507,-22.8378484],[-46.7892843,-22.8386109],[-46.7862028,-22.8430673],[-46.7892186,-22.8467717],[-46.784288,-22.8517332],[-46.7769992,-22.8507425],[-46.7750608,-22.8465315],[-46.7686219,-22.8529874],[-46.7605545,-22.8479266],[-46.760477,-22.8581419],[-46.7435769,-22.8575835],[-46.7437329,-22.8635448],[-46.7332337,-22.863047],[-46.7316234,-22.8580587],[-46.7349515,-22.8543432],[-46.7299898,-22.8521741],[-46.7262717,-22.8572868],[-46.7271123,-22.8657367],[-46.7227154,-22.8710886],[-46.7255796,-22.8769996],[-46.7184741,-22.8782801],[-46.7238681,-22.8843943],[-46.7186636,-22.8869033],[-46.7216272,-22.894269],[-46.7164418,-22.892722],[-46.7128671,-22.8842904],[-46.702874,-22.8886907],[-46.7041153,-22.8785913],[-46.6905402,-22.8796589],[-46.6922793,-22.8857272],[-46.6808655,-22.8860171],[-46.6798573,-22.8987223],[-46.6844697,-22.9146746],[-46.6798987,-22.9221833],[-46.6816,-22.9302235],[-46.6739293,-22.9269835],[-46.6703755,-22.9294162],[-46.6865623,-22.9415977],[-46.6982782,-22.9581252],[-46.7128632,-22.9587227],[-46.7206701,-22.9671872],[-46.7157467,-22.9732155],[-46.7171007,-22.9786567],[-46.7253843,-22.9792853],[-46.7265464,-22.9837813],[-46.7354422,-22.9797843],[-46.7381328,-22.9835363],[-46.7330482,-22.9851355],[-46.7424403,-22.9892584],[-46.7406645,-22.9941557],[-46.763926,-23.0037201],[-46.7560771,-23.0054458],[-46.7482718,-23.0130457],[-46.7342679,-23.010891],[-46.7315457,-23.0158616],[-46.7328235,-23.0223662],[-46.7239295,-23.0282617],[-46.7273043,-23.0385473],[-46.7376639,-23.0515637],[-46.7450052,-23.0546222],[-46.7458332,-23.0683386],[-46.7531867,-23.0743823],[-46.7508437,-23.0879398],[-46.7593295,-23.0929028],[-46.7636137,-23.0912527],[-46.766942,-23.0995383],[-46.7866171,-23.097027],[-46.7902391,-23.0978623],[-46.7906783,-23.1024639],[-46.8048846,-23.1009682],[-46.8124993,-23.1068226],[-46.8185555,-23.104601],[-46.8229799,-23.0974827],[-46.842516,-23.0996774],[-46.8468585,-23.0976126],[-46.8546143,-23.0828799],[-46.8671018,-23.074193],[-46.8721456,-23.0739882],[-46.8776141,-23.0662382],[-46.8822983,-23.068635],[-46.8849842,-23.0633852],[-46.8934572,-23.0597862],[-46.8972691,-23.0647725],[-46.9012902,-23.0607209],[-46.9048483,-23.0621318],[-46.917468,-23.04474],[-46.9221556,-23.054241],[-46.9333178,-23.0566186],[-46.9429115,-23.0668339],[-46.9538666,-23.0637036],[-46.9594345,-23.0680965],[-46.9703661,-23.061412],[-46.9770781,-23.0661122],[-46.9813618,-23.0777493],[-46.9892563,-23.0816729],[-46.9909058,-23.087116],[-46.9943446,-23.0867638],[-46.9982016,-23.0918415],[-46.999098,-23.0979576],[-46.9929391,-23.1078719],[-46.9953915,-23.1154637],[-47.0028674,-23.1086598],[-47.0049631,-23.1021134],[-47.0144845,-23.0969118],[-47.0160013,-23.0865984],[-47.0239844,-23.0838473],[-47.0294663,-23.0759203],[-47.0277238,-23.0713647],[-47.038051,-23.0655605],[-47.0377421,-23.0570423],[-47.0425693,-23.0525148],[-47.070169,-23.047636],[-47.074571,-23.053108],[-47.0922471,-23.0582487],[-47.0923042,-23.0642993],[-47.0844092,-23.0728628],[-47.0867907,-23.0842659],[-47.08432,-23.0896934],[-47.0976334,-23.0919034],[-47.0998481,-23.0951136],[-47.1111833,-23.0935862],[-47.1171255,-23.1031286],[-47.1417918,-23.1005953],[-47.1470716,-23.1033939],[-47.133716,-23.1465744],[-47.1135779,-23.1787296],[-47.1161813,-23.1934195],[-47.1201435,-23.198864],[-47.1068786,-23.2124946],[-47.1128121,-23.2260342],[-47.1277146,-23.2143962],[-47.1302988,-23.2030825],[-47.1566285,-23.2019471],[-47.1896219,-23.1933406],[-47.195376,-23.186159],[-47.229918,-23.181299]]]}},{"type":"Feature","id":"35073","properties":{"cd_regiao_saude":"35073","nm_regiao_saude":"JUNDIAI","cd_macrorregiao_saude":"3527","nm_macrorregiao_saude":"RRAS16","qt_municipio":7,"qt_populacao_ibge_2022":843633},"geometry":{"type":"Polygon","coordinates":[[[-46.9590525,-23.3270493],[-46.9640341,-23.3235745],[-46.9836671,-23.3336404],[-46.9928057,-23.3337525],[-46.9957193,-23.3310003],[-46.9999975,-23.3332458],[-47.0005443,-23.3381417],[-47.0153509,-23.3403334],[-47.0173298,-23.3453575],[-47.0312477,-23.3460128],[-47.057073,-23.3572472],[-47.0663202,-23.3545194],[-47.0658041,-23.3577848],[-47.0723837,-23.359044],[-47.0821401,-23.3575883],[-47.0878128,-23.3532304],[-47.0921906,-23.3561799],[-47.0923733,-23.3627177],[-47.0962258,-23.3673952],[-47.0946348,-23.3712291],[-47.1026101,-23.3694847],[-47.1053189,-23.3716636],[-47.1011014,-23.3868215],[-47.0907337,-23.3864004],[-47.081736,-23.3813248],[-47.0831697,-23.4015962],[-47.0902757,-23.403057],[-47.0960909,-23.398391],[-47.1009242,-23.4045824],[-47.1052398,-23.4017764],[-47.122419,-23.4029461],[-47.1176721,-23.3766394],[-47.1323781,-23.3820533],[-47.1317447,-23.3749375],[-47.1380534,-23.3690752],[-47.1367999,-23.3586429],[-47.1420732,-23.3491097],[-47.1654349,-23.3427677],[-47.1710859,-23.3378464],[-47.1737557,-23.3256009],[-47.1614648,-23.3205446],[-47.1666191,-23.3125045],[-47.1617821,-23.3115911],[-47.1612867,-23.3076691],[-47.1667567,-23.3041622],[-47.1684842,-23.2940109],[-47.1807747,-23.2932247],[-47.1913559,-23.2700938],[-47.1909835,-23.2461014],[-47.1823823,-23.2480433],[-47.1763552,-23.2572275],[-47.1462778,-23.2557073],[-47.1290741,-23.2438598],[-47.1211116,-23.2290344],[-47.1160354,-23.2250587],[-47.1128121,-23.2260342],[-47.1068567,-23.2144936],[-47.1199608,-23.2000214],[-47.1135779,-23.1787296],[-47.133716,-23.1465744],[-47.1468141,-23.1029623],[-47.1249831,-23.1004782],[-47.1171255,-23.1031286],[-47.1111833,-23.0935862],[-47.0998481,-23.0951136],[-47.0976334,-23.0919034],[-47.08432,-23.0896934],[-47.0867907,-23.0842659],[-47.0844092,-23.0728628],[-47.0923042,-23.0642993],[-47.0922471,-23.0582487],[-47.074571,-23.053108],[-47.070169,-23.047636],[-47.0425693,-23.0525148],[-47.0377421,-23.0570423],[-47.038051,-23.0655605],[-47.0277238,-23.0713647],[-47.0294663,-23.0759203],[-47.0239844,-23.0838473],[-47.0160013,-23.0865984],[-47.0144845,-23.0969118],[-47.0049631,-23.1021134],[-47.0028674,-23.1086598],[-46.9953915,-23.1154637],[-46.9929391,-23.1078719],[-46.999098,-23.0979576],[-46.9982016,-23.0918415],[-46.9943446,-23.0867638],[-46.9909058,-23.087116],[-46.9892563,-23.0816729],[-46.9813618,-23.0777493],[-46.9770781,-23.0661122],[-46.9703661,-23.061412],[-46.9594345,-23.0680965],[-46.9538666,-23.0637036],[-46.9429115,-23.0668339],[-46.9333178,-23.0566186],[-46.9221556,-23.054241],[-46.917468,-23.04474],[-46.9048483,-23.0621318],[-46.9012902,-23.0607209],[-46.8972691,-23.0647725],[-46.8934572,-23.0597862],[-46.8849842,-23.0633852],[-46.8822983,-23.068635],[-46.8776141,-23.0662382],[-46.8721456,-23.0739882],[-46.8671018,-23.074193],[-46.8546143,-23.0828799],[-46.8468585,-23.0976126],[-46.842516,-23.0996774],[-46.8229799,-23.0974827],[-46.8185555,-23.104601],[-46.8124993,-23.1068226],[-46.8048846,-23.1009682],[-46.7906783,-23.1024639],[-46.7902391,-23.0978623],[-46.7866171,-23.097027],[-46.766942,-23.0995383],[-46.7636137,-23.0912527],[-46.7593295,-23.0929028],[-46.7508437,-23.0879398],[-46.7531867,-23.0743823],[-46.7458332,-23.0683386],[-46.7450052,-23.0546222],[-46.7376639,-23.0515637],[-46.7273043,-23.0385473],[-46.7239295,-23.0282617],[-46.7328235,-23.0223662],[-46.7315457,-23.0158616],[-46.7342679,-23.010891],[-46.7482718,-23.0130457],[-46.7560771,-23.0054458],[-46.763926,-23.0037201],[-46.7406645,-22.9941557],[-46.7424403,-22.9892584],[-46.7330482,-22.9851355],[-46.7383052,-22.9830359],[-46.7349333,-22.9795689],[-46.7265464,-22.9837813],[-46.7253843,-22.9792853],[-46.7160607,-22.9772821],[-46.7116986,-22.9840605],[-46.706052,-22.9840716],[-46.7014353,-23.0001346],[-46.7040375,-23.0030714],[-46.7020969,-23.0102429],[-46.6956614,-23.0100467],[-46.6976626,-23.0148299],[-46.6933112,-23.0151754],[-46.6773137,-23.0347961],[-46.6783373,-23.0451372],[-46.6866204,-23.0563357],[-46.68411,-23.0592928],[-46.6858513,-23.0672356],[-46.6762465,-23.0839256],[-46.6777777,-23.0909429],[-46.6744257,-23.0942945],[-46.6787292,-23.104655],[-46.6738137,-23.1146388],[-46.6703295,-23.1418132],[-46.6624423,-23.1575568],[-46.6540049,-23.1616086],[-46.6545796,-23.174609],[-46.6593678,-23.1787913],[-46.6622409,-23.1901888],[-46.6593976,-23.1968223],[-46.6700457,-23.2067073],[-46.6688237,-23.213988],[-46.6718078,-23.2149029],[-46.686882,-23.2063899],[-46.6921231,-23.209533],[-46.7000383,-23.207096],[-46.7042161,-23.2098342],[-46.7037702,-23.2056923],[-46.708421,-23.204707],[-46.7112585,-23.2077389],[-46.7094054,-23.209901],[-46.7164523,-23.2163197],[-46.7130881,-23.2308827],[-46.7042465,-23.2370001],[-46.7040604,-23.2521241],[-46.7185235,-23.2532958],[-46.7253636,-23.2484576],[-46.7328327,-23.2534176],[-46.745466,-23.2504049],[-46.7525611,-23.2557441],[-46.757163,-23.253483],[-46.760845,-23.258396],[-46.771508,-23.259853],[-46.778571,-23.25652],[-46.783991,-23.260878],[-46.783686,-23.265378],[-46.790873,-23.266742],[-46.792796,-23.261192],[-46.802441,-23.257011],[-46.80311,-23.270598],[-46.805554,-23.274753],[-46.813905,-23.27682],[-46.81444,-23.282215],[-46.83187,-23.27899],[-46.834676,-23.280627],[-46.834489,-23.286227],[-46.838457,-23.287918],[-46.844371,-23.282006],[-46.849939,-23.285617],[-46.867464,-23.277939],[-46.869642,-23.282185],[-46.8758036,-23.2837155],[-46.877194,-23.2909482],[-46.8855537,-23.2905306],[-46.8900296,-23.2998155],[-46.9019133,-23.3075829],[-46.9184298,-23.310722],[-46.9224067,-23.3079266],[-46.9308956,-23.3116695],[-46.9389736,-23.3235118],[-46.9414475,-23.3202623],[-46.945335,-23.3251629],[-46.9590525,-23.3270493]]]}},{"type":"Feature","id":"35074","properties":{"cd_regiao_saude":"35074","nm_regiao_saude":"CIRCUITO DAS AGUAS","cd_macrorregiao_saude":"3528","nm_macrorregiao_saude":"RRAS15","qt_municipio":5,"qt_populacao_ibge_2022":131473},"geometry":{"type":"Polygon","coordinates":[[[-46.6275142,-22.7157773],[-46.6163007,-22.732141],[-46.6125542,-22.7513128],[-46.6153289,-22.7577452],[-46.6261995,-22.7585999],[-46.6297681,-22.7544884],[-46.6392758,-22.7533296],[-46.6525928,-22.7664212],[-46.6609268,-22.7687908],[-46.7023969,-22.7699359],[-46.7088727,-22.7805198],[-46.7198444,-22.7828045],[-46.7247309,-22.7893751],[-46.7294501,-22.8167886],[-46.737841,-22.8196472],[-46.7398941,-22.823762],[-46.7461217,-22.8233004],[-46.7488971,-22.8193484],[-46.7545068,-22.8224485],[-46.7606787,-22.8366251],[-46.7608793,-22.8478524],[-46.7666827,-22.8523431],[-46.7697431,-22.8528163],[-46.7750608,-22.8465315],[-46.7769992,-22.8507425],[-46.784288,-22.8517332],[-46.7892186,-22.8467717],[-46.7862028,-22.8430673],[-46.7892843,-22.8386109],[-46.7953507,-22.8378484],[-46.7949561,-22.8340447],[-46.8019809,-22.8374352],[-46.8036105,-22.8340268],[-46.8079923,-22.8388923],[-46.811236,-22.8360762],[-46.8182016,-22.84507],[-46.8218826,-22.8425983],[-46.835596,-22.844296],[-46.8402413,-22.8255097],[-46.8365087,-22.8234911],[-46.8327802,-22.8074916],[-46.8288212,-22.8033533],[-46.8356552,-22.799507],[-46.8353019,-22.776376],[-46.8497648,-22.7605347],[-46.8485289,-22.7499488],[-46.8597498,-22.7461127],[-46.8587321,-22.7374521],[-46.8636236,-22.7280965],[-46.8735213,-22.7172983],[-46.8807613,-22.7189608],[-46.8845536,-22.7156188],[-46.8784608,-22.69689],[-46.8796116,-22.6909415],[-46.8874215,-22.6856377],[-46.8914159,-22.6861556],[-46.8924924,-22.689835],[-46.8977089,-22.6894403],[-46.9014222,-22.6846902],[-46.90984,-22.6865947],[-46.9108203,-22.6995324],[-46.9138138,-22.7000384],[-46.9223333,-22.6870333],[-46.9279613,-22.6856576],[-46.9319113,-22.6790314],[-46.9294556,-22.6740357],[-46.9111093,-22.6660289],[-46.9035443,-22.6565276],[-46.8979381,-22.6571214],[-46.8980046,-22.6423804],[-46.89335,-22.6369177],[-46.8949654,-22.6305169],[-46.8989931,-22.6279387],[-46.8974287,-22.6248531],[-46.8902837,-22.6183692],[-46.882473,-22.6184605],[-46.8637407,-22.6025393],[-46.8646328,-22.5980065],[-46.8703013,-22.5942288],[-46.8702321,-22.5891488],[-46.8741827,-22.5874218],[-46.8717696,-22.5844774],[-46.8644301,-22.5861679],[-46.8546318,-22.5800124],[-46.8325229,-22.5789815],[-46.8200945,-22.5612426],[-46.8184734,-22.5528693],[-46.80904,-22.5450345],[-46.8018548,-22.5475609],[-46.7930033,-22.5383514],[-46.7709525,-22.5362081],[-46.7658966,-22.5418908],[-46.7615574,-22.5420632],[-46.763222,-22.5446581],[-46.7603189,-22.5469546],[-46.7462713,-22.5476132],[-46.7443532,-22.5504033],[-46.7378251,-22.548364],[-46.7329746,-22.5343338],[-46.7206202,-22.5283485],[-46.7217359,-22.516033],[-46.7105417,-22.4982224],[-46.6882586,-22.4899987],[-46.6934796,-22.4798719],[-46.6894611,-22.476122],[-46.6809822,-22.4739971],[-46.6763428,-22.4770146],[-46.6688027,-22.4735856],[-46.6647612,-22.4759977],[-46.6535738,-22.4714228],[-46.6425664,-22.4602614],[-46.6374525,-22.4604848],[-46.6119228,-22.435443],[-46.6034679,-22.4430741],[-46.5893273,-22.4382016],[-46.5736718,-22.4455858],[-46.5726544,-22.4531416],[-46.5648345,-22.4473925],[-46.554814,-22.44665],[-46.5488098,-22.4551545],[-46.5515534,-22.4599795],[-46.5498648,-22.4695489],[-46.5643589,-22.4775833],[-46.5656919,-22.4829639],[-46.5624892,-22.484572],[-46.5645781,-22.4872889],[-46.5692553,-22.4855643],[-46.5885284,-22.4896713],[-46.5800136,-22.5117376],[-46.5836317,-22.5161456],[-46.5878274,-22.5136517],[-46.5989739,-22.5150112],[-46.6075411,-22.5248992],[-46.6150257,-22.5430193],[-46.6035302,-22.5637078],[-46.6070406,-22.5700096],[-46.6040671,-22.5746612],[-46.6114437,-22.5871932],[-46.6105527,-22.6031977],[-46.6049548,-22.6049139],[-46.6062838,-22.6271863],[-46.6012967,-22.6328586],[-46.6071183,-22.6373294],[-46.6123573,-22.6322431],[-46.6161109,-22.6332246],[-46.6194695,-22.6479424],[-46.6298179,-22.6549719],[-46.6259291,-22.6588907],[-46.6318446,-22.6758668],[-46.6189498,-22.6823304],[-46.6239957,-22.6890702],[-46.6181143,-22.7010093],[-46.6275142,-22.7157773]]]}},{"type":"Feature","id":"35081","properties":{"cd_regiao_saude":"35081","nm_regiao_saude":"TRES COLINAS","cd_macrorregiao_saude":"3530","nm_macrorregiao_saude":"RRAS13","qt_municipio":10,"qt_populacao_ibge_2022":424174},"geometry":{"type":"Polygon","coordinates":[[[-47.1862607,-20.7311344],[-47.1766351,-20.7359093],[-47.1751925,-20.7392619],[-47.1822923,-20.741293],[-47.1888183,-20.7706247],[-47.1952994,-20.774969],[-47.2070694,-20.7755311],[-47.2114505,-20.7806531],[-47.2138655,-20.7923115],[-47.2247543,-20.8000989],[-47.2141815,-20.8236926],[-47.2297616,-20.8586614],[-47.234697,-20.8579435],[-47.2466321,-20.864594],[-47.2632352,-20.8536193],[-47.2659858,-20.858456],[-47.2785284,-20.8453445],[-47.2755973,-20.8438561],[-47.2821007,-20.8427414],[-47.2832847,-20.838487],[-47.2895525,-20.835916],[-47.293849,-20.8415117],[-47.2977573,-20.8394541],[-47.302493,-20.8416881],[-47.3058823,-20.8373259],[-47.3064887,-20.8431796],[-47.3145295,-20.8412831],[-47.313185,-20.8476785],[-47.3231378,-20.847734],[-47.3275566,-20.8593046],[-47.3366926,-20.8592092],[-47.3445092,-20.8542347],[-47.342832,-20.849601],[-47.3486517,-20.8478884],[-47.3496448,-20.8400284],[-47.3450982,-20.8354331],[-47.3475795,-20.8339419],[-47.3435186,-20.8304187],[-47.3449017,-20.8276863],[-47.3551133,-20.8297339],[-47.3563842,-20.8252877],[-47.3696915,-20.8271276],[-47.3707028,-20.8214867],[-47.3902831,-20.820772],[-47.3963149,-20.8108718],[-47.4066568,-20.8123479],[-47.4183032,-20.8061349],[-47.4269184,-20.7939337],[-47.435974,-20.7922238],[-47.4422611,-20.7818688],[-47.4276714,-20.777255],[-47.4331314,-20.7726408],[-47.4289065,-20.7678074],[-47.4298246,-20.7641268],[-47.438095,-20.7654325],[-47.4535701,-20.7599609],[-47.4600874,-20.763892],[-47.4555903,-20.7732275],[-47.4701305,-20.7698924],[-47.4727377,-20.7599393],[-47.4706817,-20.7522125],[-47.47856,-20.7541342],[-47.4943652,-20.748696],[-47.4949349,-20.7429467],[-47.4994132,-20.7425166],[-47.4990746,-20.7393218],[-47.5064318,-20.7347597],[-47.5052258,-20.7312177],[-47.5085144,-20.7323965],[-47.5084715,-20.7250492],[-47.5140105,-20.7248058],[-47.5152282,-20.7296533],[-47.5173992,-20.7267441],[-47.5281403,-20.7322647],[-47.5274104,-20.7278426],[-47.5333642,-20.7275431],[-47.529561,-20.7236047],[-47.534122,-20.7231991],[-47.5331304,-20.717498],[-47.5445388,-20.7218766],[-47.544791,-20.7271492],[-47.5399393,-20.7279488],[-47.5408077,-20.7326449],[-47.5382838,-20.7311042],[-47.5400745,-20.7359597],[-47.5517349,-20.7349701],[-47.5489227,-20.7407865],[-47.568184,-20.7390313],[-47.5712962,-20.7325774],[-47.5676425,-20.7273111],[-47.5714542,-20.7215278],[-47.5743043,-20.7267596],[-47.5790659,-20.7243375],[-47.5770233,-20.7172776],[-47.5809807,-20.7102812],[-47.5865109,-20.7095477],[-47.5938342,-20.7131955],[-47.5957366,-20.7180207],[-47.6039344,-20.7185317],[-47.6051216,-20.7033275],[-47.5982113,-20.6930968],[-47.6146558,-20.7013987],[-47.6202528,-20.7005253],[-47.6220541,-20.6976869],[-47.6175786,-20.6808037],[-47.6262478,-20.6833588],[-47.6288675,-20.6916706],[-47.6337141,-20.6923945],[-47.6371263,-20.6902354],[-47.6343436,-20.6822962],[-47.6391568,-20.6709975],[-47.6536083,-20.6676739],[-47.6545099,-20.6706963],[-47.6618558,-20.6706181],[-47.6550218,-20.6626351],[-47.6708693,-20.6500004],[-47.652947,-20.6506869],[-47.6548586,-20.6428342],[-47.6698326,-20.6378086],[-47.6742057,-20.6432872],[-47.680048,-20.6432663],[-47.6890317,-20.6345392],[-47.6837928,-20.6292067],[-47.7080987,-20.6254669],[-47.7130763,-20.627209],[-47.7216987,-20.6114819],[-47.7404304,-20.6038756],[-47.7430274,-20.5954835],[-47.7258939,-20.5815978],[-47.7125432,-20.5591981],[-47.6928348,-20.5565457],[-47.6920411,-20.543174],[-47.6472535,-20.5186087],[-47.6394119,-20.5023054],[-47.6413416,-20.4878633],[-47.6266206,-20.4803572],[-47.6152159,-20.481674],[-47.6340752,-20.4421322],[-47.6440637,-20.4424496],[-47.661631,-20.4329644],[-47.6658906,-20.4238438],[-47.6422515,-20.4170845],[-47.6422725,-20.4131096],[-47.6260253,-20.4095288],[-47.6330935,-20.4013781],[-47.6198836,-20.369814],[-47.6185142,-20.3452704],[-47.6273634,-20.3255623],[-47.6421265,-20.3177458],[-47.6454422,-20.2882644],[-47.6433335,-20.2837254],[-47.6315101,-20.2862082],[-47.6239176,-20.2799081],[-47.6106071,-20.2772968],[-47.6074153,-20.2607319],[-47.6026499,-20.252646],[-47.6097059,-20.231779],[-47.6191607,-20.2188652],[-47.6108809,-20.1971569],[-47.6058341,-20.1951664],[-47.5923066,-20.1769251],[-47.5941509,-20.1730885],[-47.5970368,-20.174689],[-47.6057785,-20.1670393],[-47.609123,-20.1596032],[-47.6055129,-20.1551854],[-47.5820428,-20.1505503],[-47.570724,-20.1556663],[-47.5636061,-20.153287],[-47.5582199,-20.1429619],[-47.5428658,-20.1366973],[-47.5438875,-20.1268474],[-47.532358,-20.1215037],[-47.5319625,-20.109267],[-47.5178732,-20.1055112],[-47.5090011,-20.0599083],[-47.5400786,-20.0189029],[-47.5435618,-20.0092897],[-47.5424264,-19.9964049],[-47.5442097,-19.9932793],[-47.5492377,-19.9937697],[-47.5423805,-19.9852613],[-47.5085321,-19.9829406],[-47.4977254,-19.9716276],[-47.4792614,-19.9687533],[-47.4745178,-19.9621164],[-47.4682927,-19.9614222],[-47.4588453,-19.9716109],[-47.4502762,-19.9878376],[-47.4378066,-19.9969858],[-47.424428,-20.0153196],[-47.4345585,-20.0244509],[-47.4442363,-20.0279605],[-47.4387084,-20.0510888],[-47.418234,-20.0646426],[-47.4049592,-20.0827359],[-47.3745709,-20.0836627],[-47.3586764,-20.1039816],[-47.3475377,-20.1053436],[-47.3411228,-20.1112496],[-47.3096734,-20.1244984],[-47.2964016,-20.1458881],[-47.2890447,-20.1513621],[-47.2617804,-20.1599249],[-47.2570443,-20.166204],[-47.2573479,-20.1846702],[-47.2541008,-20.1943303],[-47.2310736,-20.2191522],[-47.2462664,-20.2614442],[-47.2528741,-20.263638],[-47.2646259,-20.2825702],[-47.2699275,-20.2828258],[-47.2767287,-20.291638],[-47.2818234,-20.3125828],[-47.28582,-20.3162865],[-47.28496,-20.3319902],[-47.2902892,-20.3337284],[-47.2894355,-20.3375256],[-47.2982081,-20.3484357],[-47.2933515,-20.3643456],[-47.2954892,-20.3692059],[-47.2925354,-20.3703152],[-47.2944313,-20.380768],[-47.290625,-20.3832229],[-47.2937612,-20.3856908],[-47.2872378,-20.3879204],[-47.2914556,-20.4000463],[-47.2854557,-20.40574],[-47.2895896,-20.4098116],[-47.2884254,-20.41673],[-47.2934821,-20.4180244],[-47.2887666,-20.4215549],[-47.2961002,-20.427256],[-47.2929076,-20.4282058],[-47.2944737,-20.4317505],[-47.2872891,-20.4351494],[-47.2864825,-20.4424508],[-47.2927656,-20.4477336],[-47.2698704,-20.4665317],[-47.259485,-20.468927],[-47.2536045,-20.4779523],[-47.2505973,-20.4767454],[-47.2411881,-20.4835941],[-47.2296016,-20.4869039],[-47.2195406,-20.496521],[-47.2130387,-20.4981839],[-47.2115101,-20.5023184],[-47.2026513,-20.501566],[-47.184792,-20.5137049],[-47.1511497,-20.5220465],[-47.1434598,-20.5353234],[-47.1452306,-20.5402092],[-47.1415205,-20.5410165],[-47.138234,-20.5545926],[-47.1385129,-20.563846],[-47.1426277,-20.5660141],[-47.1323961,-20.5907839],[-47.1252901,-20.5904314],[-47.1227618,-20.5946813],[-47.1252904,-20.6087946],[-47.1233226,-20.6127225],[-47.1087345,-20.6208048],[-47.1126809,-20.6380843],[-47.0974565,-20.6438768],[-47.095922,-20.6522339],[-47.0967873,-20.6617832],[-47.1027102,-20.6698871],[-47.1012353,-20.6831658],[-47.1127937,-20.6966476],[-47.1153009,-20.7072048],[-47.1490655,-20.7076166],[-47.1655985,-20.7014877],[-47.1731248,-20.7119186],[-47.1695094,-20.7176966],[-47.1862607,-20.7311344]]]}},{"type":"Feature","id":"35082","properties":{"cd_regiao_saude":"35082","nm_regiao_saude":"ALTA ANHANGUERA","cd_macrorregiao_saude":"3530","nm_macrorregiao_saude":"RRAS13","qt_municipio":6,"qt_populacao_ibge_2022":148066},"geometry":{"type":"Polygon","coordinates":[[[-47.7191598,-20.8155995],[-47.7274927,-20.8282604],[-47.745136,-20.8352216],[-47.7497555,-20.8456025],[-47.7729836,-20.8557516],[-47.7869128,-20.8798938],[-47.7797464,-20.8944378],[-47.7960997,-20.8997594],[-47.7991895,-20.8897696],[-47.8088856,-20.8904961],[-47.8285236,-20.9013595],[-47.8373654,-20.9106018],[-47.8572368,-20.8979051],[-47.8705861,-20.8945375],[-47.8784834,-20.9051806],[-47.8896356,-20.9098671],[-47.9032665,-20.8908836],[-47.9119153,-20.8907821],[-47.9233691,-20.8827655],[-47.9397182,-20.8999467],[-47.9853687,-20.8763699],[-48.0162573,-20.8928179],[-48.0247721,-20.9024291],[-48.0374356,-20.9067044],[-48.0464424,-20.9176626],[-48.0485883,-20.9293703],[-48.0534423,-20.9315646],[-48.0648811,-20.9233069],[-48.0724395,-20.9231833],[-48.0793612,-20.9140476],[-48.103667,-20.9000902],[-48.1122115,-20.9028746],[-48.1258336,-20.9018984],[-48.1408113,-20.8923645],[-48.1548782,-20.8936744],[-48.1661501,-20.8840989],[-48.1738645,-20.8889296],[-48.1910177,-20.8863203],[-48.2431512,-20.8480843],[-48.2436881,-20.8421528],[-48.2342086,-20.8302477],[-48.2324756,-20.8200202],[-48.2358298,-20.8143954],[-48.25236,-20.8090965],[-48.2561938,-20.8045795],[-48.2573389,-20.7962448],[-48.2434927,-20.7765701],[-48.2573487,-20.7405038],[-48.2631958,-20.7380428],[-48.2723846,-20.7437369],[-48.2795292,-20.7410574],[-48.294272,-20.7206962],[-48.3183485,-20.7257487],[-48.3257562,-20.7192177],[-48.3406918,-20.6888816],[-48.3335928,-20.6653676],[-48.3507531,-20.6446934],[-48.3471268,-20.6260861],[-48.3216328,-20.6079006],[-48.3203473,-20.589048],[-48.327208,-20.5821377],[-48.3397296,-20.5822725],[-48.3505957,-20.561763],[-48.3786722,-20.5490484],[-48.3829358,-20.5441409],[-48.3836549,-20.5371614],[-48.3713931,-20.5462554],[-48.3712906,-20.5379418],[-48.3685224,-20.5354899],[-48.3721981,-20.5301523],[-48.3666204,-20.526877],[-48.355765,-20.5277602],[-48.3524874,-20.5236753],[-48.3472121,-20.5258278],[-48.3441604,-20.5219184],[-48.3419274,-20.5279438],[-48.3263375,-20.5324445],[-48.3226193,-20.5260519],[-48.3172019,-20.5241015],[-48.318734,-20.5186594],[-48.3010102,-20.5129935],[-48.2932207,-20.5142782],[-48.2946119,-20.5110464],[-48.281604,-20.4923531],[-48.2885256,-20.4838045],[-48.2813718,-20.4810847],[-48.2832632,-20.4744266],[-48.278783,-20.4744885],[-48.278717,-20.4688596],[-48.2388253,-20.461016],[-48.2361884,-20.4568061],[-48.2293013,-20.4558507],[-48.2280766,-20.4499409],[-48.2216558,-20.4501399],[-48.2215333,-20.4532518],[-48.2117654,-20.4572023],[-48.2017851,-20.4427352],[-48.1788338,-20.3900236],[-48.1899021,-20.3419203],[-48.1798295,-20.3319504],[-48.1763616,-20.3218241],[-48.1644795,-20.3092189],[-48.1586984,-20.2957759],[-48.1497886,-20.2895543],[-48.1457338,-20.298266],[-48.1408411,-20.2972294],[-48.1366481,-20.300243],[-48.1392179,-20.3068811],[-48.1286349,-20.3170917],[-48.1165918,-20.3083067],[-48.1137146,-20.301589],[-48.1077759,-20.3026927],[-48.101245,-20.3109599],[-48.0929086,-20.3097757],[-48.0891352,-20.301913],[-48.0846187,-20.3165975],[-48.0763738,-20.32681],[-48.0692613,-20.3276045],[-48.0686413,-20.331763],[-48.0750904,-20.343385],[-48.0729215,-20.3484494],[-48.0594629,-20.3422963],[-48.0551317,-20.3496008],[-48.0393034,-20.3537631],[-48.0397651,-20.3606874],[-48.0358144,-20.3641216],[-48.0179635,-20.3634983],[-48.0069451,-20.3680038],[-47.9966683,-20.3636486],[-47.9889842,-20.3703701],[-47.9819248,-20.3703668],[-47.9783021,-20.3762323],[-47.9648653,-20.3812056],[-47.9583183,-20.3784243],[-47.9485382,-20.3805895],[-47.9378855,-20.3701366],[-47.9322351,-20.3698127],[-47.9243903,-20.3828045],[-47.9319765,-20.398736],[-47.9311423,-20.4038357],[-47.9262715,-20.4098148],[-47.9187473,-20.4104506],[-47.9143349,-20.4174218],[-47.931495,-20.4233179],[-47.9294567,-20.4319398],[-47.918745,-20.4347375],[-47.903976,-20.4336193],[-47.898477,-20.43987],[-47.8809794,-20.4353004],[-47.8820965,-20.4462855],[-47.8759986,-20.4538778],[-47.892091,-20.4658636],[-47.8924552,-20.4693745],[-47.8853884,-20.4724598],[-47.8752919,-20.4661344],[-47.8651314,-20.4722098],[-47.8658121,-20.4761378],[-47.8569119,-20.4883516],[-47.8644202,-20.4972099],[-47.858289,-20.5113178],[-47.8541192,-20.5100278],[-47.8437147,-20.5174147],[-47.8383373,-20.516213],[-47.8284817,-20.52361],[-47.8365132,-20.5379162],[-47.8200518,-20.5457151],[-47.8198658,-20.5534154],[-47.8099471,-20.5427178],[-47.7938389,-20.5471965],[-47.7960671,-20.5684641],[-47.7870673,-20.5636872],[-47.7806047,-20.5650012],[-47.7789963,-20.5712536],[-47.7838481,-20.5734477],[-47.7882684,-20.5818049],[-47.7831699,-20.5841342],[-47.7756365,-20.57907],[-47.767769,-20.5822152],[-47.7630845,-20.5889532],[-47.7673124,-20.5934121],[-47.7655828,-20.5977346],[-47.7437048,-20.5949046],[-47.7390442,-20.6052553],[-47.7285176,-20.606585],[-47.727646,-20.6104622],[-47.721026,-20.6120825],[-47.7130763,-20.627209],[-47.7080987,-20.6254669],[-47.6837928,-20.6292067],[-47.6890317,-20.6345392],[-47.680048,-20.6432663],[-47.6742057,-20.6432872],[-47.6698326,-20.6378086],[-47.6548586,-20.6428342],[-47.6523325,-20.6503839],[-47.6693156,-20.6486346],[-47.6706125,-20.6511428],[-47.6550218,-20.6626351],[-47.6618558,-20.6706181],[-47.6545099,-20.6706963],[-47.6536083,-20.6676739],[-47.6391568,-20.6709975],[-47.6343436,-20.6822962],[-47.636478,-20.6912869],[-47.6291169,-20.6918631],[-47.6262478,-20.6833588],[-47.6169728,-20.6813226],[-47.6220661,-20.6984066],[-47.6159294,-20.701656],[-47.6124934,-20.7002553],[-47.6167753,-20.7104644],[-47.6293263,-20.7030648],[-47.6501198,-20.7202944],[-47.6525003,-20.7258121],[-47.6491913,-20.7345078],[-47.6526286,-20.7552408],[-47.6497113,-20.7707],[-47.6520735,-20.7794081],[-47.6610034,-20.7839072],[-47.6583269,-20.7989979],[-47.663472,-20.8044692],[-47.6590301,-20.8124758],[-47.6593382,-20.8190118],[-47.6778473,-20.8157467],[-47.6925467,-20.8205796],[-47.702397,-20.8164596],[-47.7071313,-20.8099654],[-47.7191598,-20.8155995]]]}},{"type":"Feature","id":"35083","properties":{"cd_regiao_saude":"35083","nm_regiao_saude":"ALTA MOGIANA","cd_macrorregiao_saude":"3530","nm_macrorregiao_saude":"RRAS13","qt_municipio":6,"qt_populacao_ibge_2022":111606},"geometry":{"type":"Polygon","coordinates":[[[-47.8651314,-20.4722098],[-47.8752919,-20.4661344],[-47.8853884,-20.4724598],[-47.8924552,-20.4693745],[-47.892091,-20.4658636],[-47.8759986,-20.4538778],[-47.8820965,-20.4462855],[-47.8809794,-20.4353004],[-47.898477,-20.43987],[-47.903976,-20.4336193],[-47.918745,-20.4347375],[-47.9294567,-20.4319398],[-47.931495,-20.4233179],[-47.9143349,-20.4174218],[-47.9187473,-20.4104506],[-47.9262715,-20.4098148],[-47.9311423,-20.4038357],[-47.9319765,-20.398736],[-47.9243903,-20.3828045],[-47.9328727,-20.369419],[-47.9378855,-20.3701366],[-47.9485382,-20.3805895],[-47.9583183,-20.3784243],[-47.9648653,-20.3812056],[-47.9783021,-20.3762323],[-47.9819248,-20.3703668],[-47.9889842,-20.3703701],[-47.9966683,-20.3636486],[-48.0069451,-20.3680038],[-48.0179635,-20.3634983],[-48.0358144,-20.3641216],[-48.0397651,-20.3606874],[-48.0393034,-20.3537631],[-48.0551317,-20.3496008],[-48.0594629,-20.3422963],[-48.0729215,-20.3484494],[-48.0750904,-20.343385],[-48.0686413,-20.331763],[-48.0692613,-20.3276045],[-48.0763738,-20.32681],[-48.0846187,-20.3165975],[-48.0891352,-20.301913],[-48.0929086,-20.3097757],[-48.101245,-20.3109599],[-48.1077759,-20.3026927],[-48.1137146,-20.301589],[-48.1235975,-20.3148028],[-48.1315569,-20.3163652],[-48.1395438,-20.3060651],[-48.1366481,-20.300243],[-48.1461543,-20.297912],[-48.1515338,-20.2874234],[-48.1494663,-20.2795408],[-48.1582918,-20.2732347],[-48.1459855,-20.2614187],[-48.1571969,-20.251709],[-48.1554644,-20.2371124],[-48.1615033,-20.2304136],[-48.1742584,-20.2271089],[-48.1781069,-20.2227995],[-48.2010879,-20.2226921],[-48.2040586,-20.218174],[-48.2108993,-20.2177014],[-48.2263124,-20.228116],[-48.2415317,-20.2290277],[-48.2443493,-20.2262908],[-48.2398452,-20.2202725],[-48.2279842,-20.2141494],[-48.2293975,-20.1985339],[-48.2349845,-20.200561],[-48.2612184,-20.1946602],[-48.2722154,-20.2178805],[-48.276683,-20.2072328],[-48.2918315,-20.2022273],[-48.3026708,-20.2026532],[-48.3147989,-20.1961332],[-48.3166517,-20.1876781],[-48.3123044,-20.1823718],[-48.3142142,-20.1745557],[-48.3100484,-20.1543982],[-48.3185997,-20.1596784],[-48.3252923,-20.1583213],[-48.3246687,-20.1719474],[-48.3336189,-20.1770078],[-48.3351148,-20.1850435],[-48.3446017,-20.1864626],[-48.3551111,-20.178766],[-48.3601773,-20.1675796],[-48.3685603,-20.1703903],[-48.376444,-20.1652695],[-48.3752757,-20.1605993],[-48.3640416,-20.1595745],[-48.3605633,-20.1543447],[-48.3629551,-20.1480457],[-48.3757354,-20.1490026],[-48.3794772,-20.152635],[-48.3877221,-20.1515479],[-48.3950289,-20.1614186],[-48.3984081,-20.1537543],[-48.3899434,-20.1340202],[-48.3986868,-20.1358209],[-48.4077432,-20.1500889],[-48.4170868,-20.1414984],[-48.4209929,-20.1520115],[-48.424598,-20.1536552],[-48.4419912,-20.1317397],[-48.4516159,-20.1258737],[-48.4390266,-20.1202206],[-48.4057768,-20.113511],[-48.378949,-20.1222776],[-48.3618216,-20.1230541],[-48.3289899,-20.1127299],[-48.3154129,-20.1138011],[-48.2954933,-20.1240076],[-48.2857619,-20.1374112],[-48.2749559,-20.1421127],[-48.2546878,-20.1438158],[-48.2413328,-20.1401845],[-48.2374119,-20.1359187],[-48.2253433,-20.1341792],[-48.2177475,-20.1252888],[-48.2189901,-20.1153868],[-48.2500844,-20.0857677],[-48.2534251,-20.0779207],[-48.2441319,-20.0474038],[-48.246997,-20.0338798],[-48.2408836,-20.0292844],[-48.228499,-20.0282142],[-48.2077715,-20.03937],[-48.1910563,-20.0609823],[-48.1824659,-20.074627],[-48.1820543,-20.0895131],[-48.178606,-20.0961802],[-48.1677493,-20.1038101],[-48.1583263,-20.1030499],[-48.1477216,-20.1241396],[-48.1265467,-20.1312565],[-48.1169775,-20.1420683],[-48.1054874,-20.146356],[-48.0767758,-20.1484296],[-48.0493869,-20.1372355],[-48.0461181,-20.126876],[-48.038843,-20.119949],[-48.020163,-20.124029],[-48.0024175,-20.1039695],[-48.0003974,-20.0942089],[-47.9915776,-20.0797091],[-47.9906062,-20.0442262],[-47.9845557,-20.037386],[-47.9759693,-20.0353727],[-47.948482,-20.0557576],[-47.9434963,-20.0919985],[-47.9341021,-20.1078536],[-47.9130718,-20.1202737],[-47.8954628,-20.1252583],[-47.8750773,-20.0983727],[-47.8699656,-20.0636946],[-47.8593839,-20.0524121],[-47.8614615,-20.0450096],[-47.8732795,-20.0373602],[-47.8758308,-20.0214101],[-47.8561502,-19.9905448],[-47.8477787,-19.989861],[-47.8346805,-19.9960656],[-47.8056581,-19.9851317],[-47.7625837,-19.9860217],[-47.7511056,-19.9902891],[-47.7336817,-19.9879282],[-47.7084053,-19.9787016],[-47.6879891,-19.9902445],[-47.6761499,-20.0019156],[-47.6755795,-20.0136796],[-47.6706264,-20.0225159],[-47.6347643,-20.0492478],[-47.6249354,-20.042286],[-47.6139901,-20.042109],[-47.5996583,-20.0324375],[-47.5947481,-20.0258915],[-47.5909071,-20.00334],[-47.5838246,-19.9966646],[-47.5756245,-19.9942476],[-47.5552983,-19.9964899],[-47.5442097,-19.9932793],[-47.5430427,-20.0121563],[-47.5371231,-20.0253414],[-47.5090011,-20.0599083],[-47.5178732,-20.1055112],[-47.5319625,-20.109267],[-47.532358,-20.1215037],[-47.5438875,-20.1268474],[-47.5428658,-20.1366973],[-47.5582199,-20.1429619],[-47.5636061,-20.153287],[-47.570724,-20.1556663],[-47.5820428,-20.1505503],[-47.6055129,-20.1551854],[-47.609123,-20.1596032],[-47.6057785,-20.1670393],[-47.5970368,-20.174689],[-47.5941509,-20.1730885],[-47.5923066,-20.1769251],[-47.6058341,-20.1951664],[-47.6108809,-20.1971569],[-47.6191607,-20.2188652],[-47.6097059,-20.231779],[-47.6026499,-20.252646],[-47.6074153,-20.2607319],[-47.6106071,-20.2772968],[-47.6239176,-20.2799081],[-47.6315101,-20.2862082],[-47.6433335,-20.2837254],[-47.6454422,-20.2882644],[-47.6421265,-20.3177458],[-47.6273634,-20.3255623],[-47.6185142,-20.3452704],[-47.6198836,-20.369814],[-47.6330935,-20.4013781],[-47.6260253,-20.4095288],[-47.6422725,-20.4131096],[-47.6422515,-20.4170845],[-47.6658906,-20.4238438],[-47.661631,-20.4329644],[-47.6440637,-20.4424496],[-47.6340752,-20.4421322],[-47.6152159,-20.481674],[-47.6266206,-20.4803572],[-47.6413416,-20.4878633],[-47.6394119,-20.5023054],[-47.6472535,-20.5186087],[-47.6920411,-20.543174],[-47.6928348,-20.5565457],[-47.7125432,-20.5591981],[-47.7258939,-20.5815978],[-47.7392903,-20.5950136],[-47.7648789,-20.5979764],[-47.7673124,-20.5934121],[-47.7631361,-20.5886529],[-47.767769,-20.5822152],[-47.7756365,-20.57907],[-47.7831699,-20.5841342],[-47.7882684,-20.5818049],[-47.7838481,-20.5734477],[-47.7789963,-20.5712536],[-47.7806047,-20.5650012],[-47.7870673,-20.5636872],[-47.7960671,-20.5684641],[-47.7938389,-20.5471965],[-47.8099471,-20.5427178],[-47.8198658,-20.5534154],[-47.8200518,-20.5457151],[-47.8369843,-20.5371765],[-47.8310494,-20.530978],[-47.8288326,-20.5230217],[-47.8383373,-20.516213],[-47.8437147,-20.5174147],[-47.8541192,-20.5100278],[-47.858289,-20.5113178],[-47.8644202,-20.4972099],[-47.8569119,-20.4883516],[-47.8658121,-20.4761378],[-47.8651314,-20.4722098]]]}},{"type":"Feature","id":"35091","properties":{"cd_regiao_saude":"35091","nm_regiao_saude":"ADAMANTINA","cd_macrorregiao_saude":"3533","nm_macrorregiao_saude":"RRAS10","qt_municipio":10,"qt_populacao_ibge_2022":130843},"geometry":{"type":"Polygon","coordinates":[[[-50.8972439,-21.8617568],[-50.9128562,-21.8894549],[-50.9269448,-21.8946952],[-50.9332847,-21.9036259],[-50.9383265,-21.9033225],[-50.9525338,-21.9179585],[-50.9558132,-21.9256762],[-50.9790651,-21.9247494],[-50.9912906,-21.9194687],[-51.0042064,-21.9204948],[-51.0361624,-21.9063966],[-51.0480323,-21.8987345],[-51.0529081,-21.8891067],[-51.0583971,-21.8894743],[-51.0667718,-21.8829404],[-51.0715336,-21.8844363],[-51.08942,-21.8801936],[-51.0958222,-21.8865909],[-51.1113274,-21.8888454],[-51.1184894,-21.881044],[-51.1191453,-21.8720364],[-51.123554,-21.8732114],[-51.1379594,-21.8671073],[-51.1372071,-21.8595096],[-51.1415858,-21.8535275],[-51.1495302,-21.8548622],[-51.1513915,-21.861464],[-51.1563657,-21.8649506],[-51.164327,-21.8625837],[-51.1819466,-21.8336983],[-51.1904971,-21.8315115],[-51.2008685,-21.8233374],[-51.2099607,-21.8333167],[-51.224035,-21.8288244],[-51.2313208,-21.802109],[-51.2450789,-21.8006292],[-51.2484447,-21.7950579],[-51.2490702,-21.7822751],[-51.2316356,-21.7670654],[-51.2315724,-21.7629344],[-51.2360528,-21.7590271],[-51.2236209,-21.7416624],[-51.2474963,-21.7355127],[-51.2590347,-21.7433596],[-51.2704366,-21.7431526],[-51.2752743,-21.7352795],[-51.2749837,-21.7274646],[-51.2826917,-21.7242117],[-51.2805278,-21.7160602],[-51.2853591,-21.7094707],[-51.2790109,-21.7038441],[-51.2785925,-21.6951554],[-51.2714202,-21.6910943],[-51.266085,-21.6803594],[-51.2665645,-21.6693375],[-51.2729369,-21.6638167],[-51.302086,-21.6636735],[-51.3136335,-21.6562],[-51.3226997,-21.6572478],[-51.3214762,-21.6360656],[-51.3547002,-21.6356632],[-51.3488874,-21.6143286],[-51.339425,-21.6046852],[-51.3332103,-21.6038619],[-51.3327723,-21.5934455],[-51.32482,-21.5854291],[-51.3261383,-21.5706669],[-51.318888,-21.5612318],[-51.3202336,-21.5579515],[-51.3101745,-21.5425406],[-51.310015,-21.5375242],[-51.3049994,-21.5334475],[-51.3082736,-21.5314843],[-51.307654,-21.5227335],[-51.316674,-21.5050901],[-51.3186362,-21.4802526],[-51.3152408,-21.4674776],[-51.3187606,-21.4613876],[-51.3188846,-21.4505],[-51.3114712,-21.4411467],[-51.308237,-21.4207018],[-51.3106147,-21.4083608],[-51.3068598,-21.4052881],[-51.305289,-21.3936773],[-51.3106357,-21.3835206],[-51.3118787,-21.3668456],[-51.3029398,-21.3387515],[-51.2978357,-21.3334906],[-51.2973369,-21.3258246],[-51.2856005,-21.3183429],[-51.2709364,-21.3212529],[-51.2646782,-21.3315697],[-51.2616879,-21.3275783],[-51.2377772,-21.326808],[-51.2376703,-21.3312628],[-51.2327731,-21.3329613],[-51.2301249,-21.3406509],[-51.2119647,-21.3521321],[-51.2141811,-21.3549673],[-51.2039258,-21.3610286],[-51.2001295,-21.3600082],[-51.1937462,-21.3742922],[-51.1897265,-21.3770868],[-51.1834425,-21.3762254],[-51.1709098,-21.3838102],[-51.1641169,-21.3840223],[-51.1480784,-21.3745866],[-51.1396351,-21.3737848],[-51.1216406,-21.3814787],[-51.1009539,-21.3702268],[-51.0927426,-21.3709709],[-51.0859856,-21.384099],[-51.0604101,-21.3964232],[-51.0542505,-21.4046512],[-51.0462449,-21.4038526],[-51.0454671,-21.4063894],[-51.0341283,-21.4084459],[-51.0250283,-21.4211201],[-51.0258517,-21.4256077],[-51.00481,-21.4383362],[-50.9985668,-21.4393988],[-50.9814978,-21.4318604],[-50.9604205,-21.4386378],[-50.9469595,-21.4478554],[-50.9248712,-21.4413593],[-50.9160192,-21.4542669],[-50.9199182,-21.4554649],[-50.9201691,-21.4606784],[-50.9051362,-21.470517],[-50.9070156,-21.4761225],[-50.9024354,-21.4812775],[-50.9044807,-21.484772],[-50.8992412,-21.4873798],[-50.8989837,-21.490737],[-50.8880699,-21.485568],[-50.8742864,-21.4888984],[-50.8661223,-21.4990108],[-50.8678684,-21.5044953],[-50.8647206,-21.5095796],[-50.8726849,-21.5141699],[-50.8695237,-21.5250926],[-50.8552628,-21.5296648],[-50.8473851,-21.5356628],[-50.81586,-21.5398865],[-50.8136041,-21.54799],[-50.8193499,-21.5507008],[-50.8154091,-21.554272],[-50.8221753,-21.5575645],[-50.8175949,-21.5633483],[-50.8148828,-21.5634928],[-50.8106628,-21.5553592],[-50.8092427,-21.5600819],[-50.8064682,-21.5601633],[-50.8065757,-21.5547352],[-50.7971374,-21.5416138],[-50.7933811,-21.5430461],[-50.7991567,-21.5549425],[-50.7950089,-21.5589377],[-50.786273,-21.5575466],[-50.7893367,-21.5493801],[-50.7822377,-21.5438208],[-50.7774612,-21.542772],[-50.776563,-21.5459451],[-50.7735203,-21.5446233],[-50.7692616,-21.5481703],[-50.7705113,-21.5578356],[-50.782038,-21.5633261],[-50.7822928,-21.5674492],[-50.7745737,-21.5729986],[-50.7790259,-21.5833724],[-50.7765151,-21.5870516],[-50.7822713,-21.5885982],[-50.7802858,-21.5940327],[-50.7939536,-21.6138566],[-50.7942185,-21.6266705],[-50.8076641,-21.6410695],[-50.8056324,-21.6468094],[-50.8093724,-21.6558689],[-50.8143066,-21.6566482],[-50.8154202,-21.6717149],[-50.8283492,-21.6778287],[-50.8275112,-21.6822366],[-50.8305935,-21.6843974],[-50.8263717,-21.6899079],[-50.8334827,-21.7013301],[-50.8344246,-21.7169297],[-50.8417642,-21.7257453],[-50.8398409,-21.7316393],[-50.8480463,-21.7396104],[-50.8567673,-21.77132],[-50.8563273,-21.7790625],[-50.8474772,-21.7893086],[-50.8236556,-21.800778],[-50.8236611,-21.8061384],[-50.8314387,-21.8072619],[-50.840876,-21.8308091],[-50.8535008,-21.8321199],[-50.8589713,-21.8384018],[-50.8685233,-21.8369024],[-50.8771219,-21.8487069],[-50.8864388,-21.8540851],[-50.8938486,-21.8631215],[-50.8972439,-21.8617568]]]}},{"type":"Feature","id":"35092","properties":{"cd_regiao_saude":"35092","nm_regiao_saude":"ASSIS","cd_macrorregiao_saude":"3533","nm_macrorregiao_saude":"RRAS10","qt_municipio":12,"qt_populacao_ibge_2022":234483},"geometry":{"type":"Polygon","coordinates":[[[-50.580994,-22.9052719],[-50.6085241,-22.924154],[-50.6203155,-22.9121601],[-50.6372967,-22.9069372],[-50.6485066,-22.8970849],[-50.6635461,-22.8956692],[-50.679942,-22.9032102],[-50.7130834,-22.9559906],[-50.73637,-22.963351],[-50.7452231,-22.9599835],[-50.7503299,-22.9514991],[-50.7586621,-22.9476544],[-50.777947,-22.9463236],[-50.795935,-22.9511794],[-50.803992,-22.9457366],[-50.8061462,-22.9402993],[-50.7931381,-22.9051173],[-50.7929517,-22.8943535],[-50.7978171,-22.8885524],[-50.8170131,-22.879541],[-50.8237503,-22.8657799],[-50.8306654,-22.8621733],[-50.8423871,-22.8313985],[-50.8544726,-22.8199684],[-50.8922507,-22.7949258],[-50.919054,-22.7959305],[-50.9276919,-22.7977499],[-50.937347,-22.8047991],[-50.9445885,-22.8046601],[-50.9616153,-22.7862284],[-50.9821297,-22.7816529],[-50.978535,-22.7799079],[-50.9774584,-22.7739128],[-50.9805869,-22.7678077],[-50.9720902,-22.7687331],[-50.9674777,-22.7643678],[-50.964448,-22.7709183],[-50.9637565,-22.7656368],[-50.9590809,-22.7634306],[-50.9631733,-22.7627263],[-50.9630594,-22.7573096],[-50.9675441,-22.7565603],[-50.9617476,-22.7472775],[-50.9516813,-22.7503967],[-50.9530727,-22.7537403],[-50.9502113,-22.7551968],[-50.9505162,-22.746647],[-50.9450327,-22.7448403],[-50.9339785,-22.7263006],[-50.9407385,-22.7206591],[-50.9376219,-22.7112664],[-50.9451229,-22.7085987],[-50.9422367,-22.7030669],[-50.9483144,-22.7011657],[-50.9528782,-22.694871],[-50.9458551,-22.6877558],[-50.9499054,-22.6846322],[-50.9490671,-22.6779163],[-50.9423673,-22.668947],[-50.9326845,-22.6725338],[-50.9299413,-22.669453],[-50.9314729,-22.6663204],[-50.9250617,-22.6642933],[-50.9280266,-22.6617403],[-50.9234259,-22.6563911],[-50.9265361,-22.6522415],[-50.9228688,-22.6500431],[-50.9256867,-22.6469073],[-50.9233578,-22.6433012],[-50.9144232,-22.648388],[-50.9104399,-22.6388854],[-50.9052805,-22.6377305],[-50.8975668,-22.6448498],[-50.8982974,-22.6494032],[-50.888881,-22.6562012],[-50.8827558,-22.653064],[-50.886093,-22.6510675],[-50.8829451,-22.6493358],[-50.8690627,-22.6560656],[-50.8662017,-22.6614158],[-50.86366,-22.655244],[-50.8596633,-22.6606257],[-50.8548734,-22.6551753],[-50.8498489,-22.6611004],[-50.844071,-22.6573342],[-50.8399935,-22.6593249],[-50.8382107,-22.6550326],[-50.8327177,-22.6587735],[-50.8329204,-22.6543135],[-50.8267861,-22.6489735],[-50.8339001,-22.6304404],[-50.8437976,-22.6261685],[-50.8461413,-22.6179657],[-50.8393195,-22.5862507],[-50.8530727,-22.5747593],[-50.8418058,-22.5496904],[-50.8579449,-22.5287037],[-50.8495987,-22.5194623],[-50.8483198,-22.51057],[-50.8364357,-22.5028277],[-50.8370943,-22.4934086],[-50.8313471,-22.4840922],[-50.8454247,-22.4740735],[-50.8398426,-22.4562442],[-50.843651,-22.4451744],[-50.8387632,-22.4354584],[-50.8295581,-22.4282799],[-50.8001695,-22.4437106],[-50.782337,-22.434193],[-50.769791,-22.437493],[-50.761284,-22.432858],[-50.752589,-22.432538],[-50.736185,-22.41766],[-50.723263,-22.413989],[-50.718579,-22.403506],[-50.706239,-22.404783],[-50.695044,-22.399902],[-50.697587,-22.387696],[-50.693276,-22.379541],[-50.696209,-22.369972],[-50.694168,-22.364674],[-50.687486,-22.361016],[-50.689525,-22.347507],[-50.682911,-22.330959],[-50.689196,-22.32343],[-50.686507,-22.318125],[-50.687451,-22.308608],[-50.680814,-22.294735],[-50.665527,-22.282869],[-50.667539,-22.3034],[-50.645551,-22.312279],[-50.626499,-22.302546],[-50.623771,-22.288118],[-50.618436,-22.296046],[-50.599294,-22.295986],[-50.587421,-22.30309],[-50.576131,-22.300927],[-50.571041,-22.304301],[-50.564885,-22.297291],[-50.5584677,-22.2952904],[-50.5609528,-22.2834758],[-50.5555537,-22.2735245],[-50.5533317,-22.2582255],[-50.5565219,-22.2508749],[-50.5519547,-22.2450783],[-50.5516315,-22.2332556],[-50.5445128,-22.230316],[-50.5427099,-22.2258416],[-50.5239315,-22.2203574],[-50.5042671,-22.1870676],[-50.498552,-22.1831911],[-50.4973778,-22.165942],[-50.485246,-22.15216],[-50.4694904,-22.1660291],[-50.4604789,-22.1659228],[-50.4517294,-22.1731402],[-50.4377035,-22.1739548],[-50.4324544,-22.1659994],[-50.4266498,-22.1655405],[-50.4226862,-22.1734711],[-50.4130748,-22.1750958],[-50.4106027,-22.1807877],[-50.4017543,-22.1855353],[-50.3867389,-22.1879791],[-50.377092,-22.1848728],[-50.3665489,-22.1857092],[-50.3618239,-22.1893451],[-50.3612328,-22.195102],[-50.3541406,-22.1945478],[-50.3474877,-22.1872565],[-50.3403791,-22.1903267],[-50.3402294,-22.195486],[-50.3342877,-22.1996018],[-50.3210483,-22.2020579],[-50.3187957,-22.2069599],[-50.3108062,-22.2068386],[-50.3054607,-22.202153],[-50.2981994,-22.207194],[-50.3040511,-22.2094847],[-50.3038204,-22.216478],[-50.3099617,-22.2299032],[-50.3084341,-22.2346541],[-50.3124893,-22.2447843],[-50.3096698,-22.2482001],[-50.3203837,-22.2682998],[-50.3252999,-22.2714191],[-50.3249587,-22.2773434],[-50.329862,-22.279682],[-50.3259498,-22.2832762],[-50.3284459,-22.2883026],[-50.325893,-22.2918415],[-50.3312908,-22.2962928],[-50.3282629,-22.3185127],[-50.3324921,-22.3280126],[-50.3325739,-22.3419833],[-50.3286472,-22.3510831],[-50.331739,-22.3581686],[-50.3142059,-22.3563563],[-50.3061818,-22.3647968],[-50.2938309,-22.3705159],[-50.2761278,-22.3724546],[-50.2707504,-22.3682139],[-50.2367877,-22.3793465],[-50.2400481,-22.3817746],[-50.2530637,-22.3811161],[-50.2634624,-22.3926744],[-50.2754768,-22.3976472],[-50.2830436,-22.4148409],[-50.3004972,-22.42197],[-50.3049198,-22.4349609],[-50.3197516,-22.4435742],[-50.3362647,-22.4449449],[-50.3353089,-22.4538213],[-50.3499943,-22.4789721],[-50.3413779,-22.4957667],[-50.3309995,-22.5064447],[-50.3284634,-22.5262826],[-50.3214074,-22.5343427],[-50.3206096,-22.542457],[-50.314559,-22.5472159],[-50.300497,-22.5454636],[-50.2962556,-22.5525049],[-50.2643502,-22.5626685],[-50.2433458,-22.5441657],[-50.2419436,-22.5391054],[-50.2343541,-22.5328592],[-50.2328526,-22.5252377],[-50.2288085,-22.5254236],[-50.2007614,-22.5436254],[-50.18612,-22.5440112],[-50.1830233,-22.5541151],[-50.173594,-22.5667011],[-50.1692083,-22.5925658],[-50.1551027,-22.5889854],[-50.1387738,-22.573941],[-50.111701,-22.5965289],[-50.1012446,-22.6104293],[-50.1019253,-22.6229583],[-50.096336,-22.6259871],[-50.0921355,-22.6392098],[-50.1063244,-22.6637753],[-50.1089774,-22.6721943],[-50.1063245,-22.680747],[-50.1223363,-22.7080554],[-50.1228911,-22.7152786],[-50.1104262,-22.7095852],[-50.1071117,-22.711517],[-50.1182932,-22.7324437],[-50.1189564,-22.7516629],[-50.1127938,-22.7681035],[-50.1141468,-22.7738072],[-50.1021008,-22.7773013],[-50.0990156,-22.7824009],[-50.1093861,-22.8085468],[-50.1102288,-22.8143093],[-50.1069191,-22.8170018],[-50.1091789,-22.8245306],[-50.1198281,-22.8279588],[-50.1172681,-22.8339297],[-50.1271168,-22.8481936],[-50.1354067,-22.8526888],[-50.1291238,-22.864619],[-50.1296987,-22.8729471],[-50.1264995,-22.8791099],[-50.1318722,-22.892981],[-50.1299315,-22.9151986],[-50.134551,-22.9241822],[-50.1261769,-22.9284673],[-50.1281843,-22.9370845],[-50.1330955,-22.9399447],[-50.1529931,-22.9356184],[-50.1648922,-22.9464092],[-50.1833934,-22.9537733],[-50.2038919,-22.9527864],[-50.2168821,-22.9478995],[-50.2275322,-22.953474],[-50.2375376,-22.9541462],[-50.2441636,-22.94955],[-50.2476111,-22.9377984],[-50.2733879,-22.9310013],[-50.2840964,-22.937311],[-50.3004462,-22.9379366],[-50.3061909,-22.9462124],[-50.3184953,-22.9506826],[-50.3361588,-22.9503965],[-50.3401866,-22.9480729],[-50.3454139,-22.9345737],[-50.3590514,-22.922516],[-50.3592495,-22.9160588],[-50.3790746,-22.9054056],[-50.3981913,-22.9071893],[-50.4189476,-22.9139331],[-50.4189421,-22.9340822],[-50.4303025,-22.9464074],[-50.448353,-22.941527],[-50.459425,-22.9452012],[-50.4861224,-22.9368615],[-50.5078765,-22.9452236],[-50.5256965,-22.9364548],[-50.5300104,-22.9191495],[-50.5347662,-22.9143112],[-50.5543999,-22.9116488],[-50.5725004,-22.9040729],[-50.580994,-22.9052719]]]}},{"type":"Feature","id":"35093","properties":{"cd_regiao_saude":"35093","nm_regiao_saude":"MARILIA","cd_macrorregiao_saude":"3533","nm_macrorregiao_saude":"RRAS10","qt_municipio":19,"qt_populacao_ibge_2022":382161},"geometry":{"type":"Polygon","coordinates":[[[-50.0209561,-22.7487351],[-50.0334216,-22.7453358],[-50.0379901,-22.7246209],[-50.0501673,-22.7236027],[-50.0608475,-22.7092],[-50.0844161,-22.6878217],[-50.107099,-22.6797633],[-50.108832,-22.6702795],[-50.0924134,-22.6415957],[-50.0925292,-22.6355158],[-50.096336,-22.6259871],[-50.1019253,-22.6229583],[-50.1012446,-22.6104293],[-50.1215724,-22.5865471],[-50.1377552,-22.5744017],[-50.1551027,-22.5889854],[-50.1692083,-22.5925658],[-50.173594,-22.5667011],[-50.1830233,-22.5541151],[-50.18612,-22.5440112],[-50.2007614,-22.5436254],[-50.2288085,-22.5254236],[-50.2334109,-22.5259134],[-50.2343541,-22.5328592],[-50.2520827,-22.5538303],[-50.2651368,-22.5628238],[-50.2762495,-22.5568235],[-50.2962556,-22.5525049],[-50.300497,-22.5454636],[-50.3136398,-22.547515],[-50.32099,-22.5417912],[-50.3214074,-22.5343427],[-50.3284634,-22.5262826],[-50.3309995,-22.5064447],[-50.3413779,-22.4957667],[-50.3499943,-22.4789721],[-50.3353089,-22.4538213],[-50.3362647,-22.4449449],[-50.3197516,-22.4435742],[-50.3049198,-22.4349609],[-50.3004972,-22.42197],[-50.2830436,-22.4148409],[-50.2754768,-22.3976472],[-50.2634624,-22.3926744],[-50.2530637,-22.3811161],[-50.2400481,-22.3817746],[-50.2367877,-22.3793465],[-50.2707504,-22.3682139],[-50.2761278,-22.3724546],[-50.2938309,-22.3705159],[-50.3061818,-22.3647968],[-50.3142059,-22.3563563],[-50.331739,-22.3581686],[-50.3286472,-22.3510831],[-50.3325739,-22.3419833],[-50.3324921,-22.3280126],[-50.3282629,-22.3185127],[-50.3312908,-22.2962928],[-50.325893,-22.2918415],[-50.3284459,-22.2883026],[-50.3259498,-22.2832762],[-50.329862,-22.279682],[-50.3249587,-22.2773434],[-50.3252999,-22.2714191],[-50.3203837,-22.2682998],[-50.3096698,-22.2482001],[-50.3121575,-22.238768],[-50.3084341,-22.2346541],[-50.3099617,-22.2299032],[-50.3038204,-22.216478],[-50.3040511,-22.2094847],[-50.2992749,-22.2087334],[-50.2995581,-22.2054312],[-50.3054607,-22.202153],[-50.3108062,-22.2068386],[-50.3187957,-22.2069599],[-50.3210483,-22.2020579],[-50.3342877,-22.1996018],[-50.3402294,-22.195486],[-50.3403791,-22.1903267],[-50.3474877,-22.1872565],[-50.3541406,-22.1945478],[-50.3612328,-22.195102],[-50.3618239,-22.1893451],[-50.3665489,-22.1857092],[-50.377092,-22.1848728],[-50.3867389,-22.1879791],[-50.4017543,-22.1855353],[-50.4106027,-22.1807877],[-50.4130748,-22.1750958],[-50.4226862,-22.1734711],[-50.4266498,-22.1655405],[-50.4315622,-22.1654262],[-50.4354093,-22.172719],[-50.4441096,-22.1752266],[-50.4604789,-22.1659228],[-50.4685982,-22.1664537],[-50.4960212,-22.1447533],[-50.4994764,-22.1381609],[-50.5107412,-22.136155],[-50.5142359,-22.1310621],[-50.5133628,-22.1203155],[-50.5174627,-22.1187928],[-50.5211247,-22.111016],[-50.4984528,-22.0955284],[-50.4911166,-22.0822331],[-50.4812114,-22.0817038],[-50.4739275,-22.0755471],[-50.4450873,-22.0820916],[-50.4366352,-22.0770553],[-50.408516,-22.0812152],[-50.3754808,-22.063926],[-50.3494411,-22.0694623],[-50.3426898,-22.0679609],[-50.3460003,-22.0503015],[-50.3437611,-22.0447572],[-50.3456493,-22.0309716],[-50.340685,-22.0235044],[-50.3431647,-22.0151155],[-50.318317,-22.0104393],[-50.3124405,-22.0059863],[-50.3047254,-21.9935222],[-50.3092086,-21.9771256],[-50.2818191,-21.954684],[-50.2835121,-21.9455968],[-50.2790062,-21.9338592],[-50.2738607,-21.8941727],[-50.2765676,-21.8769892],[-50.2719837,-21.8651219],[-50.2704574,-21.8417445],[-50.255962,-21.8505511],[-50.2601312,-21.8561793],[-50.2555291,-21.8726196],[-50.256504,-21.8803162],[-50.262734,-21.8882681],[-50.2601821,-21.891396],[-50.2528049,-21.8890455],[-50.2482637,-21.8821331],[-50.2287933,-21.8710109],[-50.224822,-21.8673855],[-50.2253231,-21.8600022],[-50.1795353,-21.8548179],[-50.1605166,-21.8591519],[-50.1280519,-21.8170206],[-50.1198625,-21.8197203],[-50.1133584,-21.8357179],[-50.1020562,-21.8376751],[-50.0975382,-21.8457773],[-50.0874173,-21.8493223],[-50.0830765,-21.8542132],[-50.0709375,-21.8564653],[-50.0637671,-21.871069],[-50.0492243,-21.879146],[-50.0470138,-21.8842359],[-50.0442235,-21.883576],[-50.0413535,-21.8877062],[-50.0290972,-21.888622],[-50.0309475,-21.8978861],[-50.0178238,-21.9055544],[-50.0155945,-21.9100168],[-50.017945,-21.9143389],[-50.0111265,-21.9252467],[-49.9987135,-21.9278243],[-49.9790817,-21.9426366],[-49.9627351,-21.9380303],[-49.9468887,-21.9031176],[-49.9195414,-21.8799395],[-49.918398,-21.8743448],[-49.8977195,-21.8711388],[-49.8908297,-21.8643672],[-49.8664971,-21.8253013],[-49.8638975,-21.810631],[-49.8578356,-21.8038796],[-49.8497277,-21.7793101],[-49.842664,-21.7727127],[-49.8406812,-21.7744545],[-49.8431813,-21.7689477],[-49.8388723,-21.7605099],[-49.8312151,-21.7584134],[-49.8231969,-21.7656695],[-49.818741,-21.7766237],[-49.8077176,-21.779432],[-49.7991121,-21.7866694],[-49.7921561,-21.7867473],[-49.7884918,-21.7957725],[-49.7788706,-21.7969183],[-49.7719073,-21.8032893],[-49.7919425,-21.8460733],[-49.798096,-21.8526592],[-49.8034979,-21.8530317],[-49.8076932,-21.8597541],[-49.8072424,-21.863121],[-49.7989594,-21.8682456],[-49.7976095,-21.87629],[-49.8049628,-21.88171],[-49.8093552,-21.8902663],[-49.7785544,-21.9159157],[-49.7686627,-21.9164256],[-49.7718435,-21.9269905],[-49.7677568,-21.9321087],[-49.7588036,-21.9312767],[-49.7341783,-21.9405531],[-49.7290228,-21.9366696],[-49.7217048,-21.9208748],[-49.7165413,-21.9214804],[-49.6991448,-21.9094494],[-49.7020103,-21.9010038],[-49.6925527,-21.8960267],[-49.6794949,-21.8802758],[-49.6692442,-21.8740554],[-49.6585622,-21.8600764],[-49.6507314,-21.8551375],[-49.6398513,-21.8502947],[-49.636021,-21.8602682],[-49.6051687,-21.8708162],[-49.5983278,-21.8631102],[-49.5975224,-21.8575405],[-49.5829124,-21.8535439],[-49.5784513,-21.8420409],[-49.5656454,-21.8316157],[-49.5528447,-21.8417733],[-49.5462216,-21.8564799],[-49.538899,-21.8511865],[-49.526779,-21.8526468],[-49.5235189,-21.8499336],[-49.5257339,-21.8375636],[-49.5164747,-21.8358927],[-49.4998155,-21.8201776],[-49.4924581,-21.8209397],[-49.4885696,-21.807614],[-49.4799048,-21.8038184],[-49.4670403,-21.7900562],[-49.4533176,-21.7836287],[-49.4375621,-21.7871963],[-49.4313487,-21.7793582],[-49.4191142,-21.7894922],[-49.4151745,-21.7978194],[-49.4161664,-21.8066119],[-49.4109102,-21.8122662],[-49.4126426,-21.8200692],[-49.4029041,-21.8261249],[-49.4048996,-21.8441923],[-49.4229575,-21.8654166],[-49.4503955,-21.8804055],[-49.4535654,-21.8888626],[-49.4687924,-21.8918863],[-49.4835159,-21.9035812],[-49.4863713,-21.9121934],[-49.5039595,-21.9180037],[-49.5105152,-21.9317321],[-49.5225184,-21.93376],[-49.52349,-21.9394642],[-49.5207942,-21.9414617],[-49.5284305,-21.9428145],[-49.5265726,-21.9520653],[-49.5336754,-21.9574854],[-49.5397612,-21.972208],[-49.5360642,-21.9817263],[-49.5430951,-21.9959942],[-49.5413712,-22.0046046],[-49.5499847,-22.0099528],[-49.5728496,-21.9937811],[-49.5711534,-21.9872679],[-49.574763,-21.9820248],[-49.5705128,-21.9779282],[-49.5722595,-21.9739931],[-49.5849892,-21.9847241],[-49.6039246,-21.9859078],[-49.6152055,-21.9919868],[-49.6122622,-21.999791],[-49.6135405,-22.007782],[-49.6216556,-22.0019271],[-49.6293248,-22.0097184],[-49.641548,-22.0132964],[-49.6554751,-22.0095707],[-49.6594236,-22.0175971],[-49.6767382,-22.024384],[-49.6808226,-22.0325431],[-49.6908732,-22.0311381],[-49.6955179,-22.0445012],[-49.6879176,-22.0487606],[-49.6845033,-22.0573945],[-49.6661296,-22.0617439],[-49.6617383,-22.0767879],[-49.6562291,-22.0772198],[-49.6506914,-22.06768],[-49.6393149,-22.0699571],[-49.6212727,-22.0965713],[-49.6227178,-22.1126745],[-49.6014739,-22.1081631],[-49.5923926,-22.1128468],[-49.584994,-22.1127457],[-49.5881058,-22.1249163],[-49.5790283,-22.1286038],[-49.5693832,-22.1394044],[-49.5624397,-22.1385463],[-49.5564207,-22.1298033],[-49.5558011,-22.1368973],[-49.5621421,-22.1452769],[-49.5514309,-22.1500492],[-49.5237596,-22.1526209],[-49.5287972,-22.1654572],[-49.5300379,-22.1815931],[-49.5110853,-22.1897261],[-49.5072638,-22.2098901],[-49.5001088,-22.2126286],[-49.4934704,-22.2230176],[-49.49575,-22.2296792],[-49.4656232,-22.2449548],[-49.4589811,-22.2410729],[-49.451667,-22.2585751],[-49.4366993,-22.2706077],[-49.438729,-22.273628],[-49.4351042,-22.284107],[-49.4409049,-22.3030964],[-49.4349235,-22.3001913],[-49.4319173,-22.294208],[-49.4227762,-22.293743],[-49.4292879,-22.3053553],[-49.4282354,-22.3105353],[-49.4412016,-22.3281169],[-49.4502477,-22.3290066],[-49.4521636,-22.3344799],[-49.4591806,-22.3374586],[-49.4650723,-22.3362094],[-49.4737822,-22.3468477],[-49.4739715,-22.351806],[-49.4828654,-22.3561923],[-49.4828121,-22.3648472],[-49.4909144,-22.3728739],[-49.4950321,-22.3829973],[-49.5146734,-22.3906698],[-49.5127924,-22.3956827],[-49.5335997,-22.3951603],[-49.5456819,-22.3908315],[-49.5563551,-22.3920324],[-49.5699708,-22.3836182],[-49.5761076,-22.4170817],[-49.6039301,-22.443077],[-49.6040995,-22.4535548],[-49.596792,-22.4538176],[-49.5961621,-22.4593829],[-49.6102206,-22.4662219],[-49.6285118,-22.4691534],[-49.6249451,-22.4751227],[-49.6089665,-22.4856249],[-49.6110968,-22.4902922],[-49.6082843,-22.4965338],[-49.6121816,-22.4982087],[-49.6162475,-22.5178824],[-49.6072858,-22.5352009],[-49.5962849,-22.5416183],[-49.5845698,-22.5581576],[-49.5742803,-22.5615093],[-49.5649965,-22.5705679],[-49.5692365,-22.5872438],[-49.5782682,-22.6015989],[-49.5853909,-22.6039021],[-49.5803802,-22.616504],[-49.5877735,-22.6227109],[-49.5875762,-22.6277736],[-49.5924182,-22.6342165],[-49.5903144,-22.6368018],[-49.5925305,-22.6425884],[-49.5896486,-22.6460869],[-49.5933944,-22.6520984],[-49.5995267,-22.6541039],[-49.5989176,-22.6648522],[-49.6070651,-22.6629649],[-49.6249953,-22.649635],[-49.627729,-22.6364813],[-49.6259713,-22.6301893],[-49.6301442,-22.6239856],[-49.6362292,-22.6250664],[-49.6431113,-22.6208724],[-49.6510636,-22.6206649],[-49.6615622,-22.6071079],[-49.6888333,-22.6013208],[-49.6926962,-22.6074597],[-49.7012147,-22.6114596],[-49.7022982,-22.6217226],[-49.7053948,-22.6247947],[-49.7070581,-22.6186891],[-49.7365002,-22.5883762],[-49.7358793,-22.5764244],[-49.7483337,-22.554358],[-49.748004,-22.5400975],[-49.7534965,-22.5352826],[-49.7542974,-22.5291696],[-49.7604734,-22.5252183],[-49.7594017,-22.5180627],[-49.7644307,-22.5165142],[-49.76589,-22.5085202],[-49.7720015,-22.5006463],[-49.7867475,-22.5039484],[-49.8189628,-22.5268496],[-49.8342759,-22.5192617],[-49.8500897,-22.5234793],[-49.8492838,-22.5170364],[-49.853454,-22.5116454],[-49.8646851,-22.5131098],[-49.8853851,-22.5058139],[-49.888379,-22.5234943],[-49.8862786,-22.5332316],[-49.8926836,-22.5504474],[-49.8877662,-22.5624375],[-49.8894169,-22.5743544],[-49.8866919,-22.5911146],[-49.8924232,-22.6007345],[-49.8876551,-22.6109272],[-49.8908038,-22.6351134],[-49.8877187,-22.6408312],[-49.8922169,-22.6483782],[-49.8909028,-22.655406],[-49.9061884,-22.6684547],[-49.9145441,-22.6639903],[-49.9288151,-22.6769509],[-49.9723074,-22.6845309],[-49.9735676,-22.7123838],[-49.9831358,-22.7199848],[-49.9919952,-22.7478439],[-49.9960087,-22.7524353],[-49.9978697,-22.765948],[-50.0100548,-22.7843043],[-50.012897,-22.7796995],[-50.0256842,-22.77657],[-50.0239779,-22.7613169],[-50.0208447,-22.7591842],[-50.023884,-22.7549421],[-50.0209561,-22.7487351]]]}},{"type":"Feature","id":"35094","properties":{"cd_regiao_saude":"35094","nm_regiao_saude":"OURINHOS","cd_macrorregiao_saude":"3533","nm_macrorregiao_saude":"RRAS10","qt_municipio":13,"qt_populacao_ibge_2022":230687},"geometry":{"type":"Polygon","coordinates":[[[-49.725551,-23.1094381],[-49.7402393,-23.0991683],[-49.7497664,-23.0975105],[-49.7629482,-23.105576],[-49.7786731,-23.1012963],[-49.7891791,-23.1033455],[-49.7955726,-23.0945901],[-49.8066035,-23.0943341],[-49.8139066,-23.0786268],[-49.8269878,-23.0748713],[-49.8336586,-23.0659429],[-49.8505758,-23.0732551],[-49.8674153,-23.0716919],[-49.8732388,-23.0689811],[-49.87905,-23.0596854],[-49.8853291,-23.0650684],[-49.8992431,-23.0540171],[-49.9116022,-23.0511186],[-49.9159033,-23.0347875],[-49.9093019,-23.0135729],[-49.9014831,-23.0074644],[-49.8995854,-23.0020053],[-49.9130065,-22.9909049],[-49.9195596,-22.9904387],[-49.9307596,-22.9830312],[-49.9545019,-22.9784205],[-49.9693326,-22.9644784],[-49.9741983,-22.9544968],[-49.9656571,-22.944635],[-49.9620495,-22.9233131],[-49.9657414,-22.9141437],[-49.9861649,-22.8975048],[-49.9955909,-22.8979864],[-49.998853,-22.9017499],[-49.9904075,-22.9234822],[-49.9948737,-22.9297191],[-50.0060579,-22.9269291],[-50.0162405,-22.9103352],[-50.0343852,-22.909034],[-50.0478527,-22.9019641],[-50.0674704,-22.9275153],[-50.0715498,-22.9281237],[-50.080869,-22.9217941],[-50.0928258,-22.9225047],[-50.1154098,-22.9397912],[-50.1330955,-22.9399447],[-50.1281843,-22.9370845],[-50.1261688,-22.928614],[-50.134551,-22.9241822],[-50.1299315,-22.9151986],[-50.1318722,-22.892981],[-50.1264995,-22.8791099],[-50.1296987,-22.8729471],[-50.1291238,-22.864619],[-50.1337093,-22.8598962],[-50.1353048,-22.8521535],[-50.1271168,-22.8481936],[-50.1172681,-22.8339297],[-50.1198281,-22.8279588],[-50.1091789,-22.8245306],[-50.1069191,-22.8170018],[-50.1102288,-22.8143093],[-50.1093861,-22.8085468],[-50.0989202,-22.7815439],[-50.1021008,-22.7773013],[-50.1141468,-22.7738072],[-50.1127938,-22.7681035],[-50.1189564,-22.7516629],[-50.1182932,-22.7324437],[-50.1071117,-22.711517],[-50.1104262,-22.7095852],[-50.1228911,-22.7152786],[-50.1223363,-22.7080554],[-50.1088418,-22.6818845],[-50.0844161,-22.6878217],[-50.0608475,-22.7092],[-50.054137,-22.7204597],[-50.0493921,-22.7239073],[-50.0379901,-22.7246209],[-50.0334216,-22.7453358],[-50.0223771,-22.7469873],[-50.0209561,-22.7487351],[-50.0238001,-22.7522581],[-50.0208447,-22.7591842],[-50.0239779,-22.7613169],[-50.0256842,-22.77657],[-50.012897,-22.7796995],[-50.0100548,-22.7843043],[-49.9978697,-22.765948],[-49.9960087,-22.7524353],[-49.9919952,-22.7478439],[-49.9831358,-22.7199848],[-49.9735676,-22.7123838],[-49.9723074,-22.6845309],[-49.9288151,-22.6769509],[-49.9145441,-22.6639903],[-49.9061884,-22.6684547],[-49.8909028,-22.655406],[-49.8922169,-22.6483782],[-49.8877187,-22.6408312],[-49.8908038,-22.6351134],[-49.8876551,-22.6109272],[-49.8924232,-22.6007345],[-49.8866919,-22.5911146],[-49.8894169,-22.5743544],[-49.8877662,-22.5624375],[-49.8926836,-22.5504474],[-49.8862786,-22.5332316],[-49.888379,-22.5234943],[-49.8853851,-22.5058139],[-49.8646851,-22.5131098],[-49.853454,-22.5116454],[-49.8492838,-22.5170364],[-49.8500897,-22.5234793],[-49.8342759,-22.5192617],[-49.8189628,-22.5268496],[-49.7867475,-22.5039484],[-49.7720015,-22.5006463],[-49.76589,-22.5085202],[-49.7644307,-22.5165142],[-49.7594017,-22.5180627],[-49.7604734,-22.5252183],[-49.7542974,-22.5291696],[-49.7534965,-22.5352826],[-49.748004,-22.5400975],[-49.7483337,-22.554358],[-49.7358793,-22.5764244],[-49.7365002,-22.5883762],[-49.7070581,-22.6186891],[-49.7053948,-22.6247947],[-49.7022982,-22.6217226],[-49.7012147,-22.6114596],[-49.6926962,-22.6074597],[-49.6888333,-22.6013208],[-49.6615622,-22.6071079],[-49.6510636,-22.6206649],[-49.6431113,-22.6208724],[-49.6362292,-22.6250664],[-49.6301442,-22.6239856],[-49.6259713,-22.6301893],[-49.627729,-22.6364813],[-49.6249953,-22.649635],[-49.6025855,-22.6654619],[-49.5989176,-22.6648522],[-49.5995267,-22.6541039],[-49.5933944,-22.6520984],[-49.5896486,-22.6460869],[-49.5925305,-22.6425884],[-49.5903144,-22.6368018],[-49.5924182,-22.6342165],[-49.5875762,-22.6277736],[-49.5877735,-22.6227109],[-49.5803802,-22.616504],[-49.5853909,-22.6039021],[-49.5782682,-22.6015989],[-49.5692365,-22.5872438],[-49.5677835,-22.5763439],[-49.55928,-22.5745597],[-49.5550062,-22.5589461],[-49.5453672,-22.5637691],[-49.5409409,-22.5615015],[-49.5388707,-22.5566801],[-49.5441928,-22.5493035],[-49.534055,-22.5466963],[-49.5314385,-22.5380887],[-49.5247201,-22.534671],[-49.525642,-22.5226837],[-49.5200961,-22.5237659],[-49.5199124,-22.5190029],[-49.5145774,-22.5162473],[-49.5092588,-22.5180119],[-49.5063119,-22.5124009],[-49.5007507,-22.5171363],[-49.4896875,-22.5418596],[-49.4544066,-22.567697],[-49.4518649,-22.5764498],[-49.4568624,-22.5786686],[-49.444351,-22.6004981],[-49.4394641,-22.6042845],[-49.4247221,-22.6070853],[-49.4175799,-22.6218573],[-49.3639471,-22.6327822],[-49.351007,-22.6425575],[-49.3570218,-22.6449236],[-49.3538876,-22.6485045],[-49.3572044,-22.6484733],[-49.3578577,-22.6538017],[-49.3610918,-22.6524587],[-49.3616388,-22.6549165],[-49.3396897,-22.6659058],[-49.3356656,-22.6763548],[-49.3589935,-22.6825815],[-49.3563068,-22.6874138],[-49.3713344,-22.7073299],[-49.3841081,-22.7090503],[-49.3837352,-22.7163499],[-49.3754896,-22.7277732],[-49.379801,-22.7333356],[-49.3856966,-22.7629144],[-49.3758909,-22.7774519],[-49.3791321,-22.7860892],[-49.3682353,-22.8188247],[-49.3767887,-22.8388069],[-49.374855,-22.8481105],[-49.3777549,-22.8636501],[-49.3694983,-22.8748687],[-49.3695115,-22.8837839],[-49.3620683,-22.889355],[-49.353619,-22.8866722],[-49.3452961,-22.8892726],[-49.3422542,-22.8841541],[-49.3381133,-22.8901237],[-49.3320175,-22.8866882],[-49.3090505,-22.8850174],[-49.3087863,-22.8978162],[-49.3023166,-22.9137182],[-49.2949388,-22.9182171],[-49.2894064,-22.933685],[-49.2799033,-22.9388103],[-49.3044231,-22.9532055],[-49.3186183,-22.9699255],[-49.3528188,-22.9779192],[-49.3610703,-22.9936066],[-49.3684582,-22.9842733],[-49.376324,-23.0165774],[-49.3828002,-23.02978],[-49.3832571,-23.0392108],[-49.3873091,-23.043218],[-49.3842227,-23.0497555],[-49.387637,-23.0536632],[-49.3952888,-23.0579345],[-49.4066728,-23.0565747],[-49.4121155,-23.0515455],[-49.4203596,-23.0528209],[-49.4239859,-23.0582531],[-49.4432211,-23.0565937],[-49.4459114,-23.0683028],[-49.4420918,-23.0829331],[-49.4444677,-23.0965487],[-49.441974,-23.1111477],[-49.4475026,-23.1222836],[-49.451389,-23.1225766],[-49.4507761,-23.1275901],[-49.4559205,-23.135037],[-49.4713164,-23.137016],[-49.4732923,-23.1491318],[-49.4821391,-23.1488228],[-49.4836046,-23.1407312],[-49.4943479,-23.136658],[-49.5147522,-23.1428744],[-49.5326694,-23.1369556],[-49.5452222,-23.1388923],[-49.5478495,-23.127092],[-49.5521201,-23.1237142],[-49.556077,-23.1316144],[-49.5733529,-23.1385556],[-49.558754,-23.1533175],[-49.5552847,-23.1523179],[-49.5538599,-23.1560218],[-49.5498384,-23.1534909],[-49.5507639,-23.1598597],[-49.5468201,-23.168843],[-49.5354376,-23.1763274],[-49.5429787,-23.1887357],[-49.5423661,-23.1934102],[-49.5293868,-23.1977058],[-49.5221998,-23.2057871],[-49.524587,-23.2165206],[-49.5497086,-23.2452139],[-49.5403568,-23.2806071],[-49.5454967,-23.2792822],[-49.5464657,-23.2734139],[-49.5605012,-23.2589617],[-49.570473,-23.2647502],[-49.5924879,-23.2673778],[-49.6053936,-23.2786522],[-49.6241455,-23.2791174],[-49.6271459,-23.2817728],[-49.6351717,-23.2713063],[-49.640067,-23.2563244],[-49.6471038,-23.251712],[-49.6444797,-23.2402358],[-49.6530665,-23.2344596],[-49.6537516,-23.212037],[-49.6667051,-23.1887793],[-49.677708,-23.1749426],[-49.6832659,-23.1736114],[-49.6783199,-23.1650617],[-49.6974899,-23.1649832],[-49.7035444,-23.1583081],[-49.7013687,-23.1530805],[-49.7112719,-23.1562011],[-49.7164932,-23.1483933],[-49.7304888,-23.1414461],[-49.7349051,-23.1328893],[-49.726157,-23.1169036],[-49.725551,-23.1094381]]]}},{"type":"Feature","id":"35095","properties":{"cd_regiao_saude":"35095","nm_regiao_saude":"TUPA","cd_macrorregiao_saude":"3533","nm_macrorregiao_saude":"RRAS10","qt_municipio":8,"qt_populacao_ibge_2022":125835},"geometry":{"type":"Polygon","coordinates":[[[-50.4812114,-22.0817038],[-50.4911166,-22.0822331],[-50.4984528,-22.0955284],[-50.5211247,-22.111016],[-50.5505817,-22.0948887],[-50.5468535,-22.0883881],[-50.5501465,-22.0824733],[-50.5549251,-22.0841017],[-50.5593774,-22.0784494],[-50.5701613,-22.0779993],[-50.573438,-22.0823165],[-50.5790704,-22.0711338],[-50.5948254,-22.0733809],[-50.6009383,-22.0690983],[-50.6007026,-22.0636599],[-50.6197612,-22.0618926],[-50.628129,-22.0491883],[-50.6374901,-22.0499982],[-50.6552445,-22.0353496],[-50.6633317,-22.0357091],[-50.668861,-22.0283511],[-50.6962673,-22.0232393],[-50.6984307,-22.0193838],[-50.7042869,-22.0219017],[-50.7094477,-22.019845],[-50.7112924,-22.0140636],[-50.7212302,-22.0099677],[-50.7430568,-22.007975],[-50.7467711,-22.0032384],[-50.7803838,-22.0024722],[-50.805708,-21.9966068],[-50.8323694,-21.9868284],[-50.8332873,-21.9806212],[-50.8454677,-21.9736745],[-50.8646619,-21.9689867],[-50.8700725,-21.9643943],[-50.8895418,-21.9670906],[-50.8974816,-21.9590959],[-50.9018155,-21.9565024],[-50.9078215,-21.9578333],[-50.9092974,-21.9537578],[-50.9153165,-21.9541957],[-50.9159227,-21.9512357],[-50.939089,-21.9507847],[-50.94769,-21.946486],[-50.9512365,-21.938046],[-50.9615881,-21.9325158],[-50.9611735,-21.9289562],[-50.965858,-21.9257503],[-50.9558132,-21.9256762],[-50.9525338,-21.9179585],[-50.9383265,-21.9033225],[-50.9332847,-21.9036259],[-50.9269448,-21.8946952],[-50.913762,-21.8903012],[-50.9077062,-21.8742888],[-50.8978603,-21.8623246],[-50.8938486,-21.8631215],[-50.8864388,-21.8540851],[-50.8771219,-21.8487069],[-50.8685233,-21.8369024],[-50.8589713,-21.8384018],[-50.8535008,-21.8321199],[-50.8390815,-21.8293485],[-50.8335726,-21.8103817],[-50.8311101,-21.8070707],[-50.8236611,-21.8061384],[-50.8236556,-21.800778],[-50.8474772,-21.7893086],[-50.8563273,-21.7790625],[-50.8567673,-21.77132],[-50.8480463,-21.7396104],[-50.8398409,-21.7316393],[-50.8417642,-21.7257453],[-50.8344246,-21.7169297],[-50.8334827,-21.7013301],[-50.8263717,-21.6899079],[-50.8305935,-21.6843974],[-50.8275112,-21.6822366],[-50.8283492,-21.6778287],[-50.8154202,-21.6717149],[-50.8143066,-21.6566482],[-50.8093724,-21.6558689],[-50.8056324,-21.6468094],[-50.8076641,-21.6410695],[-50.794485,-21.6272494],[-50.7939536,-21.6138566],[-50.7802858,-21.5940327],[-50.7822713,-21.5885982],[-50.7765151,-21.5870516],[-50.7790259,-21.5833724],[-50.7745737,-21.5729986],[-50.7798125,-21.567784],[-50.7731755,-21.5673458],[-50.7752398,-21.5642938],[-50.7697555,-21.5660237],[-50.7709948,-21.5694849],[-50.7675004,-21.5635976],[-50.7605334,-21.5633717],[-50.7561632,-21.5711883],[-50.7445209,-21.5649218],[-50.7491269,-21.5751023],[-50.74533,-21.5784074],[-50.7348932,-21.5719692],[-50.7260874,-21.5769943],[-50.7082688,-21.5769891],[-50.7061664,-21.5790322],[-50.7078743,-21.5855038],[-50.682805,-21.5980323],[-50.6808556,-21.6022709],[-50.6774756,-21.6010093],[-50.6703738,-21.6049356],[-50.6608021,-21.6185061],[-50.6521523,-21.6235328],[-50.6546282,-21.6340372],[-50.6497457,-21.6386192],[-50.6466327,-21.6506802],[-50.6404274,-21.6495681],[-50.6324537,-21.6565751],[-50.6276064,-21.6429473],[-50.6231041,-21.6429918],[-50.6189066,-21.651578],[-50.6205709,-21.6609669],[-50.6140726,-21.6567784],[-50.6010462,-21.658224],[-50.5977191,-21.6624846],[-50.6031655,-21.666664],[-50.596756,-21.6733662],[-50.5882764,-21.67526],[-50.5888653,-21.680698],[-50.5854801,-21.6796021],[-50.5774437,-21.6840405],[-50.579134,-21.6863472],[-50.5729613,-21.6871354],[-50.5705542,-21.6918729],[-50.5651482,-21.6898561],[-50.5545076,-21.6938845],[-50.5544686,-21.6989058],[-50.5519538,-21.6977515],[-50.5498664,-21.7025041],[-50.5484912,-21.6995694],[-50.5451075,-21.7016504],[-50.5441132,-21.6989873],[-50.5377685,-21.6995179],[-50.5162834,-21.7103072],[-50.5111642,-21.7031986],[-50.5044911,-21.7150489],[-50.496467,-21.7153906],[-50.4848274,-21.7023299],[-50.4749272,-21.7019041],[-50.4641169,-21.7064889],[-50.4624193,-21.6939895],[-50.4647355,-21.6925542],[-50.4614535,-21.6899656],[-50.4643881,-21.688153],[-50.4572668,-21.6872966],[-50.4508826,-21.6900823],[-50.4505896,-21.6931219],[-50.4339603,-21.6977365],[-50.4330339,-21.6946197],[-50.4266121,-21.694868],[-50.4214229,-21.7056529],[-50.4114447,-21.7070942],[-50.4099962,-21.7036318],[-50.4099906,-21.7069428],[-50.3996749,-21.7165645],[-50.3795788,-21.7183436],[-50.3719255,-21.7236081],[-50.3653702,-21.720117],[-50.3606304,-21.7257848],[-50.3487717,-21.7096665],[-50.335143,-21.7172576],[-50.3303387,-21.7091545],[-50.3233427,-21.709253],[-50.3212553,-21.7063986],[-50.3093599,-21.7144186],[-50.3045968,-21.711095],[-50.3012967,-21.7158247],[-50.2944414,-21.7173232],[-50.2954368,-21.7144915],[-50.2919493,-21.7155416],[-50.2852948,-21.7091857],[-50.2743608,-21.7075521],[-50.2715517,-21.7217703],[-50.2614241,-21.7275141],[-50.2625793,-21.7326136],[-50.2585196,-21.7386619],[-50.2448518,-21.7403078],[-50.2406377,-21.7472318],[-50.237135,-21.7453551],[-50.2291936,-21.75246],[-50.2252185,-21.7525095],[-50.2230375,-21.7602584],[-50.2186685,-21.7627425],[-50.2124233,-21.7590428],[-50.2010981,-21.7667272],[-50.1895408,-21.7628988],[-50.1885927,-21.7680107],[-50.1817489,-21.7705991],[-50.1795514,-21.7750045],[-50.1671187,-21.7758777],[-50.1609087,-21.7850979],[-50.1532805,-21.7859126],[-50.1445835,-21.795274],[-50.1474581,-21.7987594],[-50.144319,-21.8038724],[-50.130619,-21.8088867],[-50.1318853,-21.8140149],[-50.1280519,-21.8170206],[-50.1313977,-21.8238503],[-50.1605166,-21.8591519],[-50.1795353,-21.8548179],[-50.2253231,-21.8600022],[-50.224822,-21.8673855],[-50.2591672,-21.8912323],[-50.262734,-21.8882681],[-50.2560004,-21.878403],[-50.2601312,-21.8561793],[-50.255962,-21.8505511],[-50.2704574,-21.8417445],[-50.2719837,-21.8651219],[-50.2765676,-21.8769892],[-50.2738607,-21.8941727],[-50.2790062,-21.9338592],[-50.2835121,-21.9455968],[-50.2818191,-21.954684],[-50.3092086,-21.9771256],[-50.3047254,-21.9935222],[-50.3124405,-22.0059863],[-50.318317,-22.0104393],[-50.3431647,-22.0151155],[-50.340685,-22.0235044],[-50.3456493,-22.0309716],[-50.3437611,-22.0447572],[-50.3460003,-22.0503015],[-50.3426898,-22.0679609],[-50.3494411,-22.0694623],[-50.3745561,-22.0638055],[-50.408516,-22.0812152],[-50.4366352,-22.0770553],[-50.4450873,-22.0820916],[-50.4725569,-22.0754391],[-50.4812114,-22.0817038]]]}},{"type":"Feature","id":"35101","properties":{"cd_regiao_saude":"35101","nm_regiao_saude":"ARARAS","cd_macrorregiao_saude":"3529","nm_macrorregiao_saude":"RRAS14","qt_municipio":5,"qt_populacao_ibge_2022":334950},"geometry":{"type":"Polygon","coordinates":[[[-47.1837481,-22.2927315],[-47.1754229,-22.2961222],[-47.1685999,-22.2910819],[-47.1713201,-22.2896234],[-47.1676245,-22.2836429],[-47.1597919,-22.2876105],[-47.1611975,-22.2920028],[-47.1569134,-22.2927226],[-47.1544057,-22.2977935],[-47.1537484,-22.2948495],[-47.1495338,-22.2944426],[-47.1304538,-22.3002611],[-47.1244822,-22.2980088],[-47.1255389,-22.2933482],[-47.120173,-22.2906766],[-47.115795,-22.2943651],[-47.1093922,-22.2926323],[-47.1045486,-22.2987219],[-47.1056423,-22.2937586],[-47.0984749,-22.2932104],[-47.0909482,-22.3024534],[-47.0837548,-22.2998111],[-47.091217,-22.3218753],[-47.0859949,-22.3188249],[-47.0811028,-22.3213736],[-47.0748767,-22.3365558],[-47.0809591,-22.3439391],[-47.0812041,-22.3573748],[-47.0895048,-22.3850902],[-47.0869171,-22.3928618],[-47.0885044,-22.3990715],[-47.0967625,-22.407135],[-47.1083866,-22.4100558],[-47.1104365,-22.4217026],[-47.1165218,-22.4320175],[-47.1171924,-22.4468178],[-47.1209416,-22.4559188],[-47.130205,-22.4677682],[-47.1416545,-22.4729696],[-47.1485945,-22.4813348],[-47.1549367,-22.4806665],[-47.1628116,-22.4638683],[-47.1812998,-22.4383346],[-47.1889076,-22.4326716],[-47.2152034,-22.4320598],[-47.2219196,-22.4386959],[-47.2270879,-22.4576539],[-47.2375224,-22.4682684],[-47.2468057,-22.4706924],[-47.2528967,-22.4768624],[-47.2570238,-22.4690616],[-47.2645794,-22.4694161],[-47.2736686,-22.4622143],[-47.2958778,-22.4616753],[-47.3022005,-22.4449661],[-47.3276147,-22.4488188],[-47.3583364,-22.4614007],[-47.3655704,-22.4594616],[-47.3865165,-22.4430705],[-47.395668,-22.4448022],[-47.4074391,-22.4357023],[-47.4300756,-22.4323202],[-47.4466096,-22.421681],[-47.4670311,-22.4186432],[-47.4675486,-22.4140222],[-47.4620569,-22.4083289],[-47.4618769,-22.4038228],[-47.4724034,-22.394708],[-47.4839585,-22.3778661],[-47.474553,-22.360846],[-47.4686182,-22.3264119],[-47.4628722,-22.3159909],[-47.4622247,-22.3091237],[-47.4679548,-22.3061587],[-47.4625543,-22.2950048],[-47.4689238,-22.2829418],[-47.465626,-22.2626499],[-47.4698375,-22.2443886],[-47.4784307,-22.2400846],[-47.4751527,-22.2353883],[-47.4761035,-22.2282595],[-47.4851291,-22.215002],[-47.4837383,-22.2044017],[-47.4919617,-22.1860758],[-47.4914607,-22.1601334],[-47.5128896,-22.1633193],[-47.5271285,-22.1756056],[-47.5434478,-22.1711059],[-47.5444122,-22.1566273],[-47.5503389,-22.1508007],[-47.5620335,-22.113795],[-47.5724843,-22.0975595],[-47.5793307,-22.0871461],[-47.6068078,-22.0664141],[-47.6120761,-22.0544214],[-47.6264662,-22.0436037],[-47.6175271,-22.041727],[-47.6174209,-22.0454414],[-47.6115233,-22.0502733],[-47.6032527,-22.0524404],[-47.5847382,-22.036046],[-47.5744996,-22.0160249],[-47.5824264,-21.9959902],[-47.5819182,-21.9904181],[-47.5435693,-21.9797388],[-47.5354037,-21.9556534],[-47.5242415,-21.9435234],[-47.507794,-21.9332018],[-47.5061627,-21.9349211],[-47.4978917,-21.9177603],[-47.4864712,-21.922918],[-47.4713181,-21.9154411],[-47.4193356,-21.9135954],[-47.413743,-21.9177948],[-47.4091997,-21.9135791],[-47.4056191,-21.9148394],[-47.3996556,-21.9032841],[-47.4023733,-21.8919959],[-47.3953581,-21.8905873],[-47.3933628,-21.8871975],[-47.4040421,-21.8775463],[-47.3973809,-21.8576912],[-47.3874644,-21.8503322],[-47.3424902,-21.8399594],[-47.3320042,-21.8424948],[-47.3245419,-21.8512541],[-47.3240661,-21.86068],[-47.3103738,-21.872691],[-47.2856866,-21.8674336],[-47.2776709,-21.8811009],[-47.2827493,-21.9083644],[-47.2786379,-21.914884],[-47.2821871,-21.9207911],[-47.2753638,-21.9307094],[-47.2743458,-21.9394034],[-47.2665697,-21.9481221],[-47.2702607,-21.9546149],[-47.2900158,-21.9581416],[-47.2986799,-21.9704876],[-47.296611,-21.9788077],[-47.2900146,-21.981621],[-47.2917642,-21.9782711],[-47.2801703,-21.9695248],[-47.2642533,-21.9690109],[-47.258714,-21.9758926],[-47.2514493,-21.9651848],[-47.2484002,-21.968437],[-47.2416578,-21.9666452],[-47.2312731,-21.9731889],[-47.2237695,-21.9728092],[-47.2198121,-21.9776695],[-47.2162109,-21.9759778],[-47.2119503,-21.9865473],[-47.2097918,-22.0150209],[-47.2019925,-22.02036],[-47.2016976,-22.0341931],[-47.2178356,-22.0380438],[-47.2339529,-22.0564076],[-47.2307557,-22.0588011],[-47.232459,-22.0620377],[-47.222354,-22.0611212],[-47.2230517,-22.0641906],[-47.218501,-22.0637938],[-47.2200176,-22.077843],[-47.2127173,-22.0875776],[-47.1974289,-22.0988141],[-47.1993761,-22.1050747],[-47.1935833,-22.1140374],[-47.1992573,-22.149781],[-47.1903628,-22.1724336],[-47.1972899,-22.18048],[-47.2045147,-22.2047526],[-47.2101969,-22.202176],[-47.2210512,-22.2088321],[-47.2242045,-22.2063335],[-47.2293337,-22.2129507],[-47.2372399,-22.2138626],[-47.2424169,-22.2238602],[-47.2396273,-22.2314628],[-47.2335419,-22.2197679],[-47.2277001,-22.2273967],[-47.2190395,-22.2297658],[-47.2315673,-22.2447077],[-47.2302655,-22.2568258],[-47.2174613,-22.265247],[-47.2101716,-22.2794277],[-47.2049343,-22.2815684],[-47.2008444,-22.277663],[-47.1992404,-22.282609],[-47.1930496,-22.2811209],[-47.1955088,-22.2787678],[-47.1915908,-22.2757876],[-47.1924979,-22.2724919],[-47.1871248,-22.2719938],[-47.1840241,-22.2748762],[-47.1876546,-22.2765768],[-47.1833275,-22.2791708],[-47.1872875,-22.2800081],[-47.1837481,-22.2927315]]]}},{"type":"Feature","id":"35102","properties":{"cd_regiao_saude":"35102","nm_regiao_saude":"LIMEIRA","cd_macrorregiao_saude":"3529","nm_macrorregiao_saude":"RRAS14","qt_municipio":4,"qt_populacao_ibge_2022":357916},"geometry":{"type":"Polygon","coordinates":[[[-47.5098832,-22.6905643],[-47.5354012,-22.7100568],[-47.5389242,-22.717144],[-47.5422468,-22.7092182],[-47.5500058,-22.7054258],[-47.545048,-22.6934816],[-47.5502411,-22.6887131],[-47.5461153,-22.688455],[-47.5422808,-22.6823975],[-47.5347547,-22.6875385],[-47.526312,-22.6879155],[-47.5221237,-22.6768218],[-47.5313892,-22.6530168],[-47.5376773,-22.6470079],[-47.5351351,-22.6247606],[-47.5489515,-22.612988],[-47.5465208,-22.5903173],[-47.5485457,-22.5845269],[-47.5786317,-22.5638847],[-47.5827495,-22.5419619],[-47.5752508,-22.5416156],[-47.5735685,-22.5308306],[-47.5527504,-22.5195217],[-47.5475548,-22.5214281],[-47.5344035,-22.517878],[-47.5287368,-22.5235918],[-47.5264044,-22.5329115],[-47.5159789,-22.5355026],[-47.5096743,-22.5349719],[-47.5073102,-22.5256801],[-47.489384,-22.5238306],[-47.4932501,-22.5172991],[-47.4883283,-22.5066657],[-47.4926016,-22.4820859],[-47.4635588,-22.4526581],[-47.4630567,-22.4352059],[-47.4670311,-22.4186432],[-47.4466096,-22.421681],[-47.4300756,-22.4323202],[-47.4074391,-22.4357023],[-47.395668,-22.4448022],[-47.3865165,-22.4430705],[-47.3655704,-22.4594616],[-47.3583364,-22.4614007],[-47.3276147,-22.4488188],[-47.3022005,-22.4449661],[-47.2958778,-22.4616753],[-47.2736686,-22.4622143],[-47.2645794,-22.4694161],[-47.2570238,-22.4690616],[-47.2528967,-22.4768624],[-47.2468057,-22.4706924],[-47.2375224,-22.4682684],[-47.2270879,-22.4576539],[-47.2219196,-22.4386959],[-47.2152034,-22.4320598],[-47.1889076,-22.4326716],[-47.1812998,-22.4383346],[-47.1628116,-22.4638683],[-47.1534867,-22.4817239],[-47.1485945,-22.4813348],[-47.13604,-22.4698876],[-47.1298942,-22.4748842],[-47.1201568,-22.4746618],[-47.111165,-22.4645035],[-47.0936108,-22.4755782],[-47.0863542,-22.4742349],[-47.0836832,-22.4792831],[-47.0829026,-22.4848063],[-47.0960433,-22.5085658],[-47.1042104,-22.5176589],[-47.1244674,-22.5264302],[-47.1413474,-22.5264446],[-47.1678719,-22.5170891],[-47.1747712,-22.518965],[-47.1882599,-22.5156039],[-47.1891701,-22.5210495],[-47.2142558,-22.5270253],[-47.2261123,-22.5247814],[-47.2309985,-22.5200769],[-47.2365738,-22.5205921],[-47.2329737,-22.5264208],[-47.2117987,-22.5379691],[-47.2184289,-22.5611156],[-47.2276899,-22.5708122],[-47.2312674,-22.5806228],[-47.2434756,-22.5832752],[-47.2273204,-22.6039794],[-47.2316458,-22.6105623],[-47.2537658,-22.6248672],[-47.2600747,-22.6383021],[-47.2669379,-22.6439573],[-47.2667967,-22.6532414],[-47.2786913,-22.6623013],[-47.2801954,-22.6727668],[-47.2778387,-22.6801371],[-47.2853633,-22.687254],[-47.2798085,-22.6898421],[-47.280384,-22.6924845],[-47.286494,-22.693843],[-47.299558,-22.687877],[-47.312744,-22.687374],[-47.323038,-22.696955],[-47.320759,-22.707121],[-47.322721,-22.710504],[-47.334084,-22.713321],[-47.34743,-22.703201],[-47.349604,-22.697361],[-47.360142,-22.688304],[-47.361881,-22.680851],[-47.370537,-22.681879],[-47.383416,-22.690232],[-47.3943748,-22.7067043],[-47.4120013,-22.7149336],[-47.4248748,-22.7105926],[-47.4378034,-22.7139549],[-47.4496447,-22.7272926],[-47.4551825,-22.7296945],[-47.4600261,-22.7264544],[-47.4628064,-22.7343456],[-47.4666209,-22.7358671],[-47.4718565,-22.7319253],[-47.4753021,-22.7384277],[-47.4853526,-22.7338243],[-47.4918923,-22.7217805],[-47.4916443,-22.7119651],[-47.5033241,-22.6989239],[-47.5025276,-22.6905649],[-47.5098832,-22.6905643]]]}},{"type":"Feature","id":"35103","properties":{"cd_regiao_saude":"35103","nm_regiao_saude":"PIRACICABA","cd_macrorregiao_saude":"3529","nm_macrorregiao_saude":"RRAS14","qt_municipio":11,"qt_populacao_ibge_2022":605080},"geometry":{"type":"Polygon","coordinates":[[[-47.7118258,-22.9123261],[-47.7225768,-22.9197056],[-47.7225267,-22.9332349],[-47.745903,-22.9328325],[-47.7602476,-22.922151],[-47.7575741,-22.9143641],[-47.7633276,-22.9039959],[-47.8069049,-22.876904],[-47.8329134,-22.8879549],[-47.8352923,-22.8969295],[-47.8447611,-22.9016351],[-47.8687696,-22.8990093],[-47.8706915,-22.8934035],[-47.8632753,-22.8851826],[-47.8578548,-22.8669517],[-47.8658115,-22.8606676],[-47.8991406,-22.8702342],[-47.900324,-22.878017],[-47.9059845,-22.8773526],[-47.9148191,-22.883417],[-47.9391818,-22.8828927],[-47.9477791,-22.8886752],[-47.9590028,-22.8892402],[-47.9695511,-22.9001116],[-47.9736774,-22.8974351],[-47.9749805,-22.8852076],[-47.982246,-22.8702194],[-47.9864913,-22.868791],[-47.9913144,-22.8758456],[-47.9877712,-22.8879465],[-47.9926366,-22.8955003],[-48.001227,-22.8994449],[-48.0094416,-22.8959957],[-48.015283,-22.8841087],[-48.0024012,-22.8803933],[-48.0030887,-22.8657628],[-48.0144435,-22.8522502],[-48.0399224,-22.8468873],[-48.0475286,-22.8318929],[-48.031998,-22.825744],[-48.031856,-22.797039],[-48.026837,-22.789147],[-48.029399,-22.778419],[-48.027992,-22.755112],[-48.024739,-22.749279],[-48.015973,-22.74873],[-48.018273,-22.741369],[-48.01428,-22.734649],[-48.018128,-22.728667],[-48.031539,-22.719249],[-48.038356,-22.725163],[-48.045877,-22.724662],[-48.058553,-22.733907],[-48.070551,-22.73695],[-48.075918,-22.726226],[-48.083882,-22.72393],[-48.086357,-22.707112],[-48.093891,-22.702239],[-48.098664,-22.688783],[-48.08954,-22.667004],[-48.088288,-22.652262],[-48.0956658,-22.6488089],[-48.090343,-22.6323841],[-48.0952588,-22.6237677],[-48.1160438,-22.629418],[-48.1417692,-22.6296864],[-48.1603772,-22.6378083],[-48.1761898,-22.6268276],[-48.1904828,-22.6252735],[-48.2104662,-22.6181138],[-48.2147116,-22.6139528],[-48.2177904,-22.5983055],[-48.2272376,-22.5939633],[-48.2361045,-22.5987715],[-48.242629,-22.6179213],[-48.2541511,-22.617782],[-48.2614799,-22.6054322],[-48.2479893,-22.5796377],[-48.2479062,-22.5738291],[-48.2562287,-22.5559006],[-48.25301,-22.5506616],[-48.2543905,-22.5469846],[-48.2603456,-22.5407707],[-48.2393837,-22.5202855],[-48.231193,-22.521013],[-48.230446,-22.529059],[-48.223799,-22.52956],[-48.21696,-22.536449],[-48.218092,-22.51881],[-48.213748,-22.51793],[-48.213224,-22.51068],[-48.207267,-22.511739],[-48.20751,-22.502483],[-48.198016,-22.503664],[-48.197824,-22.512665],[-48.194218,-22.50874],[-48.192932,-22.512842],[-48.187924,-22.513963],[-48.192915,-22.499432],[-48.18825,-22.497312],[-48.192382,-22.48973],[-48.183257,-22.48301],[-48.181324,-22.489105],[-48.1751,-22.489725],[-48.177404,-22.497264],[-48.174312,-22.499336],[-48.170846,-22.492284],[-48.176218,-22.483526],[-48.172617,-22.476003],[-48.165682,-22.482798],[-48.160468,-22.47831],[-48.158407,-22.479665],[-48.159111,-22.490656],[-48.1496,-22.480974],[-48.147958,-22.488816],[-48.139472,-22.491253],[-48.140324,-22.496862],[-48.130777,-22.505792],[-48.131729,-22.514244],[-48.139221,-22.515115],[-48.141571,-22.519121],[-48.138298,-22.52779],[-48.134814,-22.527977],[-48.12918,-22.522105],[-48.123411,-22.5292],[-48.120938,-22.515565],[-48.124639,-22.511359],[-48.123657,-22.507048],[-48.128909,-22.504019],[-48.129644,-22.494962],[-48.125992,-22.490024],[-48.119627,-22.495133],[-48.118935,-22.501294],[-48.111812,-22.503925],[-48.105291,-22.49855],[-48.103133,-22.509299],[-48.098702,-22.509307],[-48.09365,-22.498674],[-48.092163,-22.506534],[-48.087008,-22.510254],[-48.084464,-22.506771],[-48.081489,-22.510612],[-48.074391,-22.527686],[-48.067623,-22.514434],[-48.0500258,-22.5137714],[-48.0438583,-22.5108852],[-48.0419753,-22.5062001],[-48.0197098,-22.5032952],[-48.0100387,-22.4961593],[-48.0019974,-22.4968501],[-48.0016143,-22.4918129],[-47.9948347,-22.4938067],[-47.9966173,-22.4788004],[-47.9855318,-22.4736423],[-47.9749393,-22.4636374],[-47.9825214,-22.4553919],[-47.9540201,-22.4442507],[-47.9495371,-22.431472],[-47.9354735,-22.4243853],[-47.915814,-22.4246603],[-47.910421,-22.4325555],[-47.8927521,-22.4243299],[-47.8826311,-22.4290851],[-47.8786422,-22.4344308],[-47.8721098,-22.4286988],[-47.853466,-22.4315271],[-47.8565626,-22.4434692],[-47.8256622,-22.443195],[-47.826167,-22.4481146],[-47.8194329,-22.4492691],[-47.8186082,-22.4560023],[-47.8135779,-22.4569678],[-47.7973166,-22.4488274],[-47.7746447,-22.450391],[-47.7731508,-22.446885],[-47.7766698,-22.4441236],[-47.7695962,-22.4430202],[-47.7585596,-22.452501],[-47.7562228,-22.4612002],[-47.7447212,-22.4691572],[-47.7428092,-22.4759967],[-47.748485,-22.4837621],[-47.723821,-22.4927885],[-47.7209616,-22.4863203],[-47.7098274,-22.4883277],[-47.6900734,-22.4826399],[-47.6873787,-22.4904727],[-47.6781403,-22.4951466],[-47.6693064,-22.5071294],[-47.6720894,-22.519266],[-47.6692422,-22.524553],[-47.6724526,-22.532556],[-47.6692266,-22.5399465],[-47.6655309,-22.5410354],[-47.6563503,-22.5360116],[-47.6560682,-22.5313863],[-47.6614119,-22.5288742],[-47.656428,-22.5288442],[-47.6571546,-22.5234366],[-47.6544488,-22.5209361],[-47.6503457,-22.5304244],[-47.6386456,-22.5365046],[-47.6309453,-22.5475956],[-47.6070518,-22.5520269],[-47.5989958,-22.5486989],[-47.592404,-22.5404929],[-47.5827495,-22.5419619],[-47.5786317,-22.5638847],[-47.5485457,-22.5845269],[-47.5465208,-22.5903173],[-47.5489515,-22.612988],[-47.5351351,-22.6247606],[-47.5376773,-22.6470079],[-47.5313892,-22.6530168],[-47.5221237,-22.6768218],[-47.526312,-22.6879155],[-47.5347547,-22.6875385],[-47.5422808,-22.6823975],[-47.5461153,-22.688455],[-47.5502411,-22.6887131],[-47.545048,-22.6934816],[-47.5500058,-22.7054258],[-47.5422468,-22.7092182],[-47.5389242,-22.717144],[-47.5361437,-22.7108607],[-47.5205998,-22.6970148],[-47.5043319,-22.690004],[-47.50143,-22.7024862],[-47.4916443,-22.7119651],[-47.49046,-22.7242852],[-47.5104169,-22.7366441],[-47.4929628,-22.7534659],[-47.4979629,-22.7615944],[-47.4950566,-22.7674302],[-47.496479,-22.7821305],[-47.5052492,-22.7858184],[-47.5137706,-22.8076384],[-47.5200086,-22.8147346],[-47.5196189,-22.8205764],[-47.527417,-22.8301143],[-47.530549,-22.8456833],[-47.5193971,-22.854415],[-47.5084194,-22.8523859],[-47.5000518,-22.8544831],[-47.4852128,-22.8496869],[-47.481624,-22.858911],[-47.4772878,-22.8596996],[-47.4650576,-22.8582044],[-47.4559566,-22.8479806],[-47.4488882,-22.8457669],[-47.4513807,-22.8574688],[-47.449929,-22.8709491],[-47.4422799,-22.879198],[-47.4411259,-22.8894661],[-47.4363349,-22.8909205],[-47.4354163,-22.8956566],[-47.4146028,-22.9045819],[-47.4121768,-22.9082111],[-47.4073506,-22.9042387],[-47.3970898,-22.9031056],[-47.3916383,-22.9112102],[-47.3938073,-22.9155415],[-47.3866493,-22.9181383],[-47.3915272,-22.9355659],[-47.3885216,-22.9398032],[-47.3873551,-22.9559862],[-47.3962485,-22.9543559],[-47.3983403,-22.9588791],[-47.4058002,-22.962233],[-47.4010239,-22.9735114],[-47.3857713,-22.9859807],[-47.3788543,-22.9851037],[-47.3530938,-23.0077229],[-47.3172582,-23.030244],[-47.3075963,-23.0272522],[-47.3005954,-23.0294666],[-47.2912465,-23.0418104],[-47.2860475,-23.0591447],[-47.280526,-23.0634217],[-47.27773,-23.0722721],[-47.2983883,-23.093114],[-47.3004531,-23.1126255],[-47.320776,-23.124363],[-47.328608,-23.114123],[-47.339276,-23.111153],[-47.34208,-23.117187],[-47.349642,-23.117754],[-47.35204,-23.132759],[-47.36178,-23.141475],[-47.372606,-23.144455],[-47.378093,-23.152491],[-47.387648,-23.152866],[-47.3983404,-23.1618413],[-47.4130734,-23.1647057],[-47.4185396,-23.1686776],[-47.4233624,-23.1567921],[-47.422911,-23.1490118],[-47.4141961,-23.1334692],[-47.415593,-23.1269648],[-47.4115361,-23.1200514],[-47.4202759,-23.1132218],[-47.4282105,-23.1010927],[-47.4339425,-23.1061102],[-47.4517575,-23.1059964],[-47.4653002,-23.1098863],[-47.4683647,-23.1166617],[-47.4650262,-23.1280615],[-47.46939,-23.123977],[-47.4803925,-23.1249962],[-47.4927075,-23.102317],[-47.5012506,-23.0943232],[-47.5097134,-23.0913723],[-47.5286261,-23.0948139],[-47.5303594,-23.101395],[-47.5530373,-23.0986261],[-47.5632346,-23.0906857],[-47.5674278,-23.0986781],[-47.5727765,-23.0983448],[-47.5813895,-23.1037254],[-47.6086872,-23.0992636],[-47.6041994,-23.0873228],[-47.5929378,-23.0763828],[-47.6131208,-23.0688294],[-47.6264173,-23.0759739],[-47.6315,-23.054841],[-47.629074,-23.043669],[-47.645315,-23.040406],[-47.652073,-23.043204],[-47.653992,-23.035938],[-47.6613125,-23.0283772],[-47.6628261,-23.0178475],[-47.6584902,-23.0017762],[-47.6602688,-22.997284],[-47.6682988,-22.9937805],[-47.6638127,-22.9904703],[-47.6657544,-22.9841951],[-47.6699929,-22.9817993],[-47.6717119,-22.9724464],[-47.6772565,-22.9684666],[-47.6778839,-22.958519],[-47.6985071,-22.9311979],[-47.7007817,-22.9192575],[-47.7118258,-22.9123261]]]}},{"type":"Feature","id":"35104","properties":{"cd_regiao_saude":"35104","nm_regiao_saude":"RIO CLARO","cd_macrorregiao_saude":"3529","nm_macrorregiao_saude":"RRAS14","qt_municipio":6,"qt_populacao_ibge_2022":256792},"geometry":{"type":"Polygon","coordinates":[[[-47.4675235,-22.4156733],[-47.4630567,-22.4352059],[-47.4633982,-22.4522489],[-47.4926016,-22.4820859],[-47.4883283,-22.5066657],[-47.4932501,-22.5172991],[-47.489384,-22.5238306],[-47.5073102,-22.5256801],[-47.5096743,-22.5349719],[-47.5159789,-22.5355026],[-47.5264044,-22.5329115],[-47.5287368,-22.5235918],[-47.5344035,-22.517878],[-47.5475548,-22.5214281],[-47.5527504,-22.5195217],[-47.5735685,-22.5308306],[-47.5752508,-22.5416156],[-47.5920677,-22.5403591],[-47.6004062,-22.5497428],[-47.6080358,-22.5520658],[-47.6331176,-22.5465313],[-47.6375048,-22.5375297],[-47.6503457,-22.5304244],[-47.6544488,-22.5209361],[-47.6571546,-22.5234366],[-47.656428,-22.5288442],[-47.6614119,-22.5288742],[-47.6560682,-22.5313863],[-47.6563503,-22.5360116],[-47.6655309,-22.5410354],[-47.6692266,-22.5399465],[-47.6724526,-22.532556],[-47.6692422,-22.524553],[-47.6720894,-22.519266],[-47.6693064,-22.5071294],[-47.6781403,-22.4951466],[-47.6873787,-22.4904727],[-47.6900734,-22.4826399],[-47.7098274,-22.4883277],[-47.7209616,-22.4863203],[-47.723821,-22.4927885],[-47.748485,-22.4837621],[-47.7428092,-22.4759967],[-47.7447212,-22.4691572],[-47.7562228,-22.4612002],[-47.7585596,-22.452501],[-47.768208,-22.4434066],[-47.7766698,-22.4441236],[-47.7731508,-22.446885],[-47.7746447,-22.450391],[-47.7973166,-22.4488274],[-47.8135779,-22.4569678],[-47.8186082,-22.4560023],[-47.8194329,-22.4492691],[-47.826167,-22.4481146],[-47.8256622,-22.443195],[-47.8565626,-22.4434692],[-47.8529157,-22.4321439],[-47.8620121,-22.4292461],[-47.873597,-22.4289025],[-47.8786422,-22.4344308],[-47.8826311,-22.4290851],[-47.8927521,-22.4243299],[-47.9110919,-22.432443],[-47.9147387,-22.4287744],[-47.9152257,-22.4197066],[-47.9209627,-22.4174878],[-47.9238289,-22.4066075],[-47.941142,-22.3990399],[-47.9540448,-22.3981412],[-47.9491115,-22.3856156],[-47.9433226,-22.3838168],[-47.9514939,-22.3765731],[-47.9547377,-22.3671375],[-47.9598785,-22.3666126],[-47.9541419,-22.3576088],[-47.9546038,-22.3365693],[-47.9516838,-22.3345197],[-47.9494306,-22.3206561],[-47.9319835,-22.329586],[-47.9402301,-22.3204201],[-47.9400195,-22.3148797],[-47.9268179,-22.3054116],[-47.9244793,-22.27888],[-47.9170183,-22.2739348],[-47.9150237,-22.2666757],[-47.9108691,-22.2642623],[-47.9055317,-22.2306543],[-47.8979719,-22.2179882],[-47.8795511,-22.211636],[-47.8820373,-22.200717],[-47.902944,-22.171416],[-47.8998447,-22.1572068],[-47.8968672,-22.1600433],[-47.8968389,-22.1568197],[-47.891317,-22.153599],[-47.8872607,-22.157888],[-47.8859573,-22.1524143],[-47.8793928,-22.1579981],[-47.8736452,-22.1583498],[-47.8620609,-22.1506619],[-47.8573046,-22.1561694],[-47.8515759,-22.15653],[-47.8308129,-22.1481933],[-47.8221418,-22.152098],[-47.8204799,-22.1596857],[-47.8148872,-22.1613425],[-47.8156785,-22.15474],[-47.8092484,-22.1483783],[-47.8112646,-22.1404822],[-47.8083563,-22.1324514],[-47.8000766,-22.1285126],[-47.7873953,-22.1138395],[-47.7898323,-22.0978222],[-47.7633202,-22.0876908],[-47.7526353,-22.0899384],[-47.7511179,-22.0792374],[-47.7461916,-22.0782549],[-47.7481812,-22.0638083],[-47.7439836,-22.0544775],[-47.7387729,-22.0534043],[-47.7212402,-22.0367366],[-47.7005771,-22.0338474],[-47.6976277,-22.027854],[-47.6916703,-22.0272274],[-47.6756493,-22.0130511],[-47.6683226,-22.0334405],[-47.6689334,-22.0394332],[-47.6580761,-22.0517978],[-47.6515759,-22.0542641],[-47.6433933,-22.0519314],[-47.636384,-22.0550823],[-47.6247918,-22.0439911],[-47.6120761,-22.0544214],[-47.6068078,-22.0664141],[-47.5793307,-22.0871461],[-47.5620335,-22.113795],[-47.5503389,-22.1508007],[-47.5444122,-22.1566273],[-47.5434478,-22.1711059],[-47.5271285,-22.1756056],[-47.5128896,-22.1633193],[-47.4914607,-22.1601334],[-47.4919617,-22.1860758],[-47.4837383,-22.2044017],[-47.4851291,-22.215002],[-47.4761035,-22.2282595],[-47.4751527,-22.2353883],[-47.4784307,-22.2400846],[-47.4698375,-22.2443886],[-47.465626,-22.2626499],[-47.4689238,-22.2829418],[-47.4625543,-22.2950048],[-47.4679548,-22.3061587],[-47.4622247,-22.3091237],[-47.4628722,-22.3159909],[-47.4686182,-22.3264119],[-47.474553,-22.360846],[-47.4839585,-22.3778661],[-47.4724034,-22.394708],[-47.4618769,-22.4038228],[-47.4675235,-22.4156733]]]}},{"type":"Feature","id":"35111","properties":{"cd_regiao_saude":"35111","nm_regiao_saude":"ALTA PAULISTA","cd_macrorregiao_saude":"3532","nm_macrorregiao_saude":"RRAS11","qt_municipio":12,"qt_populacao_ibge_2022":132622},"geometry":{"type":"Polygon","coordinates":[[[-51.7149782,-21.5957311],[-51.7167459,-21.5983838],[-51.7190594,-21.5945618],[-51.7273341,-21.597288],[-51.727934,-21.5930249],[-51.7295387,-21.5957291],[-51.7310343,-21.5918901],[-51.7406643,-21.5910831],[-51.7415316,-21.5944734],[-51.742466,-21.591758],[-51.7499358,-21.593707],[-51.7544678,-21.6007295],[-51.7587651,-21.6002717],[-51.7580207,-21.6027876],[-51.7621034,-21.602988],[-51.7613892,-21.599796],[-51.7712608,-21.6064725],[-51.776247,-21.6045047],[-51.7796695,-21.6074729],[-51.7877547,-21.5950051],[-51.7940545,-21.597085],[-51.7950473,-21.5932887],[-51.8043955,-21.5967703],[-51.809989,-21.5954703],[-51.8084359,-21.592317],[-51.8171811,-21.5931917],[-51.821354,-21.5833252],[-51.8289148,-21.5829718],[-51.8312733,-21.5799737],[-51.830808,-21.5824527],[-51.8368852,-21.5837371],[-51.8420859,-21.5785332],[-51.8489637,-21.5806998],[-51.8533873,-21.5768652],[-51.8556923,-21.5796869],[-51.8591679,-21.5777528],[-51.8600105,-21.5807199],[-51.8618182,-21.5762918],[-51.8660441,-21.5784855],[-51.8673952,-21.5759367],[-51.8703429,-21.5805079],[-51.8735371,-21.5752727],[-51.8805915,-21.583357],[-51.8837129,-21.5740394],[-51.8871024,-21.5725641],[-51.885796,-21.5700922],[-51.8947738,-21.5705299],[-51.8969307,-21.5680756],[-51.894362,-21.5665519],[-51.9002737,-21.5640466],[-51.9038436,-21.56699],[-51.9048586,-21.5633541],[-51.9056514,-21.5665722],[-51.9088846,-21.5653355],[-51.9062112,-21.5620179],[-51.910982,-21.5621545],[-51.9126727,-21.5580431],[-51.9228185,-21.5606838],[-51.9281464,-21.5494021],[-51.9310958,-21.5510446],[-51.9364042,-21.5477586],[-51.9342921,-21.5427585],[-51.9382412,-21.5455895],[-51.9420552,-21.5422027],[-51.9401549,-21.5462649],[-51.9439154,-21.5462617],[-51.94657,-21.5432034],[-51.943367,-21.543108],[-51.9424502,-21.5391852],[-51.94584,-21.534773],[-51.9426025,-21.531459],[-51.9469763,-21.5314027],[-51.9457068,-21.5269493],[-51.9542864,-21.5244123],[-51.9573529,-21.5297498],[-51.9658838,-21.5251616],[-51.9635591,-21.522759],[-51.9622225,-21.4933075],[-51.9582957,-21.4835353],[-51.9491231,-21.469819],[-51.9286818,-21.4558161],[-51.911143,-21.3927376],[-51.8999285,-21.3776053],[-51.8687621,-21.3535302],[-51.86196,-21.3416175],[-51.8569297,-21.2895262],[-51.849373,-21.2761909],[-51.8485145,-21.2666384],[-51.8543614,-21.2609455],[-51.8636776,-21.2267111],[-51.8795737,-21.1994307],[-51.8757603,-21.1810441],[-51.8789848,-21.1481377],[-51.8758619,-21.1361474],[-51.8654739,-21.1305401],[-51.8445932,-21.1314629],[-51.82359,-21.1268398],[-51.8144547,-21.1213892],[-51.8080062,-21.1100231],[-51.7896709,-21.1021195],[-51.7756445,-21.0730936],[-51.7724764,-21.0511213],[-51.7659927,-21.0513614],[-51.7677318,-21.0569193],[-51.7645915,-21.0600583],[-51.7651226,-21.0551756],[-51.7611769,-21.055498],[-51.7618578,-21.0642675],[-51.7556684,-21.065919],[-51.7521675,-21.0608184],[-51.7531345,-21.0641957],[-51.7456899,-21.0664841],[-51.7476826,-21.0702073],[-51.7408913,-21.0688148],[-51.7375125,-21.0743361],[-51.7314829,-21.069508],[-51.7286138,-21.0741397],[-51.725821,-21.0687494],[-51.7222232,-21.0722227],[-51.719458,-21.0696246],[-51.7167911,-21.0730156],[-51.7184723,-21.0757096],[-51.711108,-21.0795118],[-51.7137121,-21.0832982],[-51.7068448,-21.0835357],[-51.7084349,-21.0875351],[-51.7032891,-21.0872694],[-51.7019579,-21.0909809],[-51.6994977,-21.0881985],[-51.697849,-21.0954084],[-51.6944604,-21.0963096],[-51.7014535,-21.1078185],[-51.6907559,-21.116094],[-51.6879207,-21.1225256],[-51.6928116,-21.123044],[-51.6911906,-21.1273829],[-51.6948905,-21.131859],[-51.6900549,-21.1344079],[-51.6906032,-21.1446882],[-51.6855359,-21.1497979],[-51.6767799,-21.151399],[-51.6721517,-21.149173],[-51.6743961,-21.1533137],[-51.6674569,-21.1568644],[-51.6723141,-21.1604989],[-51.6587598,-21.1695527],[-51.6418814,-21.1655496],[-51.6380009,-21.1600478],[-51.638139,-21.1516959],[-51.6334569,-21.1523142],[-51.6275231,-21.1461636],[-51.6194341,-21.1477137],[-51.6136783,-21.1416537],[-51.6016347,-21.1490045],[-51.6043163,-21.1448192],[-51.6008366,-21.1442574],[-51.5903093,-21.1518369],[-51.5959578,-21.1590202],[-51.5934459,-21.170995],[-51.5757044,-21.1808432],[-51.576182,-21.189193],[-51.570461,-21.1849323],[-51.5685362,-21.1873268],[-51.5647578,-21.1852646],[-51.5646093,-21.1901455],[-51.5430206,-21.1916777],[-51.5441592,-21.194845],[-51.5413556,-21.1967853],[-51.5379635,-21.1938079],[-51.5355954,-21.2007837],[-51.5336164,-21.1999287],[-51.5357919,-21.1973903],[-51.5311106,-21.1956956],[-51.5191168,-21.2038234],[-51.5173699,-21.2096356],[-51.5119464,-21.2107091],[-51.5097389,-21.2168013],[-51.5044947,-21.2169299],[-51.5018367,-21.2210744],[-51.4948896,-21.2202989],[-51.4963795,-21.2265589],[-51.4927386,-21.2305097],[-51.4866929,-21.233111],[-51.4798269,-21.2317474],[-51.478948,-21.2354298],[-51.4714282,-21.2385697],[-51.4712756,-21.2343422],[-51.4673896,-21.2378008],[-51.459412,-21.2371413],[-51.4353074,-21.2457343],[-51.4291939,-21.2511738],[-51.4309863,-21.2548491],[-51.4076672,-21.2639633],[-51.404924,-21.268759],[-51.4028973,-21.2658017],[-51.3994479,-21.2669321],[-51.3978695,-21.2701329],[-51.4017045,-21.272551],[-51.3953845,-21.2727486],[-51.3975515,-21.2761363],[-51.3940418,-21.2756617],[-51.3853483,-21.2843565],[-51.3747977,-21.2852186],[-51.3687268,-21.2902138],[-51.3621244,-21.2895656],[-51.360542,-21.2858499],[-51.3580697,-21.2883476],[-51.3497006,-21.2878693],[-51.3485686,-21.2919822],[-51.3459222,-21.2916092],[-51.3467492,-21.2879929],[-51.343296,-21.2879086],[-51.33966,-21.2931096],[-51.3372036,-21.2927455],[-51.3388276,-21.2883613],[-51.3346858,-21.2926561],[-51.325357,-21.2916894],[-51.3264784,-21.29508],[-51.3241495,-21.2934403],[-51.3208619,-21.2991361],[-51.3140734,-21.2957169],[-51.3040189,-21.3086411],[-51.2970207,-21.3100379],[-51.2935721,-21.3142317],[-51.2878891,-21.3136282],[-51.2863032,-21.3192723],[-51.2983247,-21.3269522],[-51.2978357,-21.3334906],[-51.3029398,-21.3387515],[-51.3118787,-21.3668456],[-51.3106357,-21.3835206],[-51.305289,-21.3936773],[-51.3068598,-21.4052881],[-51.3106147,-21.4083608],[-51.308237,-21.4207018],[-51.3114712,-21.4411467],[-51.3188846,-21.4505],[-51.3187606,-21.4613876],[-51.3152408,-21.4674776],[-51.3186362,-21.4802526],[-51.316674,-21.5050901],[-51.307654,-21.5227335],[-51.3082736,-21.5314843],[-51.3049994,-21.5334475],[-51.310015,-21.5375242],[-51.3101745,-21.5425406],[-51.3202336,-21.5579515],[-51.318888,-21.5612318],[-51.3261383,-21.5706669],[-51.32482,-21.5854291],[-51.3327723,-21.5934455],[-51.3332103,-21.6038619],[-51.339425,-21.6046852],[-51.3488874,-21.6143286],[-51.3547375,-21.6351522],[-51.3214762,-21.6360656],[-51.3226997,-21.6572478],[-51.3136335,-21.6562],[-51.302086,-21.6636735],[-51.2729369,-21.6638167],[-51.2665645,-21.6693375],[-51.2650061,-21.6751538],[-51.2714202,-21.6910943],[-51.2785925,-21.6951554],[-51.2790109,-21.7038441],[-51.2853591,-21.7094707],[-51.2812299,-21.7189242],[-51.2900062,-21.7225871],[-51.2938065,-21.7337242],[-51.3024652,-21.7357986],[-51.3133849,-21.749678],[-51.3201614,-21.7517512],[-51.3299,-21.7711747],[-51.3420001,-21.7747454],[-51.3635813,-21.7627201],[-51.3673514,-21.748989],[-51.3740527,-21.740161],[-51.3821641,-21.7380767],[-51.3952025,-21.7451607],[-51.406859,-21.7441404],[-51.4164857,-21.7479897],[-51.435854,-21.7427211],[-51.4569856,-21.7424243],[-51.4825715,-21.7298845],[-51.4871443,-21.7228789],[-51.4858149,-21.7190214],[-51.4903455,-21.7147221],[-51.4895538,-21.7107016],[-51.5160381,-21.6996879],[-51.5224487,-21.7004798],[-51.5236456,-21.6956719],[-51.5298093,-21.6951019],[-51.5311334,-21.6893965],[-51.5376361,-21.6881796],[-51.5375177,-21.683702],[-51.5436959,-21.6852107],[-51.5517335,-21.6823914],[-51.555934,-21.685741],[-51.5598223,-21.6816372],[-51.5720871,-21.6853123],[-51.5784249,-21.6829936],[-51.5781544,-21.6771507],[-51.5900857,-21.6828166],[-51.5878701,-21.6796783],[-51.5912389,-21.6785859],[-51.5984472,-21.6830109],[-51.6064995,-21.6805286],[-51.6117351,-21.6721854],[-51.6247222,-21.6696024],[-51.6241903,-21.6659487],[-51.6319289,-21.6668673],[-51.6319722,-21.6609486],[-51.6374421,-21.6623063],[-51.6390692,-21.6573608],[-51.6449454,-21.6580142],[-51.6434099,-21.6543576],[-51.6479702,-21.654965],[-51.6470435,-21.6492744],[-51.6507107,-21.6436541],[-51.6663731,-21.6419476],[-51.6684634,-21.6326401],[-51.6741367,-21.6320566],[-51.6807113,-21.6365324],[-51.6819339,-21.6337813],[-51.6866495,-21.6357516],[-51.6858756,-21.6323165],[-51.6912362,-21.633621],[-51.6919735,-21.6300998],[-51.6998842,-21.6331287],[-51.6993364,-21.6280483],[-51.7049285,-21.6272636],[-51.7059645,-21.6220207],[-51.7028344,-21.6036261],[-51.7092067,-21.6028652],[-51.7099731,-21.5985504],[-51.7149782,-21.5957311]]]}},{"type":"Feature","id":"35112","properties":{"cd_regiao_saude":"35112","nm_regiao_saude":"ALTA SOROCABANA","cd_macrorregiao_saude":"3532","nm_macrorregiao_saude":"RRAS11","qt_municipio":19,"qt_populacao_ibge_2022":405916},"geometry":{"type":"Polygon","coordinates":[[[-51.4497843,-22.6537957],[-51.4719041,-22.6771868],[-51.4989018,-22.6905293],[-51.5121899,-22.6919726],[-51.51981,-22.6879261],[-51.5318383,-22.6871571],[-51.5595692,-22.6971793],[-51.5914778,-22.6851988],[-51.6158422,-22.6625934],[-51.6278786,-22.6582406],[-51.6623505,-22.6572441],[-51.6810926,-22.6607383],[-51.6991709,-22.6693686],[-51.7181736,-22.6690211],[-51.7258674,-22.6614648],[-51.7357046,-22.6242925],[-51.7454609,-22.6245809],[-51.7516244,-22.618082],[-51.7716206,-22.6141269],[-51.8470961,-22.632226],[-51.8686243,-22.6304456],[-51.8789728,-22.624353],[-51.9168213,-22.5861057],[-51.9405126,-22.5673428],[-51.9608748,-22.5634564],[-51.9982105,-22.545609],[-52.032924,-22.5391644],[-52.0261066,-22.5333067],[-52.0279186,-22.5223104],[-52.0215414,-22.5137016],[-52.0205193,-22.5041324],[-52.0170651,-22.5021431],[-52.0046292,-22.5075928],[-52.0026129,-22.5036013],[-51.996532,-22.5015949],[-51.9866171,-22.5071292],[-51.9821032,-22.5036289],[-51.9780436,-22.5128393],[-51.9581484,-22.5134416],[-51.9512257,-22.5163715],[-51.9364033,-22.5023725],[-51.9281447,-22.4985441],[-51.9301604,-22.4957298],[-51.9258485,-22.4909383],[-51.9149621,-22.486876],[-51.9062617,-22.4660899],[-51.8943098,-22.4518726],[-51.8942486,-22.4430533],[-51.8875771,-22.4369558],[-51.8853283,-22.428412],[-51.8801995,-22.4243526],[-51.862969,-22.4224749],[-51.8593873,-22.4139882],[-51.8556129,-22.4139725],[-51.8508999,-22.4071531],[-51.8490772,-22.3957651],[-51.8454185,-22.394006],[-51.8453152,-22.3796597],[-51.8425627,-22.3772294],[-51.8446421,-22.3709028],[-51.8390261,-22.3582259],[-51.8260203,-22.3434389],[-51.8133273,-22.3079418],[-51.7960683,-22.2952229],[-51.791321,-22.269127],[-51.7845962,-22.2692016],[-51.7724106,-22.2758116],[-51.7642602,-22.2754442],[-51.7552164,-22.2663606],[-51.7572742,-22.2559075],[-51.7532119,-22.2502437],[-51.757696,-22.2465482],[-51.7536058,-22.2344325],[-51.7724728,-22.2173551],[-51.7635051,-22.2011473],[-51.7476371,-22.199843],[-51.7406959,-22.1951022],[-51.738452,-22.17988],[-51.7488372,-22.1730549],[-51.7654285,-22.1725736],[-51.7722397,-22.190835],[-51.7836673,-22.1837727],[-51.8088116,-22.1766969],[-51.8224706,-22.1514082],[-51.8278582,-22.1524977],[-51.8323356,-22.1585288],[-51.8524903,-22.1623315],[-51.8617635,-22.1735709],[-51.8744039,-22.1772816],[-51.8782193,-22.1621924],[-51.8709236,-22.1464963],[-51.883391,-22.1303776],[-51.8811347,-22.1025958],[-51.874315,-22.0810731],[-51.868967,-22.0786045],[-51.862546,-22.0577503],[-51.860748,-22.0503625],[-51.8646112,-22.0491326],[-51.8644049,-22.0432601],[-51.8529127,-22.0418288],[-51.8467713,-22.045917],[-51.850161,-22.0479174],[-51.8392236,-22.0513711],[-51.8388971,-22.0569868],[-51.8302851,-22.0584219],[-51.8223721,-22.0500875],[-51.8117338,-22.051897],[-51.7889225,-22.0321687],[-51.773564,-22.0003914],[-51.7461425,-21.9907701],[-51.7361833,-21.9757277],[-51.741756,-21.9676568],[-51.7393975,-21.9616501],[-51.7425825,-21.9578226],[-51.7407202,-21.9497889],[-51.7192271,-21.9368996],[-51.7095991,-21.919236],[-51.6781614,-21.8975281],[-51.6817218,-21.8837334],[-51.6792901,-21.870648],[-51.6813331,-21.8655026],[-51.6687249,-21.8372738],[-51.6683253,-21.8256037],[-51.587407,-21.7591829],[-51.5915792,-21.750313],[-51.6088777,-21.7314124],[-51.6158539,-21.7152074],[-51.6177452,-21.7036096],[-51.6104766,-21.6754177],[-51.6070217,-21.6802209],[-51.600334,-21.6804084],[-51.5990363,-21.6830563],[-51.5912389,-21.6785859],[-51.5878574,-21.680154],[-51.5911383,-21.6824255],[-51.5871105,-21.6824195],[-51.5781544,-21.6771507],[-51.5784249,-21.6829936],[-51.5720871,-21.6853123],[-51.5598223,-21.6816372],[-51.555934,-21.685741],[-51.5517335,-21.6823914],[-51.5436959,-21.6852107],[-51.5375177,-21.683702],[-51.5376361,-21.6881796],[-51.5311334,-21.6893965],[-51.5298093,-21.6951019],[-51.5236456,-21.6956719],[-51.5224487,-21.7004798],[-51.5160381,-21.6996879],[-51.4895538,-21.7107016],[-51.4903455,-21.7147221],[-51.4858149,-21.7190214],[-51.4871443,-21.7228789],[-51.4825715,-21.7298845],[-51.4569856,-21.7424243],[-51.435854,-21.7427211],[-51.4164857,-21.7479897],[-51.406859,-21.7441404],[-51.3952025,-21.7451607],[-51.3821641,-21.7380767],[-51.3740527,-21.740161],[-51.3673514,-21.748989],[-51.3635813,-21.7627201],[-51.3420001,-21.7747454],[-51.3299,-21.7711747],[-51.3201614,-21.7517512],[-51.3133849,-21.749678],[-51.3024652,-21.7357986],[-51.2938065,-21.7337242],[-51.2896386,-21.7223465],[-51.2839374,-21.7214537],[-51.2756265,-21.7267028],[-51.2752743,-21.7352795],[-51.2698564,-21.7433135],[-51.2590347,-21.7433596],[-51.2474963,-21.7355127],[-51.2270505,-21.7394561],[-51.2238006,-21.7449783],[-51.2360528,-21.7590271],[-51.2315724,-21.7629344],[-51.2316356,-21.7670654],[-51.2491585,-21.7828321],[-51.2484447,-21.7950579],[-51.2450789,-21.8006292],[-51.2321054,-21.8013333],[-51.2287594,-21.8066315],[-51.224035,-21.8288244],[-51.2099607,-21.8333167],[-51.2004591,-21.8234938],[-51.1781185,-21.8377358],[-51.164327,-21.8625837],[-51.1563657,-21.8649506],[-51.1513915,-21.861464],[-51.1495302,-21.8548622],[-51.1415858,-21.8535275],[-51.1372071,-21.8595096],[-51.1379594,-21.8671073],[-51.123554,-21.8732114],[-51.1191453,-21.8720364],[-51.1184894,-21.881044],[-51.1113274,-21.8888454],[-51.0958222,-21.8865909],[-51.08942,-21.8801936],[-51.0715336,-21.8844363],[-51.0667718,-21.8829404],[-51.0583971,-21.8894743],[-51.0529081,-21.8891067],[-51.0480323,-21.8987345],[-51.0361624,-21.9063966],[-51.0050565,-21.920301],[-50.9912906,-21.9194687],[-50.9790651,-21.9247494],[-50.965858,-21.9257503],[-50.9611735,-21.9289562],[-50.9615881,-21.9325158],[-50.9512365,-21.938046],[-50.94769,-21.946486],[-50.9378689,-21.9509686],[-50.9441562,-21.9659326],[-50.9489047,-21.9680344],[-50.9618565,-21.9657329],[-50.9638582,-21.976744],[-50.9740537,-21.9825544],[-50.9785594,-21.9929602],[-50.9789678,-22.000012],[-50.9743976,-22.0072346],[-50.9766926,-22.0189945],[-50.9717548,-22.0281544],[-50.9714534,-22.042222],[-50.9781019,-22.0561228],[-50.9762076,-22.0675933],[-50.9892757,-22.0678052],[-51.0000784,-22.0802985],[-50.9974376,-22.0881235],[-51.0030695,-22.1083547],[-50.9938872,-22.1190837],[-50.9933712,-22.1243006],[-51.0012003,-22.1294335],[-51.0118051,-22.144422],[-51.0329937,-22.1523065],[-51.0422679,-22.1634042],[-51.0461305,-22.178283],[-51.0440348,-22.1868955],[-51.050467,-22.2045753],[-51.0418567,-22.2049742],[-51.0369723,-22.2151083],[-51.061986,-22.2437827],[-51.0633885,-22.251245],[-51.0780969,-22.2598698],[-51.0751593,-22.2781764],[-51.0804567,-22.2858105],[-51.0717233,-22.3230503],[-51.0740892,-22.334073],[-51.0851899,-22.3494437],[-51.1002981,-22.3472578],[-51.1114664,-22.3563324],[-51.1058478,-22.3774054],[-51.0975431,-22.3873106],[-51.1040464,-22.4059522],[-51.1003527,-22.4204707],[-51.1043963,-22.4605768],[-51.0984935,-22.4815899],[-51.0999748,-22.4868676],[-51.1129221,-22.4904218],[-51.1370097,-22.4893199],[-51.1421077,-22.4861947],[-51.142348,-22.4778514],[-51.1569683,-22.4829709],[-51.1643523,-22.4942509],[-51.2171786,-22.5348723],[-51.2483923,-22.5409936],[-51.2573798,-22.5465255],[-51.2736066,-22.5450208],[-51.2705191,-22.551134],[-51.2792973,-22.5883699],[-51.2836984,-22.5887767],[-51.282006,-22.5944687],[-51.2875243,-22.6081931],[-51.2846776,-22.6123751],[-51.2876338,-22.6214544],[-51.2863752,-22.6324865],[-51.2846692,-22.6393828],[-51.2802391,-22.6419055],[-51.2845684,-22.6446578],[-51.2862666,-22.6524157],[-51.290382,-22.6523508],[-51.2876303,-22.6585293],[-51.2917596,-22.6636701],[-51.2952866,-22.662313],[-51.2982028,-22.6735075],[-51.3118386,-22.67354],[-51.3736492,-22.6581329],[-51.3861031,-22.6653738],[-51.4020163,-22.6679055],[-51.4247256,-22.6535108],[-51.4497843,-22.6537957]],[[-51.230028929838745,-22.221814299193603],[-51.2300082,-22.2217834],[-51.2300288,-22.2218141],[-51.230028929838745,-22.221814299193603]]]}},{"type":"Feature","id":"35113","properties":{"cd_regiao_saude":"35113","nm_regiao_saude":"ALTO CAPIVARI","cd_macrorregiao_saude":"3532","nm_macrorregiao_saude":"RRAS11","qt_municipio":5,"qt_populacao_ibge_2022":56401},"geometry":{"type":"Polygon","coordinates":[[[-50.9423673,-22.668947],[-50.9489938,-22.6776677],[-50.9499054,-22.6846322],[-50.9458551,-22.6877558],[-50.9528099,-22.6953622],[-50.9483144,-22.7011657],[-50.9422367,-22.7030669],[-50.9451229,-22.7085987],[-50.9376219,-22.7112664],[-50.9407385,-22.7206591],[-50.9339785,-22.7263006],[-50.9450327,-22.7448403],[-50.9505162,-22.746647],[-50.9502113,-22.7551968],[-50.9530727,-22.7537403],[-50.9516813,-22.7503967],[-50.9617476,-22.7472775],[-50.9675441,-22.7565603],[-50.9630594,-22.7573096],[-50.9631733,-22.7627263],[-50.9590809,-22.7634306],[-50.9637565,-22.7656368],[-50.964448,-22.7709183],[-50.9674777,-22.7643678],[-50.9720902,-22.7687331],[-50.9802536,-22.7673729],[-50.9774584,-22.7739128],[-50.978535,-22.7799079],[-50.982271,-22.7814309],[-50.9786781,-22.7826098],[-50.9945854,-22.7921495],[-51.0055486,-22.7938214],[-51.057615,-22.7660571],[-51.1279231,-22.7599926],[-51.1566679,-22.7525285],[-51.1870158,-22.7298921],[-51.2054493,-22.7274488],[-51.228336,-22.7160172],[-51.2377614,-22.7057579],[-51.2428803,-22.6895762],[-51.2651999,-22.6676974],[-51.2814276,-22.6664774],[-51.2982028,-22.6735075],[-51.2952866,-22.662313],[-51.2917596,-22.6636701],[-51.2876303,-22.6585293],[-51.290382,-22.6523508],[-51.2862666,-22.6524157],[-51.2845684,-22.6446578],[-51.2802391,-22.6419055],[-51.2846692,-22.6393828],[-51.2863752,-22.6324865],[-51.2876338,-22.6214544],[-51.2846776,-22.6123751],[-51.2875243,-22.6081931],[-51.282006,-22.5944687],[-51.2836984,-22.5887767],[-51.2792973,-22.5883699],[-51.2705191,-22.551134],[-51.2736066,-22.5450208],[-51.2573798,-22.5465255],[-51.2483923,-22.5409936],[-51.2171786,-22.5348723],[-51.1643523,-22.4942509],[-51.1569683,-22.4829709],[-51.142348,-22.4778514],[-51.1421077,-22.4861947],[-51.1370097,-22.4893199],[-51.1129221,-22.4904218],[-51.0999748,-22.4868676],[-51.0984935,-22.4815899],[-51.1043963,-22.4605768],[-51.1003527,-22.4204707],[-51.1040464,-22.4059522],[-51.0975431,-22.3873106],[-51.1058478,-22.3774054],[-51.1114664,-22.3563324],[-51.1002981,-22.3472578],[-51.0851899,-22.3494437],[-51.0740892,-22.334073],[-51.0717233,-22.3230503],[-51.0804567,-22.2858105],[-51.0751593,-22.2781764],[-51.0780969,-22.2598698],[-51.0633885,-22.251245],[-51.061986,-22.2437827],[-51.0369723,-22.2151083],[-51.0418567,-22.2049742],[-51.050467,-22.2045753],[-51.0440348,-22.1868955],[-51.0461305,-22.178283],[-51.0426158,-22.1640637],[-51.0329937,-22.1523065],[-51.0118051,-22.144422],[-51.0012003,-22.1294335],[-50.9933712,-22.1243006],[-50.9938872,-22.1190837],[-51.0030695,-22.1083547],[-50.9974376,-22.0881235],[-51.0002352,-22.0811341],[-50.9892757,-22.0678052],[-50.9760594,-22.0673163],[-50.9781019,-22.0561228],[-50.9712319,-22.0402466],[-50.9717548,-22.0281544],[-50.9766926,-22.0189945],[-50.9743976,-22.0072346],[-50.9794129,-21.997015],[-50.9747964,-21.9836092],[-50.9638582,-21.976744],[-50.9610253,-21.9651076],[-50.9489047,-21.9680344],[-50.9419343,-21.964326],[-50.9378689,-21.9509686],[-50.9159227,-21.9512357],[-50.9153165,-21.9541957],[-50.9092974,-21.9537578],[-50.9078215,-21.9578333],[-50.9018155,-21.9565024],[-50.8974816,-21.9590959],[-50.8895418,-21.9670906],[-50.8706465,-21.9642069],[-50.8646619,-21.9689867],[-50.8454677,-21.9736745],[-50.8332873,-21.9806212],[-50.8323694,-21.9868284],[-50.805708,-21.9966068],[-50.7803838,-22.0024722],[-50.7467711,-22.0032384],[-50.7430568,-22.007975],[-50.7212302,-22.0099677],[-50.7112924,-22.0140636],[-50.7094477,-22.019845],[-50.7042869,-22.0219017],[-50.6984307,-22.0193838],[-50.6962673,-22.0232393],[-50.668861,-22.0283511],[-50.6633317,-22.0357091],[-50.6552445,-22.0353496],[-50.6374901,-22.0499982],[-50.628129,-22.0491883],[-50.6197612,-22.0618926],[-50.6007026,-22.0636599],[-50.6009383,-22.0690983],[-50.5948254,-22.0733809],[-50.5790704,-22.0711338],[-50.573438,-22.0823165],[-50.5701613,-22.0779993],[-50.5593774,-22.0784494],[-50.5549251,-22.0841017],[-50.5501465,-22.0824733],[-50.5468535,-22.0883881],[-50.5505817,-22.0948887],[-50.5187697,-22.1127157],[-50.5174627,-22.1187928],[-50.5133628,-22.1203155],[-50.5144125,-22.1299078],[-50.5111488,-22.1356803],[-50.4994764,-22.1381609],[-50.4960212,-22.1447533],[-50.4852445,-22.1525657],[-50.4973778,-22.165942],[-50.498552,-22.1831911],[-50.5042671,-22.1870676],[-50.5239315,-22.2203574],[-50.5427099,-22.2258416],[-50.5445128,-22.230316],[-50.5516315,-22.2332556],[-50.5519547,-22.2450783],[-50.5565219,-22.2508749],[-50.5533317,-22.2582255],[-50.5555537,-22.2735245],[-50.5609528,-22.2834758],[-50.5584677,-22.2952904],[-50.564885,-22.297291],[-50.571041,-22.304301],[-50.576131,-22.300927],[-50.587421,-22.30309],[-50.599294,-22.295986],[-50.618436,-22.296046],[-50.623771,-22.288118],[-50.626499,-22.302546],[-50.645551,-22.312279],[-50.667539,-22.3034],[-50.665527,-22.282869],[-50.680814,-22.294735],[-50.687451,-22.308608],[-50.686507,-22.318125],[-50.689196,-22.32343],[-50.682911,-22.330959],[-50.689525,-22.347507],[-50.687486,-22.361016],[-50.694168,-22.364674],[-50.696209,-22.369972],[-50.693276,-22.379541],[-50.697587,-22.387696],[-50.695044,-22.399902],[-50.706239,-22.404783],[-50.718579,-22.403506],[-50.723263,-22.413989],[-50.736185,-22.41766],[-50.752589,-22.432538],[-50.761284,-22.432858],[-50.769791,-22.437493],[-50.782337,-22.434193],[-50.8001695,-22.4437106],[-50.8295581,-22.4282799],[-50.8387632,-22.4354584],[-50.843651,-22.4451744],[-50.8398426,-22.4562442],[-50.8454247,-22.4740735],[-50.8313471,-22.4840922],[-50.8370943,-22.4934086],[-50.8364357,-22.5028277],[-50.8483198,-22.51057],[-50.8495987,-22.5194623],[-50.8579449,-22.5287037],[-50.8418058,-22.5496904],[-50.8530727,-22.5747593],[-50.8393195,-22.5862507],[-50.8461413,-22.6179657],[-50.8437976,-22.6261685],[-50.8339001,-22.6304404],[-50.8267861,-22.6489735],[-50.8329204,-22.6543135],[-50.8327177,-22.6587735],[-50.8382107,-22.6550326],[-50.8399935,-22.6593249],[-50.844071,-22.6573342],[-50.8498489,-22.6611004],[-50.8548734,-22.6551753],[-50.8596633,-22.6606257],[-50.86366,-22.655244],[-50.8662017,-22.6614158],[-50.8690627,-22.6560656],[-50.8829451,-22.6493358],[-50.886093,-22.6510675],[-50.8827558,-22.653064],[-50.888881,-22.6562012],[-50.8982974,-22.6494032],[-50.8975668,-22.6448498],[-50.9058873,-22.6377864],[-50.9104399,-22.6388854],[-50.9144232,-22.648388],[-50.9233578,-22.6433012],[-50.9256867,-22.6469073],[-50.9228688,-22.6500431],[-50.9265361,-22.6522415],[-50.9234259,-22.6563911],[-50.9280266,-22.6617403],[-50.9250617,-22.6642933],[-50.9314729,-22.6663204],[-50.9299413,-22.669453],[-50.9326845,-22.6725338],[-50.9423673,-22.668947]]]}},{"type":"Feature","id":"35114","properties":{"cd_regiao_saude":"35114","nm_regiao_saude":"EXTREMO OESTE PAULISTA","cd_macrorregiao_saude":"3532","nm_macrorregiao_saude":"RRAS11","qt_municipio":5,"qt_populacao_ibge_2022":88009},"geometry":{"type":"Polygon","coordinates":[[[-51.9692273,-22.1945279],[-51.9739603,-22.2002583],[-51.969812,-22.2133476],[-51.9851005,-22.2142253],[-51.9860393,-22.2211586],[-51.9971166,-22.2339354],[-52.0046128,-22.2392585],[-52.0150696,-22.2376939],[-52.0221302,-22.2447324],[-52.0222934,-22.2524541],[-52.0381258,-22.258693],[-52.054043,-22.2725763],[-52.0620179,-22.2684561],[-52.0723467,-22.2679127],[-52.074469,-22.2734245],[-52.0879624,-22.2721034],[-52.0920173,-22.2749052],[-52.1057093,-22.2750383],[-52.1141234,-22.272141],[-52.1167918,-22.2741733],[-52.1250714,-22.2697744],[-52.1325125,-22.272793],[-52.1440209,-22.2669037],[-52.1552621,-22.2715525],[-52.1599026,-22.2675203],[-52.1783491,-22.2667793],[-52.1950439,-22.2603747],[-52.2086805,-22.26688],[-52.2093552,-22.2861322],[-52.2332233,-22.2879725],[-52.2393191,-22.2910377],[-52.2845824,-22.2733981],[-52.297782,-22.2524552],[-52.3205933,-22.2395132],[-52.3360585,-22.2379742],[-52.3409923,-22.2304032],[-52.3587958,-22.2208723],[-52.3688087,-22.2203825],[-52.3906769,-22.21132],[-52.4073313,-22.2015981],[-52.4191152,-22.1860993],[-52.4334953,-22.1806794],[-52.4433924,-22.185041],[-52.456185,-22.1853099],[-52.4081883,-22.1416352],[-52.3964038,-22.1188671],[-52.377218,-22.1066782],[-52.3551312,-22.0772314],[-52.3391918,-22.0478264],[-52.3190194,-21.9721319],[-52.3014847,-21.9421686],[-52.2749633,-21.9149419],[-52.2636971,-21.9122992],[-52.2581841,-21.905924],[-52.2484061,-21.9022804],[-52.233433,-21.883754],[-52.1905614,-21.8461447],[-52.1836029,-21.8263659],[-52.1839844,-21.8144605],[-52.1612618,-21.7707737],[-52.1400488,-21.7557302],[-52.1037891,-21.7460538],[-52.0938662,-21.7305144],[-52.0764924,-21.7148802],[-52.0507112,-21.6657666],[-52.0483228,-21.6506058],[-52.0520923,-21.6365942],[-52.06279,-21.6205977],[-52.0688756,-21.5981075],[-52.0828246,-21.5842388],[-52.0987673,-21.5749856],[-52.1034019,-21.5645572],[-52.0959624,-21.5420636],[-52.0777894,-21.5152225],[-52.0620417,-21.5032685],[-52.0003676,-21.5166265],[-51.9679033,-21.5017621],[-51.9622225,-21.4933075],[-51.965575,-21.525917],[-51.9593186,-21.5264807],[-51.9573529,-21.5297498],[-51.9542864,-21.5244123],[-51.9457068,-21.5269493],[-51.9469763,-21.5314027],[-51.9426025,-21.531459],[-51.94584,-21.534773],[-51.9424502,-21.5391852],[-51.943367,-21.543108],[-51.94657,-21.5432034],[-51.9439154,-21.5462617],[-51.9401549,-21.5462649],[-51.9420552,-21.5422027],[-51.9382412,-21.5455895],[-51.9342921,-21.5427585],[-51.9364042,-21.5477586],[-51.9310958,-21.5510446],[-51.9281464,-21.5494021],[-51.9228185,-21.5606838],[-51.9126727,-21.5580431],[-51.910982,-21.5621545],[-51.9062112,-21.5620179],[-51.9088846,-21.5653355],[-51.9056514,-21.5665722],[-51.9048586,-21.5633541],[-51.9038436,-21.56699],[-51.9002737,-21.5640466],[-51.894362,-21.5665519],[-51.8969307,-21.5680756],[-51.8947738,-21.5705299],[-51.885796,-21.5700922],[-51.8823976,-21.5827072],[-51.8774235,-21.5816043],[-51.8735371,-21.5752727],[-51.8703429,-21.5805079],[-51.8673952,-21.5759367],[-51.8660441,-21.5784855],[-51.8618182,-21.5762918],[-51.8600105,-21.5807199],[-51.8591679,-21.5777528],[-51.8556923,-21.5796869],[-51.8533873,-21.5768652],[-51.8489637,-21.5806998],[-51.8420859,-21.5785332],[-51.8368852,-21.5837371],[-51.830808,-21.5824527],[-51.8312733,-21.5799737],[-51.8289148,-21.5829718],[-51.821354,-21.5833252],[-51.8171811,-21.5931917],[-51.8084359,-21.592317],[-51.809989,-21.5954703],[-51.8043955,-21.5967703],[-51.7950473,-21.5932887],[-51.7940545,-21.597085],[-51.7877547,-21.5950051],[-51.7796695,-21.6074729],[-51.776247,-21.6045047],[-51.7712608,-21.6064725],[-51.7613892,-21.599796],[-51.7621034,-21.602988],[-51.7580207,-21.6027876],[-51.7587651,-21.6002717],[-51.7544678,-21.6007295],[-51.7499358,-21.593707],[-51.742466,-21.591758],[-51.7415316,-21.5944734],[-51.7406643,-21.5910831],[-51.7310343,-21.5918901],[-51.7295387,-21.5957291],[-51.727934,-21.5930249],[-51.7273341,-21.597288],[-51.7238878,-21.5946326],[-51.7215883,-21.5968544],[-51.7184719,-21.5947682],[-51.7174544,-21.5983909],[-51.7140203,-21.5959799],[-51.7092067,-21.6028652],[-51.7034092,-21.6030325],[-51.7059645,-21.6220207],[-51.7049285,-21.6272636],[-51.6993364,-21.6280483],[-51.6992686,-21.6335934],[-51.6919735,-21.6300998],[-51.6912362,-21.633621],[-51.6858756,-21.6323165],[-51.6866495,-21.6357516],[-51.6819339,-21.6337813],[-51.6807113,-21.6365324],[-51.6741367,-21.6320566],[-51.668797,-21.6324791],[-51.6663731,-21.6419476],[-51.6507107,-21.6436541],[-51.6470435,-21.6492744],[-51.6479702,-21.654965],[-51.6434099,-21.6543576],[-51.6449454,-21.6580142],[-51.6390692,-21.6573608],[-51.6374421,-21.6623063],[-51.6319722,-21.6609486],[-51.6319289,-21.6668673],[-51.6241903,-21.6659487],[-51.6247222,-21.6696024],[-51.6112859,-21.6725404],[-51.6177452,-21.7036096],[-51.6158539,-21.7152074],[-51.6088777,-21.7314124],[-51.587322,-21.7589416],[-51.6683253,-21.8256037],[-51.6687249,-21.8372738],[-51.6813331,-21.8655026],[-51.6792901,-21.870648],[-51.6817218,-21.8837334],[-51.6781614,-21.8975281],[-51.7095991,-21.919236],[-51.7192271,-21.9368996],[-51.7407202,-21.9497889],[-51.7425825,-21.9578226],[-51.7393975,-21.9616501],[-51.741756,-21.9676568],[-51.7361833,-21.9757277],[-51.7461425,-21.9907701],[-51.773564,-22.0003914],[-51.7889225,-22.0321687],[-51.8117338,-22.051897],[-51.8223721,-22.0500875],[-51.8302851,-22.0584219],[-51.8388971,-22.0569868],[-51.8392236,-22.0513711],[-51.850161,-22.0479174],[-51.8467713,-22.045917],[-51.8529127,-22.0418288],[-51.8654191,-22.0442296],[-51.8646112,-22.0491326],[-51.8608413,-22.0510792],[-51.868967,-22.0786045],[-51.874315,-22.0810731],[-51.8844024,-22.1228455],[-51.8823148,-22.1325931],[-51.8709236,-22.1464963],[-51.8782193,-22.1621924],[-51.8744039,-22.1772816],[-51.8856261,-22.1723719],[-51.8953734,-22.1742563],[-51.9017639,-22.1839734],[-51.8995984,-22.1932951],[-51.9021295,-22.1979411],[-51.9128513,-22.1949168],[-51.9209557,-22.1838835],[-51.9345125,-22.1780054],[-51.9471557,-22.1801356],[-51.950322,-22.1865473],[-51.9692273,-22.1945279]]]}},{"type":"Feature","id":"35115","properties":{"cd_regiao_saude":"35115","nm_regiao_saude":"PONTAL DO PARANAPANEMA","cd_macrorregiao_saude":"3532","nm_macrorregiao_saude":"RRAS11","qt_municipio":4,"qt_populacao_ibge_2022":63454},"geometry":{"type":"Polygon","coordinates":[[[-52.451548,-22.6095312],[-52.4676343,-22.6158782],[-52.4952734,-22.6330935],[-52.5066277,-22.633465],[-52.5234943,-22.6198966],[-52.5453772,-22.6117435],[-52.5671288,-22.5892474],[-52.5757741,-22.5719736],[-52.5813278,-22.5673803],[-52.5893444,-22.5660966],[-52.6113574,-22.5744716],[-52.6300827,-22.5905494],[-52.6630376,-22.6119177],[-52.6971054,-22.6270066],[-52.7179958,-22.6275369],[-52.7753616,-22.6043638],[-52.8154397,-22.5970432],[-52.8448621,-22.6092218],[-52.8583628,-22.608001],[-52.9053625,-22.5722073],[-52.9247426,-22.565624],[-52.972425,-22.5704843],[-52.9848585,-22.5763497],[-53.011673,-22.598795],[-53.030807,-22.6084114],[-53.0557979,-22.6326227],[-53.0747239,-22.6413404],[-53.0877869,-22.6584449],[-53.0945825,-22.6379787],[-53.1101115,-22.610225],[-53.1078623,-22.5955115],[-53.0738065,-22.5488576],[-53.039801,-22.5273956],[-53.0143612,-22.5206658],[-53.0070574,-22.513047],[-52.9985791,-22.4931813],[-52.9796933,-22.4835477],[-52.8578427,-22.4414827],[-52.8398869,-22.415311],[-52.7983309,-22.3782734],[-52.745835,-22.343313],[-52.7242686,-22.3351079],[-52.6951341,-22.3146106],[-52.6502765,-22.301001],[-52.6333804,-22.2849861],[-52.6019914,-22.2719514],[-52.5791872,-22.2519528],[-52.5420795,-22.2402663],[-52.5232339,-22.2290219],[-52.49877,-22.223548],[-52.4842164,-22.2132543],[-52.4799657,-22.2008818],[-52.456185,-22.1853099],[-52.4433924,-22.185041],[-52.4334953,-22.1806794],[-52.4191152,-22.1860993],[-52.4073313,-22.2015981],[-52.3906769,-22.21132],[-52.3688087,-22.2203825],[-52.3587958,-22.2208723],[-52.3409923,-22.2304032],[-52.3360585,-22.2379742],[-52.3205933,-22.2395132],[-52.297782,-22.2524552],[-52.2845824,-22.2733981],[-52.2393191,-22.2910377],[-52.2332233,-22.2879725],[-52.2093552,-22.2861322],[-52.2086805,-22.26688],[-52.1950439,-22.2603747],[-52.1783491,-22.2667793],[-52.1599026,-22.2675203],[-52.1552621,-22.2715525],[-52.1440209,-22.2669037],[-52.1325125,-22.272793],[-52.1250714,-22.2697744],[-52.1167918,-22.2741733],[-52.1141234,-22.272141],[-52.1057093,-22.2750383],[-52.0920173,-22.2749052],[-52.0879624,-22.2721034],[-52.074469,-22.2734245],[-52.0723467,-22.2679127],[-52.0620179,-22.2684561],[-52.054043,-22.2725763],[-52.0381258,-22.258693],[-52.0222934,-22.2524541],[-52.0221302,-22.2447324],[-52.0150696,-22.2376939],[-52.0046128,-22.2392585],[-51.9971166,-22.2339354],[-51.9860393,-22.2211586],[-51.9851005,-22.2142253],[-51.969812,-22.2133476],[-51.9739603,-22.2002583],[-51.9717921,-22.1966477],[-51.950322,-22.1865473],[-51.9471557,-22.1801356],[-51.9330459,-22.1782323],[-51.9209557,-22.1838835],[-51.9128513,-22.1949168],[-51.9021295,-22.1979411],[-51.8995984,-22.1932951],[-51.9017639,-22.1839734],[-51.8953734,-22.1742563],[-51.8856261,-22.1723719],[-51.8744039,-22.1772816],[-51.8627425,-22.1739818],[-51.8538372,-22.1631126],[-51.8323356,-22.1585288],[-51.8258252,-22.1515975],[-51.8224706,-22.1514082],[-51.8088116,-22.1766969],[-51.7836673,-22.1837727],[-51.7722397,-22.190835],[-51.7654285,-22.1725736],[-51.7488372,-22.1730549],[-51.738452,-22.17988],[-51.7406959,-22.1951022],[-51.7476371,-22.199843],[-51.7635051,-22.2011473],[-51.7724728,-22.2173551],[-51.7536058,-22.2344325],[-51.757696,-22.2465482],[-51.7532119,-22.2502437],[-51.7572742,-22.2559075],[-51.7545874,-22.2648564],[-51.7569136,-22.2694609],[-51.7636175,-22.2752765],[-51.7724106,-22.2758116],[-51.7845962,-22.2692016],[-51.791321,-22.269127],[-51.7960683,-22.2952229],[-51.8133273,-22.3079418],[-51.8260203,-22.3434389],[-51.8390261,-22.3582259],[-51.8446421,-22.3709028],[-51.8425627,-22.3772294],[-51.8453152,-22.3796597],[-51.8454185,-22.394006],[-51.8490772,-22.3957651],[-51.8508999,-22.4071531],[-51.8556129,-22.4139725],[-51.8593873,-22.4139882],[-51.862969,-22.4224749],[-51.8801995,-22.4243526],[-51.8853283,-22.428412],[-51.8875771,-22.4369558],[-51.8942486,-22.4430533],[-51.8943098,-22.4518726],[-51.9062617,-22.4660899],[-51.9147399,-22.4866556],[-51.9258485,-22.4909383],[-51.9301604,-22.4957298],[-51.9281447,-22.4985441],[-51.9364033,-22.5023725],[-51.9512257,-22.5163715],[-51.9581484,-22.5134416],[-51.9780436,-22.5128393],[-51.9821032,-22.5036289],[-51.9866171,-22.5071292],[-51.996532,-22.5015949],[-52.0026129,-22.5036013],[-52.0046292,-22.5075928],[-52.0170651,-22.5021431],[-52.0205193,-22.5041324],[-52.0215414,-22.5137016],[-52.0279186,-22.5223104],[-52.0261066,-22.5333067],[-52.032924,-22.5391644],[-52.0600478,-22.5377656],[-52.0896174,-22.5212499],[-52.1058519,-22.5166619],[-52.1276022,-22.519923],[-52.1388808,-22.5312652],[-52.1475751,-22.5464623],[-52.1519563,-22.5685566],[-52.1609654,-22.5894509],[-52.1625557,-22.6056265],[-52.1557117,-22.6413778],[-52.1634952,-22.6488295],[-52.1971818,-22.6589303],[-52.2225772,-22.6755354],[-52.2273763,-22.670884],[-52.2308583,-22.6335202],[-52.240132,-22.6198836],[-52.2504131,-22.6154264],[-52.2786947,-22.6203902],[-52.3053745,-22.636817],[-52.3686111,-22.6293368],[-52.4330458,-22.6071665],[-52.451548,-22.6095312]]]}},{"type":"Feature","id":"35121","properties":{"cd_regiao_saude":"35121","nm_regiao_saude":"VALE DO RIBEIRA","cd_macrorregiao_saude":"3520","nm_macrorregiao_saude":"RRAS7","qt_municipio":15,"qt_populacao_ibge_2022":277852},"geometry":{"type":"MultiPolygon","coordinates":[[[[-48.0374973,-25.3579998],[-48.0363837,-25.3559257],[-48.0354147,-25.3568182],[-48.0374973,-25.3579998]]],[[[-47.9528336,-25.2727358],[-47.9559136,-25.2744269],[-47.9576122,-25.2728372],[-47.9528336,-25.2727358]]],[[[-47.9089945,-25.1657186],[-47.9147558,-25.1667392],[-47.9114211,-25.1628521],[-47.9089945,-25.1657186]]],[[[-47.9087187,-25.063435],[-47.9023781,-25.0656706],[-47.904076,-25.0999878],[-47.8947358,-25.1074471],[-47.9083367,-25.1185339],[-47.9149663,-25.1406373],[-47.9187975,-25.144728],[-47.9193192,-25.1529894],[-47.9169988,-25.1565026],[-47.9124698,-25.1557979],[-47.9138725,-25.1591541],[-47.9264866,-25.16169],[-47.945992,-25.1743206],[-47.9721889,-25.199718],[-48.0468761,-25.2585301],[-48.0994745,-25.3123213],[-48.0984588,-25.2996767],[-48.0831092,-25.2819972],[-48.0574843,-25.263275],[-48.0511582,-25.2523355],[-48.0246943,-25.232764],[-48.0239381,-25.2291433],[-48.0299432,-25.2262018],[-48.0275502,-25.2205088],[-48.0402996,-25.2187445],[-48.0471619,-25.2267494],[-48.0574466,-25.2183343],[-48.0595252,-25.2294589],[-48.0569955,-25.233082],[-48.0621061,-25.2400852],[-48.0751061,-25.240633],[-48.0814112,-25.2441829],[-48.0855939,-25.2403167],[-48.0985821,-25.2412534],[-48.1148836,-25.250702],[-48.1512382,-25.2281274],[-48.1627203,-25.2098366],[-48.1751961,-25.2093776],[-48.1913613,-25.1962413],[-48.1933632,-25.1898656],[-48.1783946,-25.1820587],[-48.1666386,-25.1660086],[-48.1687175,-25.1565427],[-48.1621975,-25.1542012],[-48.1568858,-25.1446525],[-48.1637749,-25.1456964],[-48.1816415,-25.1338357],[-48.1816922,-25.1292202],[-48.1945868,-25.1135108],[-48.1948276,-25.1064917],[-48.2045005,-25.0996635],[-48.2039953,-25.0935495],[-48.2128911,-25.0833672],[-48.2101413,-25.0802461],[-48.2160543,-25.0766716],[-48.212099,-25.0591851],[-48.2155624,-25.0425525],[-48.2102781,-25.0363784],[-48.2094673,-25.0271842],[-48.214943,-25.0296741],[-48.2315543,-25.0207869],[-48.2319501,-25.0153583],[-48.2233564,-25.0091243],[-48.2334705,-25.0069411],[-48.2294709,-25.0013508],[-48.2338649,-25.0007018],[-48.2364701,-24.9941434],[-48.2457756,-24.9893918],[-48.2502811,-24.9774178],[-48.2592802,-24.9866505],[-48.2548039,-24.9964979],[-48.2599154,-24.9976564],[-48.2633319,-24.9928045],[-48.2695858,-24.9975348],[-48.2681738,-25.0012221],[-48.2775655,-25.0159961],[-48.2753743,-25.0277117],[-48.2779171,-25.0329744],[-48.2875243,-25.0399692],[-48.292818,-25.0244243],[-48.2973096,-25.0234537],[-48.2977772,-25.0336018],[-48.3074617,-25.0354827],[-48.3086152,-25.0467049],[-48.3143286,-25.0469751],[-48.3177739,-25.0565481],[-48.3336709,-25.0705736],[-48.3357602,-25.0634106],[-48.3337105,-25.0575697],[-48.3243494,-25.0543888],[-48.3264212,-25.0507308],[-48.324141,-25.0367483],[-48.3324701,-25.0361382],[-48.3370563,-25.0397042],[-48.3390801,-25.0360302],[-48.3512278,-25.0364894],[-48.350312,-25.028662],[-48.3547484,-25.0199622],[-48.3776161,-25.0030896],[-48.3786378,-24.9970283],[-48.4118682,-24.9803996],[-48.4170349,-24.9893677],[-48.4344547,-24.9912987],[-48.4740493,-25.0125524],[-48.4808824,-25.0369881],[-48.4855326,-25.0421371],[-48.4832919,-25.0531923],[-48.4914304,-25.0534042],[-48.498406,-25.0591063],[-48.5063975,-25.067636],[-48.5125128,-25.0838144],[-48.5212823,-25.0859357],[-48.5218993,-25.0919593],[-48.5285838,-25.1007893],[-48.5412841,-25.0974807],[-48.5560079,-25.0865526],[-48.5598759,-25.077961],[-48.5589032,-25.0615423],[-48.5653143,-25.0583019],[-48.5690701,-25.0510623],[-48.5826617,-25.0516461],[-48.5815386,-25.0348572],[-48.5895837,-25.0296891],[-48.5888695,-25.0197057],[-48.5992472,-25.019272],[-48.5972112,-25.0154164],[-48.6008313,-25.0105057],[-48.5952033,-24.9961342],[-48.5892327,-24.9948099],[-48.5884602,-24.9864393],[-48.5762873,-24.9844367],[-48.5673709,-24.9722669],[-48.567946,-24.9600172],[-48.5726711,-24.9549294],[-48.5704626,-24.951606],[-48.5629815,-24.9503259],[-48.5696748,-24.9434816],[-48.5628676,-24.9394293],[-48.567371,-24.9314352],[-48.5701793,-24.9315417],[-48.5715891,-24.9247315],[-48.5712626,-24.9200089],[-48.5652241,-24.9177292],[-48.5671436,-24.9038712],[-48.5728345,-24.9028814],[-48.5720602,-24.8950131],[-48.5637247,-24.8949267],[-48.5593072,-24.9011832],[-48.5560909,-24.8928031],[-48.5594349,-24.8892414],[-48.5583439,-24.8845859],[-48.5447856,-24.8789638],[-48.5493901,-24.8791638],[-48.5468405,-24.8737703],[-48.5497301,-24.8674963],[-48.5666761,-24.8639577],[-48.5644714,-24.8561736],[-48.5678141,-24.8474996],[-48.5622855,-24.8283947],[-48.5557543,-24.8237931],[-48.559199,-24.8210908],[-48.555754,-24.8062038],[-48.5344205,-24.7866515],[-48.5167241,-24.7801821],[-48.5167008,-24.7685602],[-48.5120854,-24.7639634],[-48.507292,-24.7647911],[-48.5076985,-24.7523722],[-48.5018968,-24.7459757],[-48.5039737,-24.7401382],[-48.4993063,-24.7389676],[-48.5038059,-24.7349467],[-48.5115024,-24.7405661],[-48.5224747,-24.7360679],[-48.53084,-24.7383894],[-48.5306392,-24.7301345],[-48.5425922,-24.7259712],[-48.5457507,-24.7218548],[-48.5445846,-24.7179601],[-48.5518104,-24.7166178],[-48.5521109,-24.7096096],[-48.5601134,-24.7107091],[-48.5691973,-24.7008116],[-48.5683137,-24.6956129],[-48.5790289,-24.6855384],[-48.5820349,-24.6707016],[-48.589253,-24.6805303],[-48.5933722,-24.6742934],[-48.6040298,-24.6682968],[-48.6114519,-24.6708837],[-48.6166197,-24.6686732],[-48.6281735,-24.6805107],[-48.6310607,-24.6773009],[-48.6378107,-24.6776683],[-48.6453145,-24.6815252],[-48.641642,-24.6896675],[-48.6581731,-24.692048],[-48.6604873,-24.7067569],[-48.6750089,-24.7017925],[-48.6771952,-24.6984111],[-48.6715092,-24.6986691],[-48.6770593,-24.6925268],[-48.6721118,-24.6873087],[-48.6749501,-24.684053],[-48.6714732,-24.679302],[-48.676892,-24.6753713],[-48.6769739,-24.6716112],[-48.6896682,-24.6678721],[-48.6940875,-24.6706835],[-48.6882825,-24.6774649],[-48.6898911,-24.6938522],[-48.703812,-24.6803821],[-48.7074235,-24.6835942],[-48.7185899,-24.6830148],[-48.7301199,-24.6870117],[-48.7345363,-24.6844817],[-48.7447499,-24.6932497],[-48.75242,-24.6951801],[-48.7557462,-24.6927868],[-48.7530864,-24.6823934],[-48.7572865,-24.6798543],[-48.7690558,-24.6952786],[-48.7786516,-24.6967322],[-48.7882067,-24.6811894],[-48.800781,-24.6748605],[-48.8108084,-24.6749745],[-48.8043159,-24.6672627],[-48.7795126,-24.6650568],[-48.7674137,-24.6567314],[-48.7600419,-24.645793],[-48.7328663,-24.6406652],[-48.7307891,-24.637222],[-48.7326811,-24.6302109],[-48.7386591,-24.6259666],[-48.7346037,-24.6223725],[-48.738717,-24.6127882],[-48.7452185,-24.6107153],[-48.7496827,-24.6041886],[-48.7491822,-24.59721],[-48.7535248,-24.5882543],[-48.771071,-24.5867208],[-48.7807761,-24.5897458],[-48.7800551,-24.5869109],[-48.7838035,-24.5845843],[-48.7817737,-24.5789356],[-48.7894769,-24.572096],[-48.7809113,-24.5660184],[-48.7891836,-24.5581521],[-48.779634,-24.5562875],[-48.777631,-24.5523811],[-48.7606602,-24.5466226],[-48.7278857,-24.5275535],[-48.7250401,-24.5185802],[-48.7153552,-24.5114345],[-48.6878754,-24.5008023],[-48.6878459,-24.4947984],[-48.6739125,-24.4887043],[-48.6670315,-24.4798209],[-48.6682571,-24.476913],[-48.6745842,-24.4784048],[-48.6735251,-24.4733965],[-48.6564192,-24.4607405],[-48.654634,-24.4560909],[-48.6452289,-24.4595995],[-48.6316047,-24.4578287],[-48.6286824,-24.4500457],[-48.6320165,-24.4465827],[-48.6302714,-24.4371778],[-48.6180582,-24.4429826],[-48.6175162,-24.4506095],[-48.6145838,-24.4579265],[-48.6132396,-24.4530637],[-48.5940419,-24.4427311],[-48.5866886,-24.4348419],[-48.5808894,-24.4379799],[-48.5735136,-24.4337638],[-48.5495645,-24.4404587],[-48.5359122,-24.4343862],[-48.5244436,-24.4217343],[-48.5163286,-24.4195639],[-48.5228144,-24.4115009],[-48.5207106,-24.4068976],[-48.5177187,-24.4075439],[-48.5171272,-24.402177],[-48.5108657,-24.4025702],[-48.5078565,-24.3943103],[-48.5042844,-24.3961217],[-48.5027149,-24.3871155],[-48.497617,-24.3895809],[-48.493299,-24.3875344],[-48.4948902,-24.3852438],[-48.4899416,-24.3770801],[-48.4921,-24.3774877],[-48.4907286,-24.3699783],[-48.5052933,-24.3555765],[-48.501791,-24.3479947],[-48.5142379,-24.3380955],[-48.5360685,-24.3473893],[-48.544114,-24.334214],[-48.5612944,-24.3407876],[-48.5675934,-24.336375],[-48.5775332,-24.3376961],[-48.5784213,-24.332785],[-48.589588,-24.3421523],[-48.6080271,-24.338737],[-48.6051733,-24.3322122],[-48.6008857,-24.3330756],[-48.5919371,-24.3209092],[-48.5906796,-24.3150783],[-48.5673964,-24.2980923],[-48.5606116,-24.2875861],[-48.5521103,-24.289757],[-48.5488171,-24.3059981],[-48.5401461,-24.3129579],[-48.5389071,-24.3177939],[-48.5341077,-24.3207883],[-48.5299134,-24.3171426],[-48.5232975,-24.3198429],[-48.5216281,-24.3089322],[-48.5157245,-24.3097981],[-48.514254,-24.3059009],[-48.5038386,-24.303127],[-48.5007391,-24.2938668],[-48.5034934,-24.2880698],[-48.4961069,-24.2800942],[-48.4759803,-24.2895579],[-48.4724649,-24.2853155],[-48.4706796,-24.2885629],[-48.4651456,-24.286067],[-48.4551246,-24.2949553],[-48.452642,-24.2843329],[-48.4646689,-24.2734285],[-48.4575856,-24.2526804],[-48.4537444,-24.2553013],[-48.4515506,-24.2634981],[-48.4386481,-24.2626217],[-48.4311233,-24.2637477],[-48.4294594,-24.266729],[-48.4106952,-24.2676304],[-48.405641,-24.2737756],[-48.4083784,-24.2778134],[-48.4064398,-24.2837533],[-48.3997385,-24.2853244],[-48.3985436,-24.2906128],[-48.3938547,-24.2921891],[-48.3942382,-24.2969326],[-48.3885918,-24.306394],[-48.3812506,-24.3030232],[-48.3599551,-24.2823798],[-48.3523254,-24.2880235],[-48.3424375,-24.2866329],[-48.3394625,-24.2928579],[-48.3256006,-24.2919495],[-48.3242584,-24.2955405],[-48.3299433,-24.3036702],[-48.3292349,-24.3118842],[-48.3181686,-24.3136597],[-48.3054564,-24.3045374],[-48.2998659,-24.3067833],[-48.2921282,-24.2943474],[-48.2818337,-24.2982522],[-48.2750267,-24.2963987],[-48.2836153,-24.2839889],[-48.2632539,-24.2733534],[-48.2528954,-24.2578359],[-48.2434739,-24.2594767],[-48.23835,-24.2638283],[-48.2049442,-24.2632899],[-48.2002862,-24.2617067],[-48.1967875,-24.2548165],[-48.1711126,-24.2450401],[-48.1546109,-24.2322508],[-48.1543473,-24.22925],[-48.1482247,-24.2293423],[-48.1483642,-24.2331966],[-48.1449141,-24.231696],[-48.143734,-24.2277146],[-48.1468236,-24.2261163],[-48.1436856,-24.2205043],[-48.1462121,-24.2131533],[-48.1384425,-24.2085947],[-48.1435008,-24.2006875],[-48.1412615,-24.1945189],[-48.1247491,-24.1974233],[-48.1180485,-24.1948455],[-48.1144613,-24.1997286],[-48.0986009,-24.2020712],[-48.0939916,-24.2007399],[-48.0943539,-24.1935414],[-48.0846688,-24.191162],[-48.0818549,-24.1933805],[-48.0667288,-24.1831787],[-48.0597185,-24.1833593],[-48.0569456,-24.1636419],[-48.0601391,-24.1591346],[-48.0507222,-24.1566659],[-48.0572788,-24.1473854],[-48.0499221,-24.1378952],[-48.0241575,-24.134689],[-48.0174068,-24.1286469],[-48.0087538,-24.1354029],[-47.980779,-24.1133823],[-47.9577925,-24.1153688],[-47.9505084,-24.120109],[-47.9465439,-24.1175321],[-47.9455563,-24.1090865],[-47.93895,-24.1042959],[-47.9382211,-24.0994693],[-47.917393,-24.1005449],[-47.9056319,-24.0932174],[-47.9019456,-24.0938113],[-47.8927254,-24.0780628],[-47.8769876,-24.0808621],[-47.8677823,-24.0768163],[-47.8677763,-24.0864045],[-47.8615192,-24.089583],[-47.8566986,-24.1021471],[-47.8632815,-24.1139506],[-47.8584954,-24.1226028],[-47.8499478,-24.1167265],[-47.8314739,-24.1217902],[-47.8274617,-24.1335381],[-47.8086161,-24.130771],[-47.8017874,-24.1349532],[-47.7925169,-24.1350926],[-47.7870027,-24.1302477],[-47.7756963,-24.1277452],[-47.7727305,-24.1344468],[-47.7583581,-24.130716],[-47.7507098,-24.1227949],[-47.743846,-24.120847],[-47.7367738,-24.1252031],[-47.7247138,-24.1181054],[-47.7219662,-24.1132288],[-47.7258554,-24.1105948],[-47.7235017,-24.1065195],[-47.7357805,-24.1029897],[-47.7256592,-24.0896022],[-47.7251312,-24.0809281],[-47.7089771,-24.0715918],[-47.7024776,-24.0737813],[-47.6850945,-24.0565705],[-47.6803041,-24.0452615],[-47.6728359,-24.0411536],[-47.6609886,-24.0403916],[-47.6532555,-24.0447205],[-47.6409103,-24.0395306],[-47.6378877,-24.0438176],[-47.6368163,-24.0381232],[-47.6256255,-24.0343053],[-47.6229744,-24.0413731],[-47.6137533,-24.0446841],[-47.6154541,-24.0595621],[-47.6219266,-24.0641223],[-47.6203133,-24.068345],[-47.6303241,-24.0757033],[-47.6301537,-24.0876312],[-47.6360295,-24.0996885],[-47.6338617,-24.1128546],[-47.6284538,-24.1139879],[-47.6231304,-24.1119739],[-47.6213597,-24.1060228],[-47.597459,-24.0855671],[-47.5960099,-24.0797849],[-47.5919308,-24.0884169],[-47.5828118,-24.0754528],[-47.570456,-24.0780219],[-47.5624865,-24.0494132],[-47.562771,-24.0395616],[-47.554426,-24.0404197],[-47.5536699,-24.0369096],[-47.5410451,-24.0378861],[-47.539362,-24.0419653],[-47.5301936,-24.046449],[-47.5122671,-24.0464015],[-47.5029058,-24.0497857],[-47.493805,-24.0587045],[-47.4922383,-24.0702213],[-47.4823231,-24.0744992],[-47.4773281,-24.0813234],[-47.4650531,-24.076327],[-47.4630673,-24.0601607],[-47.4491059,-24.0504866],[-47.4261222,-24.0691414],[-47.417094,-24.0661142],[-47.4155681,-24.0612381],[-47.3885447,-24.0547252],[-47.3859879,-24.0497831],[-47.3769459,-24.0484953],[-47.3718749,-24.0416266],[-47.3683385,-24.042737],[-47.3630375,-24.0317731],[-47.355774,-24.0295561],[-47.3562899,-24.0224626],[-47.3402707,-24.0131369],[-47.3344298,-24.0127189],[-47.3329793,-24.0180982],[-47.3285745,-24.014573],[-47.3251425,-24.0175098],[-47.3163907,-24.017053],[-47.3103628,-24.0089812],[-47.3018344,-24.0116367],[-47.2860255,-24.006392],[-47.2859021,-24.0142126],[-47.277652,-24.011163],[-47.2770258,-24.0148626],[-47.2711073,-24.0175483],[-47.2605642,-24.0140345],[-47.2643043,-24.0069825],[-47.2572759,-24.0054978],[-47.2529308,-24.0083335],[-47.2568766,-24.0208801],[-47.2535274,-24.0240792],[-47.2503375,-24.0206359],[-47.2440182,-24.0218075],[-47.2384923,-24.0163051],[-47.2335105,-24.0173831],[-47.2305935,-24.0123924],[-47.2215891,-24.0145549],[-47.2107126,-24.0014341],[-47.2063747,-24.0032936],[-47.1934567,-23.9980365],[-47.187459,-24.00257],[-47.1619549,-24.0031416],[-47.1529777,-24.0063516],[-47.1503955,-24.0106649],[-47.1378028,-24.0140617],[-47.1224165,-24.0079388],[-47.124603,-23.9975992],[-47.10711,-23.9938027],[-47.0984335,-23.99827],[-47.0994087,-24.0055221],[-47.0925857,-24.0098122],[-47.0918884,-24.0175419],[-47.0743219,-24.0238708],[-47.0676253,-24.0251751],[-47.0574588,-24.0102372],[-47.0539473,-24.0108453],[-47.0463391,-24.0181747],[-47.0461676,-24.0256256],[-47.0406705,-24.0242867],[-47.0343344,-24.030847],[-47.0299194,-24.042188],[-47.0266985,-24.0430448],[-47.0271991,-24.0516327],[-47.0197131,-24.0583484],[-47.0165433,-24.0568615],[-47.0066926,-24.0640637],[-46.9977762,-24.052056],[-46.991363,-24.0585277],[-46.9820668,-24.059536],[-46.9783267,-24.0659295],[-46.983223,-24.076402],[-46.978197,-24.081171],[-46.978674,-24.086384],[-46.969428,-24.09255],[-46.96831,-24.107476],[-46.972113,-24.113507],[-46.978373,-24.122425],[-46.98604,-24.125114],[-46.991943,-24.122041],[-47.005417,-24.127745],[-47.010285,-24.13189],[-47.013115,-24.141195],[-47.033756,-24.14717],[-47.031041,-24.157625],[-47.040858,-24.170454],[-47.041989,-24.177097],[-47.064635,-24.186969],[-47.065046,-24.192314],[-47.070759,-24.195226],[-47.05943,-24.211136],[-47.042903,-24.21671],[-47.039449,-24.222053],[-47.029059,-24.219988],[-47.031276,-24.231723],[-47.038629,-24.233732],[-47.043439,-24.23924],[-47.046278,-24.245273],[-47.044411,-24.249101],[-47.049532,-24.249748],[-47.048489,-24.252219],[-47.057083,-24.264031],[-47.049021,-24.276624],[-47.040291,-24.273634],[-47.033435,-24.279166],[-47.027992,-24.278023],[-47.021137,-24.28275],[-47.033634,-24.319477],[-47.044991,-24.334389],[-47.056179,-24.338758],[-47.062858,-24.33794],[-47.064427,-24.343805],[-47.074852,-24.343133],[-47.095877,-24.353939],[-47.109576,-24.351163],[-47.120766,-24.364766],[-47.114169,-24.371698],[-47.116244,-24.378961],[-47.110998,-24.382551],[-47.112942,-24.386265],[-47.100646,-24.391469],[-47.11232,-24.399697],[-47.117723,-24.417633],[-47.101991,-24.433284],[-47.092883,-24.435506],[-47.086339,-24.430516],[-47.081961,-24.433305],[-47.0778999,-24.4482045],[-47.1347414,-24.485259],[-47.1758094,-24.5162794],[-47.1876714,-24.5273234],[-47.1861655,-24.5326024],[-47.1890166,-24.5360659],[-47.200555,-24.5395954],[-47.2278608,-24.560491],[-47.2242437,-24.5668936],[-47.2270261,-24.571252],[-47.2450094,-24.5739702],[-47.2809077,-24.5937817],[-47.3752748,-24.650078],[-47.4052232,-24.6728709],[-47.4203007,-24.6782659],[-47.4248093,-24.6851413],[-47.5435416,-24.7475809],[-47.6230426,-24.7991402],[-47.731516,-24.8806287],[-47.8218748,-24.9559175],[-47.8732523,-25.0137233],[-47.8830422,-25.0310358],[-47.8869055,-25.0512669],[-47.9095216,-25.0529461],[-47.9087187,-25.063435]]],[[[-47.8610683,-25.1334505],[-47.8602532,-25.1309216],[-47.8596399,-25.1324614],[-47.8610683,-25.1334505]]],[[[-47.8519296,-25.116618],[-47.8494759,-25.1208905],[-47.8648272,-25.1284196],[-47.8652939,-25.1219478],[-47.8519296,-25.116618]]]]}},{"type":"Feature","id":"35131","properties":{"cd_regiao_saude":"35131","nm_regiao_saude":"HORIZONTE VERDE","cd_macrorregiao_saude":"3530","nm_macrorregiao_saude":"RRAS13","qt_municipio":9,"qt_populacao_ibge_2022":413702},"geometry":{"type":"Polygon","coordinates":[[[-48.3368415,-21.426663],[-48.3358396,-21.3852449],[-48.3118164,-21.3607467],[-48.3233455,-21.3573017],[-48.3342369,-21.348138],[-48.3365434,-21.3314852],[-48.3416479,-21.3316636],[-48.3517057,-21.3211564],[-48.3696323,-21.3215293],[-48.3785523,-21.3247803],[-48.3914934,-21.3169049],[-48.4167073,-21.3204217],[-48.4268243,-21.3186527],[-48.4332994,-21.3249622],[-48.4324514,-21.3362565],[-48.4366819,-21.3418979],[-48.4510234,-21.3465889],[-48.4745309,-21.3380442],[-48.4784821,-21.3317695],[-48.4851402,-21.334683],[-48.4945003,-21.3472561],[-48.5128439,-21.344187],[-48.5274038,-21.3520151],[-48.5441159,-21.352455],[-48.5530704,-21.3390091],[-48.5650267,-21.337878],[-48.5738558,-21.3416838],[-48.5773257,-21.3397412],[-48.5767212,-21.3302365],[-48.5858849,-21.3242655],[-48.5888945,-21.3146498],[-48.6049752,-21.3139636],[-48.6084035,-21.3002656],[-48.6283148,-21.2723509],[-48.6310865,-21.2559568],[-48.6406413,-21.2481287],[-48.6408385,-21.2411808],[-48.6532051,-21.2398253],[-48.6505788,-21.2327352],[-48.6681943,-21.228582],[-48.6808043,-21.2201931],[-48.6955414,-21.2209143],[-48.7069546,-21.2067729],[-48.6960129,-21.2122468],[-48.6830604,-21.2087078],[-48.6786102,-21.2125087],[-48.667052,-21.2056111],[-48.6524802,-21.2111595],[-48.6389431,-21.2072379],[-48.625892,-21.1964169],[-48.6098082,-21.2009414],[-48.6002709,-21.2115889],[-48.5868264,-21.214101],[-48.580921,-21.2035564],[-48.5839776,-21.1841812],[-48.5811682,-21.1656834],[-48.5714883,-21.1621606],[-48.5387917,-21.1691747],[-48.5358175,-21.1858315],[-48.528058,-21.1890622],[-48.520529,-21.1876634],[-48.5147727,-21.1901553],[-48.5091415,-21.1833357],[-48.4977461,-21.1841474],[-48.4770971,-21.17932],[-48.4535453,-21.1835589],[-48.4589812,-21.202905],[-48.4534201,-21.2122034],[-48.4431247,-21.2090292],[-48.4385342,-21.2001286],[-48.4263702,-21.1945254],[-48.4214854,-21.1729904],[-48.4169799,-21.1707147],[-48.4025305,-21.1730019],[-48.3859782,-21.1685683],[-48.3619559,-21.1398336],[-48.3483657,-21.1306305],[-48.3538753,-21.1206677],[-48.3636418,-21.1194554],[-48.3716984,-21.114784],[-48.3744542,-21.1094295],[-48.3604717,-21.1037336],[-48.3451452,-21.1057351],[-48.3537456,-21.0818618],[-48.342341,-21.0749977],[-48.3328129,-21.0643619],[-48.3168509,-21.0586292],[-48.3240632,-21.0525053],[-48.346818,-21.0590601],[-48.3588733,-21.0564346],[-48.3732936,-21.0583276],[-48.3830695,-21.0533455],[-48.3884523,-21.0442529],[-48.3968488,-21.0431006],[-48.4152186,-21.0496672],[-48.4298162,-21.0498755],[-48.4330668,-21.0374442],[-48.405992,-21.0171676],[-48.4012669,-21.0055739],[-48.3769797,-21.007955],[-48.3808731,-21.0031288],[-48.3826459,-20.983251],[-48.3784509,-20.9687956],[-48.3672194,-20.9490836],[-48.3388395,-20.9550097],[-48.3150988,-20.9518645],[-48.284925,-20.9529262],[-48.2735301,-20.9395995],[-48.257911,-20.9310314],[-48.2185235,-20.8921066],[-48.2076778,-20.8753869],[-48.1900826,-20.8866513],[-48.1738645,-20.8889296],[-48.1661501,-20.8840989],[-48.1548782,-20.8936744],[-48.1408113,-20.8923645],[-48.1258336,-20.9018984],[-48.1122115,-20.9028746],[-48.103667,-20.9000902],[-48.0793612,-20.9140476],[-48.0724395,-20.9231833],[-48.0648811,-20.9233069],[-48.0534423,-20.9315646],[-48.0485883,-20.9293703],[-48.0464424,-20.9176626],[-48.0374356,-20.9067044],[-48.0247721,-20.9024291],[-48.0162573,-20.8928179],[-47.9853687,-20.8763699],[-47.9397182,-20.8999467],[-47.949053,-20.9141644],[-47.9666606,-20.9226881],[-47.9770843,-20.9466534],[-47.9977427,-20.962876],[-48.0022149,-20.9731747],[-48.0000585,-20.9833653],[-47.9795878,-20.9973966],[-47.9709691,-20.9993096],[-47.9589634,-20.9948915],[-47.9573036,-21.0119856],[-47.9431281,-21.0324266],[-47.9238125,-21.0353384],[-47.9089004,-21.0323917],[-47.8820781,-21.0123225],[-47.8758764,-21.0106312],[-47.871117,-21.014758],[-47.8730176,-21.0213553],[-47.8886224,-21.030595],[-47.8926967,-21.0392316],[-47.8848596,-21.0554365],[-47.8720072,-21.0642749],[-47.872223,-21.074932],[-47.882932,-21.097787],[-47.903581,-21.097417],[-47.913147,-21.118537],[-47.909117,-21.123257],[-47.911374,-21.134112],[-47.906216,-21.148675],[-47.90988,-21.157558],[-47.90163,-21.160319],[-47.904429,-21.178124],[-47.917939,-21.188515],[-47.91659,-21.200705],[-47.943423,-21.200296],[-47.931762,-21.20373],[-47.926842,-21.221373],[-47.921207,-21.229047],[-47.922939,-21.240476],[-47.907511,-21.25548],[-47.90687,-21.259757],[-47.927691,-21.268066],[-47.934509,-21.276653],[-47.983105,-21.306892],[-47.99109,-21.310095],[-47.99466,-21.3047],[-48.002534,-21.308496],[-48.009118,-21.321281],[-48.022067,-21.331425],[-48.02842,-21.3538],[-48.032822,-21.358409],[-48.0299092,-21.3796955],[-48.0152589,-21.3821344],[-48.0341722,-21.3971792],[-48.0451581,-21.4182753],[-48.0502238,-21.3888979],[-48.0576721,-21.3964385],[-48.0669968,-21.3989137],[-48.1043668,-21.4300531],[-48.1089469,-21.4293382],[-48.1135027,-21.4205857],[-48.1122412,-21.4254798],[-48.1176433,-21.435117],[-48.1238579,-21.4367549],[-48.1295657,-21.4361563],[-48.1313833,-21.4314424],[-48.143567,-21.4266229],[-48.1454322,-21.4298727],[-48.1580918,-21.4326279],[-48.1620699,-21.4375831],[-48.1638286,-21.4355299],[-48.1678399,-21.4387866],[-48.1778485,-21.4375725],[-48.1815808,-21.4477508],[-48.197954,-21.4649606],[-48.2825552,-21.4812972],[-48.2862354,-21.4365476],[-48.3079315,-21.4357439],[-48.3272504,-21.4262596],[-48.3368415,-21.426663]]]}},{"type":"Feature","id":"35132","properties":{"cd_regiao_saude":"35132","nm_regiao_saude":"AQUIFERO GUARANI","cd_macrorregiao_saude":"3530","nm_macrorregiao_saude":"RRAS13","qt_municipio":10,"qt_populacao_ibge_2022":915131},"geometry":{"type":"Polygon","coordinates":[[[-47.337498,-21.6869864],[-47.3233909,-21.7150052],[-47.3236711,-21.7197084],[-47.3302177,-21.7269112],[-47.3110205,-21.7371479],[-47.3036808,-21.7373111],[-47.2938105,-21.7504346],[-47.2932941,-21.7573556],[-47.2954074,-21.7621092],[-47.3124366,-21.7736398],[-47.3209997,-21.7769677],[-47.3342805,-21.7762264],[-47.3322516,-21.7842584],[-47.3468981,-21.8065311],[-47.3514767,-21.80459],[-47.3591863,-21.7859248],[-47.3668468,-21.7787012],[-47.376635,-21.7771108],[-47.394305,-21.7673236],[-47.3977845,-21.7729147],[-47.4090264,-21.7709233],[-47.411402,-21.7626327],[-47.4248063,-21.7556969],[-47.4437535,-21.7651608],[-47.4385429,-21.7808285],[-47.440525,-21.7851285],[-47.4510961,-21.7811727],[-47.4646275,-21.7854968],[-47.4740613,-21.7926424],[-47.4826971,-21.789564],[-47.4871544,-21.795934],[-47.5107459,-21.8081911],[-47.5305229,-21.7979241],[-47.5428346,-21.8020927],[-47.5580577,-21.788065],[-47.5698608,-21.7843349],[-47.5714905,-21.7744137],[-47.5790233,-21.7672451],[-47.5819739,-21.7418515],[-47.5879147,-21.7345253],[-47.6080866,-21.7457752],[-47.6157357,-21.7434446],[-47.6145602,-21.7512275],[-47.6235415,-21.7404543],[-47.6241743,-21.7342715],[-47.6299822,-21.7340875],[-47.6315089,-21.7269103],[-47.6363767,-21.7250528],[-47.6449198,-21.7264509],[-47.6473168,-21.7372218],[-47.6671571,-21.7426131],[-47.6786319,-21.7330648],[-47.6768027,-21.7219981],[-47.6814804,-21.7157865],[-47.7052003,-21.7206835],[-47.7217836,-21.7059499],[-47.73413,-21.7142784],[-47.7453391,-21.709301],[-47.7501621,-21.7014143],[-47.7681522,-21.6914638],[-47.7814301,-21.6916109],[-47.7865442,-21.6998294],[-47.7956533,-21.6946267],[-47.8090995,-21.699288],[-47.8155896,-21.6973824],[-47.8118267,-21.6801192],[-47.830578,-21.6694623],[-47.8169278,-21.662542],[-47.8259741,-21.6567015],[-47.8256114,-21.6533544],[-47.8181783,-21.6469522],[-47.8118218,-21.6483938],[-47.8068276,-21.6355115],[-47.8016138,-21.6331256],[-47.8037953,-21.63031],[-47.8111445,-21.631409],[-47.8177635,-21.6249562],[-47.818556,-21.6147668],[-47.8258602,-21.6123479],[-47.8309203,-21.6160007],[-47.8339686,-21.6144414],[-47.8307974,-21.6010172],[-47.8371443,-21.6045194],[-47.8404799,-21.6003301],[-47.8399135,-21.6067898],[-47.8462563,-21.597968],[-47.8499626,-21.5998159],[-47.8535392,-21.5974283],[-47.8582894,-21.6013289],[-47.8539272,-21.6041454],[-47.8561771,-21.6078183],[-47.8644627,-21.6069157],[-47.8625802,-21.6109495],[-47.8689538,-21.610785],[-47.8699038,-21.6158158],[-47.8723227,-21.6104184],[-47.8807243,-21.6110813],[-47.879504,-21.6081343],[-47.8712162,-21.6060516],[-47.8713402,-21.6030018],[-47.8809941,-21.5982369],[-47.8781066,-21.5948021],[-47.8818509,-21.589278],[-47.8861132,-21.5905954],[-47.8850768,-21.586201],[-47.8897108,-21.5819865],[-47.8967232,-21.5870502],[-47.8998308,-21.5815189],[-47.9004992,-21.5894707],[-47.9047128,-21.5840838],[-47.9024988,-21.5801432],[-47.9050099,-21.5794817],[-47.9131682,-21.5893084],[-47.9183009,-21.5833362],[-47.923307,-21.5845991],[-47.9243536,-21.573099],[-47.9334895,-21.5799876],[-47.9384189,-21.579503],[-47.9341461,-21.586953],[-47.9415666,-21.5875131],[-47.9377332,-21.5931662],[-47.9459342,-21.5917621],[-47.9422669,-21.5981129],[-47.950138,-21.5983995],[-47.9551815,-21.5905472],[-47.964246,-21.5982622],[-47.9776233,-21.5912754],[-47.9817123,-21.5928082],[-47.9824212,-21.5866129],[-47.9841829,-21.5954501],[-47.9907509,-21.595588],[-47.9878226,-21.5898986],[-47.9921896,-21.5889961],[-47.9897362,-21.5850319],[-47.9937681,-21.584533],[-47.9936792,-21.5794748],[-48.0003176,-21.5808476],[-47.9950708,-21.5769483],[-47.9891022,-21.5770982],[-47.9909643,-21.5656661],[-47.9947416,-21.5646317],[-47.9984681,-21.5685158],[-47.9956646,-21.5614883],[-48.0091346,-21.5598889],[-48.0058357,-21.5445283],[-48.0147212,-21.5420494],[-48.0125861,-21.5327556],[-48.0172938,-21.5334986],[-48.0172817,-21.5396168],[-48.0281143,-21.5385011],[-48.026405,-21.5300392],[-48.0331044,-21.5266131],[-48.0280289,-21.5226425],[-48.0318472,-21.5191542],[-48.0283103,-21.5135427],[-48.0422279,-21.5156526],[-48.0430701,-21.5100341],[-48.0386583,-21.5046247],[-48.0519956,-21.4995637],[-48.0510604,-21.4955506],[-48.0444692,-21.4940867],[-48.055355,-21.489226],[-48.054209,-21.481364],[-48.05812,-21.479398],[-48.057302,-21.475272],[-48.068725,-21.479856],[-48.0720532,-21.4740487],[-48.0717646,-21.4784916],[-48.07427,-21.4792385],[-48.0774152,-21.4704532],[-48.0850397,-21.4687248],[-48.0820824,-21.4615721],[-48.1033106,-21.4530865],[-48.1037043,-21.4485427],[-48.1093944,-21.4433218],[-48.1089469,-21.4293382],[-48.1043668,-21.4300531],[-48.0916021,-21.4217262],[-48.0669968,-21.3989137],[-48.0576721,-21.3964385],[-48.0502238,-21.3888979],[-48.0451581,-21.4182753],[-48.0341722,-21.3971792],[-48.0154073,-21.3824941],[-48.0299092,-21.3796955],[-48.032822,-21.358409],[-48.02842,-21.3538],[-48.022067,-21.331425],[-48.009118,-21.321281],[-48.002534,-21.308496],[-47.99466,-21.3047],[-47.99109,-21.310095],[-47.983105,-21.306892],[-47.934509,-21.276653],[-47.927691,-21.268066],[-47.906423,-21.258852],[-47.922939,-21.240476],[-47.921207,-21.229047],[-47.926842,-21.221373],[-47.931762,-21.20373],[-47.943423,-21.200296],[-47.91659,-21.200705],[-47.917939,-21.188515],[-47.904429,-21.178124],[-47.90163,-21.160319],[-47.90988,-21.157558],[-47.906216,-21.148675],[-47.911374,-21.134112],[-47.909117,-21.123257],[-47.913147,-21.118537],[-47.903581,-21.097417],[-47.882932,-21.097787],[-47.872223,-21.074932],[-47.8720072,-21.0642749],[-47.8848596,-21.0554365],[-47.8926967,-21.0392316],[-47.8886224,-21.030595],[-47.8730176,-21.0213553],[-47.871117,-21.014758],[-47.8758764,-21.0106312],[-47.8820781,-21.0123225],[-47.9089004,-21.0323917],[-47.9238125,-21.0353384],[-47.9431281,-21.0324266],[-47.9573036,-21.0119856],[-47.9589634,-20.9948915],[-47.9709691,-20.9993096],[-47.9795878,-20.9973966],[-48.0000585,-20.9833653],[-48.0022149,-20.9731747],[-47.9977427,-20.962876],[-47.9770843,-20.9466534],[-47.9666606,-20.9226881],[-47.9484577,-20.9136118],[-47.9356953,-20.892968],[-47.9267798,-20.8843306],[-47.9233691,-20.8827655],[-47.9119153,-20.8907821],[-47.9032665,-20.8908836],[-47.8896356,-20.9098671],[-47.8784834,-20.9051806],[-47.8705861,-20.8945375],[-47.8564525,-20.8982907],[-47.8401088,-20.9106976],[-47.8088856,-20.8904961],[-47.7991895,-20.8897696],[-47.7960997,-20.8997594],[-47.7797464,-20.8944378],[-47.7690729,-20.9166808],[-47.7700306,-20.9216568],[-47.7654124,-20.9322528],[-47.7543818,-20.934612],[-47.7534205,-20.9393068],[-47.7490842,-20.9390481],[-47.7465701,-20.9434569],[-47.7335867,-20.9405235],[-47.724268,-20.9419748],[-47.7185028,-20.938363],[-47.71776,-20.944457],[-47.709229,-20.95409],[-47.723049,-20.966579],[-47.726035,-20.974217],[-47.686864,-21.002747],[-47.688376,-21.018338],[-47.679509,-21.025721],[-47.683065,-21.039172],[-47.671786,-21.068163],[-47.67787,-21.0794],[-47.691261,-21.081337],[-47.689747,-21.090169],[-47.696146,-21.10023],[-47.719053,-21.120072],[-47.700589,-21.130497],[-47.691029,-21.1321],[-47.66725,-21.118562],[-47.64624,-21.148548],[-47.634098,-21.151088],[-47.625956,-21.148995],[-47.624457,-21.153531],[-47.628805,-21.170077],[-47.614066,-21.181824],[-47.581545,-21.172747],[-47.570182,-21.18675],[-47.558213,-21.189761],[-47.527508,-21.180354],[-47.527521,-21.184708],[-47.534411,-21.189511],[-47.533726,-21.195632],[-47.5236076,-21.2055507],[-47.5177742,-21.2068401],[-47.5150612,-21.2019013],[-47.5121428,-21.2075418],[-47.5043849,-21.2042698],[-47.5014477,-21.2060487],[-47.5091552,-21.2136309],[-47.5070561,-21.2200946],[-47.5171316,-21.2266364],[-47.5045457,-21.2252714],[-47.5103319,-21.2321896],[-47.5045939,-21.2337345],[-47.503525,-21.2402374],[-47.4905104,-21.2386768],[-47.484353,-21.2430707],[-47.4878965,-21.2491551],[-47.4952713,-21.2467866],[-47.493546,-21.2591033],[-47.4981405,-21.2684294],[-47.4954678,-21.2695772],[-47.4904035,-21.2634051],[-47.4824877,-21.2723815],[-47.4822138,-21.280058],[-47.4764863,-21.2858876],[-47.4813158,-21.2920673],[-47.4750531,-21.3002949],[-47.4799835,-21.3154996],[-47.474524,-21.3196367],[-47.4722907,-21.3317146],[-47.4582882,-21.3528458],[-47.458761,-21.367001],[-47.4461145,-21.3685101],[-47.4476856,-21.3545738],[-47.4399194,-21.3448842],[-47.4321349,-21.3419482],[-47.4225995,-21.3486164],[-47.4099475,-21.3400397],[-47.4067509,-21.3406852],[-47.4053364,-21.3516389],[-47.4112418,-21.3610755],[-47.4060328,-21.3691003],[-47.390799,-21.3737566],[-47.3845322,-21.3815089],[-47.3805672,-21.395077],[-47.3658483,-21.3983153],[-47.3565184,-21.4093694],[-47.3344221,-21.4137082],[-47.3250272,-21.4276878],[-47.3184845,-21.4264569],[-47.3069618,-21.4324021],[-47.3030897,-21.4393006],[-47.30845,-21.4535343],[-47.3076549,-21.4611447],[-47.300924,-21.460999],[-47.2985562,-21.4492396],[-47.2947265,-21.4465493],[-47.2641954,-21.4513164],[-47.2638029,-21.4550298],[-47.2716219,-21.457502],[-47.2787183,-21.4684323],[-47.2745998,-21.487644],[-47.2822922,-21.5156152],[-47.2763683,-21.5256697],[-47.2852509,-21.5483424],[-47.2909207,-21.5535998],[-47.3075038,-21.5512254],[-47.3159471,-21.5584918],[-47.3274809,-21.5593846],[-47.3316255,-21.564265],[-47.3457938,-21.5621718],[-47.350315,-21.5644569],[-47.3570924,-21.5700048],[-47.358375,-21.5795227],[-47.3651215,-21.5889958],[-47.3642764,-21.5936931],[-47.3818819,-21.5994799],[-47.3992252,-21.6137409],[-47.3997708,-21.6220886],[-47.3828874,-21.6393627],[-47.3806019,-21.6498117],[-47.3724105,-21.6498445],[-47.3578645,-21.6428435],[-47.3513981,-21.6475911],[-47.3421613,-21.6422103],[-47.3288141,-21.64454],[-47.3222221,-21.6499535],[-47.3268131,-21.6686891],[-47.3373384,-21.6678389],[-47.337498,-21.6869864]]]}},{"type":"Feature","id":"35133","properties":{"cd_regiao_saude":"35133","nm_regiao_saude":"VALE DAS CACHOEIRAS","cd_macrorregiao_saude":"3530","nm_macrorregiao_saude":"RRAS13","qt_municipio":7,"qt_populacao_ibge_2022":135941},"geometry":{"type":"Polygon","coordinates":[[[-47.4813158,-21.2920673],[-47.4763073,-21.2864002],[-47.4822138,-21.280058],[-47.4824877,-21.2723815],[-47.49125,-21.2631688],[-47.4954678,-21.2695772],[-47.4981405,-21.2684294],[-47.493546,-21.2591033],[-47.4952713,-21.2467866],[-47.4878965,-21.2491551],[-47.484353,-21.2430707],[-47.4905104,-21.2386768],[-47.503525,-21.2402374],[-47.5045939,-21.2337345],[-47.5103319,-21.2321896],[-47.5045457,-21.2252714],[-47.5171316,-21.2266364],[-47.5070561,-21.2200946],[-47.5091552,-21.2136309],[-47.5014477,-21.2060487],[-47.5043849,-21.2042698],[-47.5121428,-21.2075418],[-47.5150612,-21.2019013],[-47.5177742,-21.2068401],[-47.5236076,-21.2055507],[-47.533726,-21.195632],[-47.534411,-21.189511],[-47.527521,-21.184708],[-47.527508,-21.180354],[-47.558213,-21.189761],[-47.570182,-21.18675],[-47.581545,-21.172747],[-47.614066,-21.181824],[-47.628805,-21.170077],[-47.624457,-21.153531],[-47.625956,-21.148995],[-47.634098,-21.151088],[-47.64624,-21.148548],[-47.66725,-21.118562],[-47.691029,-21.1321],[-47.700589,-21.130497],[-47.719053,-21.120072],[-47.696146,-21.10023],[-47.689747,-21.090169],[-47.691261,-21.081337],[-47.680809,-21.08121],[-47.673984,-21.074751],[-47.672472,-21.062809],[-47.683065,-21.039172],[-47.679509,-21.025721],[-47.688376,-21.018338],[-47.686864,-21.002747],[-47.726035,-20.974217],[-47.723049,-20.966579],[-47.709229,-20.95409],[-47.71776,-20.944457],[-47.7185028,-20.938363],[-47.724268,-20.9419748],[-47.7335867,-20.9405235],[-47.7465701,-20.9434569],[-47.7490842,-20.9390481],[-47.7534205,-20.9393068],[-47.7543818,-20.934612],[-47.7654124,-20.9322528],[-47.7700306,-20.9216568],[-47.7690729,-20.9166808],[-47.7869236,-20.8804706],[-47.7729836,-20.8557516],[-47.7497555,-20.8456025],[-47.744079,-20.8342319],[-47.7290019,-20.8293305],[-47.7198732,-20.8161281],[-47.7075004,-20.8100148],[-47.702397,-20.8164596],[-47.6925467,-20.8205796],[-47.6778473,-20.8157467],[-47.6600111,-20.8197684],[-47.6590301,-20.8124758],[-47.663472,-20.8044692],[-47.6583269,-20.7989979],[-47.6610034,-20.7839072],[-47.6520735,-20.7794081],[-47.6497113,-20.7707],[-47.6526286,-20.7552408],[-47.649149,-20.7364824],[-47.6525003,-20.7258121],[-47.6508026,-20.7211043],[-47.6281072,-20.7026747],[-47.6268115,-20.7064461],[-47.6172106,-20.710965],[-47.6124934,-20.7002553],[-47.598884,-20.6929526],[-47.6051216,-20.7033275],[-47.6039344,-20.7185317],[-47.5957366,-20.7180207],[-47.5938342,-20.7131955],[-47.5865109,-20.7095477],[-47.5809807,-20.7102812],[-47.5770233,-20.7172776],[-47.5790659,-20.7243375],[-47.5743043,-20.7267596],[-47.5714542,-20.7215278],[-47.5676425,-20.7273111],[-47.5712962,-20.7325774],[-47.568184,-20.7390313],[-47.5489227,-20.7407865],[-47.5517349,-20.7349701],[-47.5400745,-20.7359597],[-47.5382838,-20.7311042],[-47.5408077,-20.7326449],[-47.5399393,-20.7279488],[-47.544791,-20.7271492],[-47.5445388,-20.7218766],[-47.5331304,-20.717498],[-47.534122,-20.7231991],[-47.529561,-20.7236047],[-47.5333642,-20.7275431],[-47.5274104,-20.7278426],[-47.5281403,-20.7322647],[-47.5173992,-20.7267441],[-47.5152282,-20.7296533],[-47.5140105,-20.7248058],[-47.5084715,-20.7250492],[-47.5085144,-20.7323965],[-47.5052258,-20.7312177],[-47.5064318,-20.7347597],[-47.4990746,-20.7393218],[-47.4994132,-20.7425166],[-47.4949349,-20.7429467],[-47.4943652,-20.748696],[-47.47856,-20.7541342],[-47.4706817,-20.7522125],[-47.4727377,-20.7599393],[-47.4701305,-20.7698924],[-47.4555903,-20.7732275],[-47.4600874,-20.763892],[-47.4535701,-20.7599609],[-47.438095,-20.7654325],[-47.4298246,-20.7641268],[-47.4289065,-20.7678074],[-47.4331314,-20.7726408],[-47.4276714,-20.777255],[-47.4422611,-20.7818688],[-47.435974,-20.7922238],[-47.4269184,-20.7939337],[-47.4183032,-20.8061349],[-47.4066568,-20.8123479],[-47.3963149,-20.8108718],[-47.3902831,-20.820772],[-47.3707028,-20.8214867],[-47.3696915,-20.8271276],[-47.3563842,-20.8252877],[-47.3551133,-20.8297339],[-47.3449017,-20.8276863],[-47.3435186,-20.8304187],[-47.3475795,-20.8339419],[-47.3450982,-20.8354331],[-47.3496448,-20.8400284],[-47.3485104,-20.8482353],[-47.342558,-20.8498807],[-47.3448819,-20.8534825],[-47.3415072,-20.8576611],[-47.3287065,-20.8598991],[-47.3302899,-20.8584795],[-47.3274059,-20.8591693],[-47.3231378,-20.847734],[-47.313185,-20.8476785],[-47.3145295,-20.8412831],[-47.3064887,-20.8431796],[-47.3058823,-20.8373259],[-47.302493,-20.8416881],[-47.2977573,-20.8394541],[-47.293849,-20.8415117],[-47.2895525,-20.835916],[-47.2832847,-20.838487],[-47.2821007,-20.8427414],[-47.2755973,-20.8438561],[-47.2785284,-20.8453445],[-47.2673211,-20.8542095],[-47.2666734,-20.8581558],[-47.2632352,-20.8536193],[-47.2582958,-20.8580238],[-47.2553737,-20.8568499],[-47.2509986,-20.863909],[-47.246132,-20.8645717],[-47.2273595,-20.8564716],[-47.2400443,-20.8852817],[-47.2245731,-20.9116135],[-47.2104581,-20.924139],[-47.1900399,-20.9282181],[-47.192566,-20.942053],[-47.1866194,-20.9494933],[-47.1819813,-20.9536468],[-47.1688419,-20.9564931],[-47.1645367,-20.9660523],[-47.1495699,-20.9699703],[-47.1437389,-20.9823857],[-47.150646,-20.997482],[-47.1511234,-21.0103141],[-47.1570299,-21.0188247],[-47.1478615,-21.0354609],[-47.1461008,-21.0590515],[-47.1394224,-21.0693541],[-47.1422962,-21.0882358],[-47.1370422,-21.0880229],[-47.1281243,-21.0992153],[-47.1131514,-21.1049215],[-47.1127893,-21.1086395],[-47.1215378,-21.1124738],[-47.1262322,-21.1253473],[-47.1335055,-21.1334556],[-47.12682,-21.1442737],[-47.1185995,-21.1490435],[-47.1173051,-21.1536959],[-47.1236478,-21.1679094],[-47.1185632,-21.1753462],[-47.1187879,-21.1857521],[-47.1028287,-21.2005677],[-47.0992581,-21.2141934],[-47.0956514,-21.2096737],[-47.0865731,-21.2074171],[-47.0622097,-21.2091699],[-47.0679641,-21.2143123],[-47.0723327,-21.2258406],[-47.0789122,-21.2305951],[-47.0772882,-21.2402235],[-47.0630923,-21.2393131],[-47.0522817,-21.2465187],[-47.0513082,-21.2573965],[-47.0442243,-21.2673553],[-47.057488,-21.2645458],[-47.0654749,-21.2693552],[-47.0771076,-21.2849063],[-47.0838918,-21.2880006],[-47.094716,-21.2862422],[-47.0897286,-21.297409],[-47.1076666,-21.3158253],[-47.1188913,-21.3195048],[-47.1275857,-21.3288151],[-47.1467275,-21.3054329],[-47.1444206,-21.2947796],[-47.1586859,-21.303235],[-47.1732521,-21.315919],[-47.1792804,-21.336754],[-47.1918566,-21.3480149],[-47.1872661,-21.3531524],[-47.1870203,-21.3587776],[-47.2046167,-21.3849913],[-47.2061813,-21.3981382],[-47.2096837,-21.4018149],[-47.2061258,-21.409024],[-47.2080815,-21.4143285],[-47.2147053,-21.4151578],[-47.216735,-21.4185424],[-47.2149226,-21.4269945],[-47.2240122,-21.4281494],[-47.2256114,-21.4210381],[-47.2313361,-21.4220885],[-47.2328309,-21.4369493],[-47.2369566,-21.4430202],[-47.24412,-21.4427562],[-47.257118,-21.4500257],[-47.2708727,-21.4517804],[-47.2892746,-21.4460696],[-47.297117,-21.4475027],[-47.3036714,-21.4625974],[-47.3092173,-21.458262],[-47.3031584,-21.4403089],[-47.3069618,-21.4324021],[-47.3184845,-21.4264569],[-47.3250272,-21.4276878],[-47.3344221,-21.4137082],[-47.3565184,-21.4093694],[-47.3658483,-21.3983153],[-47.3805672,-21.395077],[-47.3845322,-21.3815089],[-47.390799,-21.3737566],[-47.4069679,-21.3682228],[-47.4114332,-21.3602301],[-47.4053364,-21.3516389],[-47.4067509,-21.3406852],[-47.4099475,-21.3400397],[-47.4225995,-21.3486164],[-47.4321349,-21.3419482],[-47.4399194,-21.3448842],[-47.4476856,-21.3545738],[-47.4461145,-21.3685101],[-47.458761,-21.367001],[-47.4582882,-21.3528458],[-47.4722907,-21.3317146],[-47.474524,-21.3196367],[-47.4799835,-21.3154996],[-47.4750531,-21.3002949],[-47.4813158,-21.2920673]]]}},{"type":"Feature","id":"35141","properties":{"cd_regiao_saude":"35141","nm_regiao_saude":"BAIXA MOGIANA","cd_macrorregiao_saude":"3528","nm_macrorregiao_saude":"RRAS15","qt_municipio":4,"qt_populacao_ibge_2022":329533},"geometry":{"type":"Polygon","coordinates":[[[-46.9921646,-22.5474224],[-47.0044635,-22.5630395],[-47.0167925,-22.5656277],[-47.0234712,-22.5630226],[-47.0312354,-22.5747625],[-47.0376218,-22.5721074],[-47.0440878,-22.5741052],[-47.0493657,-22.569527],[-47.0544546,-22.5713053],[-47.0424001,-22.551762],[-47.0490157,-22.5433245],[-47.0483082,-22.5337107],[-47.054481,-22.5257855],[-47.0530818,-22.5166603],[-47.0621892,-22.5105287],[-47.0728603,-22.4965998],[-47.0697526,-22.4856219],[-47.0731963,-22.4766102],[-47.0809126,-22.4730326],[-47.0936108,-22.4755782],[-47.111165,-22.4645035],[-47.1201568,-22.4746618],[-47.1298942,-22.4748842],[-47.13604,-22.4698876],[-47.130205,-22.4677682],[-47.1179351,-22.4498249],[-47.1165218,-22.4320175],[-47.1104365,-22.4217026],[-47.1092006,-22.4112277],[-47.0967625,-22.407135],[-47.0885044,-22.3990715],[-47.0869171,-22.3928618],[-47.0895048,-22.3850902],[-47.0812041,-22.3573748],[-47.0809591,-22.3439391],[-47.0748767,-22.3365558],[-47.0811028,-22.3213736],[-47.0859949,-22.3188249],[-47.091217,-22.3218753],[-47.0837548,-22.2998111],[-47.0909482,-22.3024534],[-47.0984749,-22.2932104],[-47.1056423,-22.2937586],[-47.1054686,-22.2987814],[-47.1093922,-22.2926323],[-47.115795,-22.2943651],[-47.120173,-22.2906766],[-47.1255389,-22.2933482],[-47.1244822,-22.2980088],[-47.1304538,-22.3002611],[-47.1495338,-22.2944426],[-47.1537484,-22.2948495],[-47.1544057,-22.2977935],[-47.1569134,-22.2927226],[-47.1611975,-22.2920028],[-47.1597919,-22.2876105],[-47.1676245,-22.2836429],[-47.1713201,-22.2896234],[-47.1685999,-22.2910819],[-47.1766124,-22.2963301],[-47.1842908,-22.2920201],[-47.1844203,-22.282938],[-47.1872875,-22.2800081],[-47.1833275,-22.2791708],[-47.1876546,-22.2765768],[-47.1840241,-22.2748762],[-47.1878061,-22.2714867],[-47.1924979,-22.2724919],[-47.1915908,-22.2757876],[-47.1955088,-22.2787678],[-47.1930496,-22.2811209],[-47.1992404,-22.282609],[-47.2008444,-22.277663],[-47.2049343,-22.2815684],[-47.2101716,-22.2794277],[-47.2174613,-22.265247],[-47.2302655,-22.2568258],[-47.2315673,-22.2447077],[-47.2184432,-22.2307717],[-47.2277001,-22.2273967],[-47.2335419,-22.2197679],[-47.2403494,-22.2311674],[-47.2417397,-22.2197949],[-47.2349163,-22.2123387],[-47.2287923,-22.2126003],[-47.2242045,-22.2063335],[-47.2210512,-22.2088321],[-47.2101969,-22.202176],[-47.2045147,-22.2047526],[-47.1972899,-22.18048],[-47.1903628,-22.1724336],[-47.1992573,-22.149781],[-47.1935833,-22.1140374],[-47.1993761,-22.1050747],[-47.1974889,-22.0987169],[-47.1817694,-22.0924615],[-47.1733209,-22.0954073],[-47.1665169,-22.0929646],[-47.1507743,-22.1076496],[-47.1396046,-22.1124942],[-47.129266,-22.085961],[-47.1094169,-22.0755804],[-47.100942,-22.0666276],[-47.0919325,-22.0759906],[-47.0887536,-22.0848695],[-47.056544,-22.101825],[-47.0462059,-22.1156423],[-47.0389741,-22.1174497],[-47.0216412,-22.1134418],[-46.9957065,-22.127319],[-46.9790502,-22.1263436],[-46.9725405,-22.1352],[-46.9604583,-22.1437119],[-46.9470919,-22.1474655],[-46.9370493,-22.1464087],[-46.921949,-22.1309202],[-46.9007387,-22.1278865],[-46.8932897,-22.130059],[-46.8869433,-22.1234859],[-46.8780502,-22.1208383],[-46.8740458,-22.1126052],[-46.8666015,-22.1198817],[-46.8656743,-22.1334337],[-46.8820239,-22.1500385],[-46.8837077,-22.1671833],[-46.899946,-22.1756873],[-46.8958804,-22.1949058],[-46.8999949,-22.2457451],[-46.8747593,-22.2531466],[-46.8674192,-22.2591953],[-46.8640809,-22.2559935],[-46.8610296,-22.2600075],[-46.8507206,-22.2598731],[-46.8445032,-22.2650495],[-46.8238896,-22.2666287],[-46.8169988,-22.2731832],[-46.8189848,-22.2772235],[-46.7972634,-22.2799742],[-46.7912576,-22.2973212],[-46.7854384,-22.2973515],[-46.7683491,-22.2860545],[-46.7622739,-22.2927274],[-46.7531009,-22.2936988],[-46.7502952,-22.2997663],[-46.7479794,-22.2963313],[-46.7351598,-22.2924393],[-46.7244832,-22.2988677],[-46.7270347,-22.3054363],[-46.7232603,-22.3066238],[-46.7179524,-22.3169443],[-46.7109826,-22.3127875],[-46.7108182,-22.3193256],[-46.7011993,-22.321493],[-46.6980615,-22.3266589],[-46.6989492,-22.3323137],[-46.6952421,-22.335239],[-46.6976197,-22.3432123],[-46.693559,-22.3430295],[-46.6945953,-22.3485509],[-46.6907265,-22.3467623],[-46.6876144,-22.3494114],[-46.6870333,-22.3573014],[-46.6827863,-22.3574924],[-46.6759073,-22.3692894],[-46.6609235,-22.366041],[-46.6663078,-22.3809903],[-46.6634201,-22.3915431],[-46.6680474,-22.4063822],[-46.6665163,-22.4151098],[-46.6507566,-22.423466],[-46.6470315,-22.4288386],[-46.6403708,-22.4253133],[-46.6316074,-22.4358357],[-46.6163028,-22.4386342],[-46.6374525,-22.4604848],[-46.6425664,-22.4602614],[-46.6535738,-22.4714228],[-46.6647612,-22.4759977],[-46.6688027,-22.4735856],[-46.6763428,-22.4770146],[-46.6812498,-22.4739948],[-46.6928331,-22.4788121],[-46.6882586,-22.4899987],[-46.7105417,-22.4982224],[-46.7217359,-22.516033],[-46.7206202,-22.5283485],[-46.7329746,-22.5343338],[-46.7378251,-22.548364],[-46.7443532,-22.5504033],[-46.7462713,-22.5476132],[-46.7603189,-22.5469546],[-46.763222,-22.5446581],[-46.7615574,-22.5420632],[-46.7658966,-22.5418908],[-46.7709525,-22.5362081],[-46.7930033,-22.5383514],[-46.8018548,-22.5475609],[-46.80904,-22.5450345],[-46.8184734,-22.5528693],[-46.8200945,-22.5612426],[-46.8332804,-22.5793734],[-46.8546318,-22.5800124],[-46.8644301,-22.5861679],[-46.8726829,-22.5805966],[-46.8805512,-22.5835686],[-46.881098,-22.5792781],[-46.8756078,-22.574146],[-46.8716658,-22.5476409],[-46.8804359,-22.5457961],[-46.8876191,-22.5463743],[-46.897237,-22.5612611],[-46.9103296,-22.5725012],[-46.9195384,-22.5760861],[-46.9219393,-22.5750389],[-46.9209842,-22.5691221],[-46.9281042,-22.5627729],[-46.9387996,-22.5634226],[-46.9460263,-22.5713565],[-46.9522228,-22.5723364],[-46.9545434,-22.562197],[-46.9631722,-22.5513637],[-46.9673644,-22.5524785],[-46.9854178,-22.5441667],[-46.9921646,-22.5474224]]]}},{"type":"Feature","id":"35142","properties":{"cd_regiao_saude":"35142","nm_regiao_saude":"MANTIQUEIRA","cd_macrorregiao_saude":"3528","nm_macrorregiao_saude":"RRAS15","qt_municipio":8,"qt_populacao_ibge_2022":268362},"geometry":{"type":"Polygon","coordinates":[[[-46.7511345,-22.2990206],[-46.7531009,-22.2936988],[-46.7622739,-22.2927274],[-46.7683491,-22.2860545],[-46.7854384,-22.2973515],[-46.7912576,-22.2973212],[-46.7972634,-22.2799742],[-46.8189848,-22.2772235],[-46.8169988,-22.2731832],[-46.8238896,-22.2666287],[-46.8445032,-22.2650495],[-46.8507206,-22.2598731],[-46.8610296,-22.2600075],[-46.8640809,-22.2559935],[-46.8674192,-22.2591953],[-46.8747593,-22.2531466],[-46.8999949,-22.2457451],[-46.8958804,-22.1949058],[-46.899946,-22.1756873],[-46.8837077,-22.1671833],[-46.8820239,-22.1500385],[-46.8656743,-22.1334337],[-46.8666015,-22.1198817],[-46.8740458,-22.1126052],[-46.8780502,-22.1208383],[-46.8869433,-22.1234859],[-46.8932897,-22.130059],[-46.9007387,-22.1278865],[-46.921949,-22.1309202],[-46.9370493,-22.1464087],[-46.9470919,-22.1474655],[-46.9604583,-22.1437119],[-46.9725405,-22.1352],[-46.9790502,-22.1263436],[-46.9957065,-22.127319],[-47.0216412,-22.1134418],[-47.0389741,-22.1174497],[-47.0462059,-22.1156423],[-47.056544,-22.101825],[-47.0887536,-22.0848695],[-47.0919325,-22.0759906],[-47.100942,-22.0666276],[-47.1094169,-22.0755804],[-47.129266,-22.085961],[-47.1396046,-22.1124942],[-47.1507743,-22.1076496],[-47.1665169,-22.0929646],[-47.1733209,-22.0954073],[-47.1817694,-22.0924615],[-47.1974889,-22.0987169],[-47.2127173,-22.0875776],[-47.2200176,-22.077843],[-47.218501,-22.0637938],[-47.2230517,-22.0641906],[-47.222354,-22.0611212],[-47.232459,-22.0620377],[-47.2307557,-22.0588011],[-47.2339529,-22.0564076],[-47.2206341,-22.0400064],[-47.2123175,-22.0354102],[-47.2023847,-22.0346456],[-47.2008806,-22.0312958],[-47.2031059,-22.0294523],[-47.2021362,-22.0200119],[-47.2095425,-22.0154491],[-47.2122997,-22.0070383],[-47.2119503,-21.9865473],[-47.2154947,-21.9764839],[-47.2198121,-21.9776695],[-47.2237695,-21.9728092],[-47.2312731,-21.9731889],[-47.2416578,-21.9666452],[-47.2484002,-21.968437],[-47.2514493,-21.9651848],[-47.258714,-21.9758926],[-47.2642533,-21.9690109],[-47.2801703,-21.9695248],[-47.2917642,-21.9782711],[-47.2900146,-21.981621],[-47.2964218,-21.9791424],[-47.2986799,-21.9704876],[-47.2900158,-21.9581416],[-47.2702607,-21.9546149],[-47.2665697,-21.9481221],[-47.2743458,-21.9394034],[-47.2753638,-21.9307094],[-47.2822598,-21.9204624],[-47.2786379,-21.914884],[-47.2827493,-21.9083644],[-47.277927,-21.8788486],[-47.2856866,-21.8674336],[-47.3092579,-21.8730872],[-47.3240661,-21.86068],[-47.3245419,-21.8512541],[-47.3320042,-21.8424948],[-47.3430735,-21.8398669],[-47.3390017,-21.8364214],[-47.3382286,-21.8289186],[-47.3355256,-21.8287696],[-47.3348819,-21.8234621],[-47.3378367,-21.8215444],[-47.3351106,-21.8142571],[-47.3468981,-21.8065311],[-47.3322516,-21.7842584],[-47.3342805,-21.7762264],[-47.3209997,-21.7769677],[-47.3124366,-21.7736398],[-47.2954074,-21.7621092],[-47.2932941,-21.7573556],[-47.2938105,-21.7504346],[-47.3036808,-21.7373111],[-47.3110205,-21.7371479],[-47.3303403,-21.7265827],[-47.3236711,-21.7197084],[-47.3233909,-21.7150052],[-47.337498,-21.6869864],[-47.3376193,-21.6692323],[-47.3365847,-21.6669866],[-47.3268131,-21.6686891],[-47.3220514,-21.6503196],[-47.3288141,-21.64454],[-47.3421613,-21.6422103],[-47.3513981,-21.6475911],[-47.3578645,-21.6428435],[-47.3724105,-21.6498445],[-47.3806019,-21.6498117],[-47.3828874,-21.6393627],[-47.3998858,-21.6211144],[-47.3992252,-21.6137409],[-47.3818819,-21.5994799],[-47.3642764,-21.5936931],[-47.3651215,-21.5889958],[-47.358375,-21.5795227],[-47.3570924,-21.5700048],[-47.350315,-21.5644569],[-47.3457938,-21.5621718],[-47.3316255,-21.564265],[-47.3274809,-21.5593846],[-47.3159471,-21.5584918],[-47.3075038,-21.5512254],[-47.2909207,-21.5535998],[-47.2852509,-21.5483424],[-47.2763683,-21.5256697],[-47.2822922,-21.5156152],[-47.2745998,-21.487644],[-47.2787183,-21.4684323],[-47.2716219,-21.457502],[-47.2638029,-21.4550298],[-47.2641954,-21.4513164],[-47.2424161,-21.442226],[-47.240963,-21.4516104],[-47.2461867,-21.4565241],[-47.2473922,-21.4680165],[-47.2398032,-21.4670395],[-47.2353525,-21.4703621],[-47.2218324,-21.459225],[-47.2137862,-21.4638343],[-47.2056332,-21.4638403],[-47.2131551,-21.4765875],[-47.2087508,-21.4868727],[-47.1987954,-21.4909086],[-47.1776285,-21.4829186],[-47.1659669,-21.4843334],[-47.1455788,-21.5002659],[-47.130703,-21.4939885],[-47.1236877,-21.5018957],[-47.1222657,-21.511178],[-47.1307467,-21.5243984],[-47.1171818,-21.52795],[-47.1045119,-21.526528],[-47.1025741,-21.5391467],[-47.0899053,-21.5402028],[-47.0832793,-21.5486499],[-47.0891241,-21.5650448],[-47.0959546,-21.5637911],[-47.0978989,-21.5688337],[-47.100385,-21.5684608],[-47.0978394,-21.5780268],[-47.1056626,-21.5783499],[-47.1139272,-21.5876727],[-47.1240181,-21.5923045],[-47.1246127,-21.6034636],[-47.120077,-21.6137578],[-47.1235677,-21.6236327],[-47.1306864,-21.625405],[-47.1378046,-21.6213615],[-47.1455251,-21.6265323],[-47.1474451,-21.6229634],[-47.1492069,-21.6300622],[-47.1580944,-21.6295511],[-47.1574677,-21.6369304],[-47.163695,-21.6438545],[-47.1617307,-21.658187],[-47.1649727,-21.6660626],[-47.1771257,-21.6733791],[-47.1861451,-21.6882724],[-47.1862955,-21.6943631],[-47.1974443,-21.6988345],[-47.2078326,-21.7169273],[-47.2244389,-21.7311057],[-47.2314867,-21.7332784],[-47.2410777,-21.7500433],[-47.2398657,-21.7582438],[-47.2112622,-21.7561329],[-47.2071184,-21.7717946],[-47.1947488,-21.7836378],[-47.1984052,-21.7921993],[-47.1937004,-21.7937623],[-47.1912313,-21.7884768],[-47.186036,-21.7914409],[-47.1853769,-21.7975524],[-47.1896354,-21.8004404],[-47.1903899,-21.8067285],[-47.1854714,-21.8474789],[-47.1937074,-21.8589891],[-47.1878517,-21.8669302],[-47.187541,-21.8766364],[-47.1894918,-21.892797],[-47.1980286,-21.8941741],[-47.1950165,-21.8984521],[-47.1984595,-21.9076497],[-47.1946326,-21.9144979],[-47.1899276,-21.9156476],[-47.188221,-21.9190248],[-47.1905796,-21.9207365],[-47.1780751,-21.9317434],[-47.172698,-21.9306445],[-47.1602731,-21.9467758],[-47.1598092,-21.9528589],[-47.1622685,-21.9568349],[-47.1828328,-21.9564621],[-47.1954891,-21.9737349],[-47.1703697,-21.9772213],[-47.1633588,-21.9881717],[-47.1589716,-21.9833026],[-47.1561575,-21.9853826],[-47.1514124,-21.9823772],[-47.1457942,-21.9880081],[-47.138988,-21.9811208],[-47.1303114,-21.9830005],[-47.1301033,-21.9801673],[-47.1231373,-21.9794872],[-47.1203661,-21.9817903],[-47.1220273,-21.9784285],[-47.1162111,-21.9732223],[-47.1138042,-21.9818706],[-47.1067768,-21.975761],[-47.0987065,-21.9798429],[-47.0995537,-21.982834],[-47.0955851,-21.9855339],[-47.0912075,-21.9799793],[-47.0834378,-21.9881021],[-47.0796683,-21.9846569],[-47.0694364,-21.9850145],[-47.0661982,-21.9932689],[-47.0570866,-21.9870951],[-47.0424159,-21.9928911],[-47.0371544,-21.9906148],[-47.0376926,-21.9984176],[-47.0327454,-21.9975548],[-47.0353434,-22.0006576],[-47.0308897,-22.0017073],[-47.0329261,-22.0075586],[-47.0306898,-22.0106719],[-47.0121887,-22.0075668],[-47.0082652,-21.9934003],[-47.0123646,-21.9923182],[-47.0068383,-21.9822384],[-47.0100663,-21.9808741],[-47.0089018,-21.977336],[-46.9843084,-21.9721358],[-46.9821562,-21.9676877],[-46.987494,-21.9638512],[-46.9952546,-21.9498123],[-46.9958315,-21.9399804],[-46.9995416,-21.9366551],[-47.0042102,-21.9192534],[-47.0003716,-21.9151289],[-47.0024412,-21.9078625],[-46.9942574,-21.8960567],[-46.994167,-21.8777506],[-46.9864729,-21.8762224],[-46.9822784,-21.8696307],[-46.988194,-21.8475423],[-46.978067,-21.8457397],[-46.9606688,-21.8346086],[-46.9626861,-21.8205972],[-46.9606893,-21.8150957],[-46.9485298,-21.8202248],[-46.9237407,-21.8147776],[-46.9212532,-21.8080991],[-46.9077481,-21.8004425],[-46.8954721,-21.7851186],[-46.8835518,-21.7824742],[-46.8791391,-21.7868727],[-46.8672382,-21.7793668],[-46.8546166,-21.7798407],[-46.855116,-21.7755463],[-46.8467899,-21.7725142],[-46.8430463,-21.7586846],[-46.8334947,-21.7601998],[-46.82856,-21.7539133],[-46.8164588,-21.7607999],[-46.8193302,-21.7626829],[-46.8206104,-21.7715707],[-46.8159223,-21.7806489],[-46.8037917,-21.7862611],[-46.8045796,-21.7923995],[-46.7932813,-21.8042416],[-46.7883631,-21.8053195],[-46.7791892,-21.8156639],[-46.7703738,-21.8185921],[-46.7700573,-21.8262976],[-46.750515,-21.8341713],[-46.7369621,-21.8241308],[-46.7361778,-21.818501],[-46.7264855,-21.8189963],[-46.7085471,-21.8288474],[-46.7042461,-21.8409352],[-46.6907145,-21.8376349],[-46.6765302,-21.8506255],[-46.665091,-21.849051],[-46.655784,-21.870473],[-46.6575633,-21.8774525],[-46.6475365,-21.8804608],[-46.6531678,-21.8960126],[-46.6636491,-21.8980896],[-46.6731664,-21.908089],[-46.6737785,-21.9110527],[-46.665,-21.9206921],[-46.6679753,-21.9305782],[-46.6620991,-21.9379065],[-46.6536443,-21.9417049],[-46.6514138,-21.9614529],[-46.6433949,-21.9761066],[-46.6374651,-21.9808033],[-46.6309992,-21.9811766],[-46.6228299,-21.9945891],[-46.6146688,-21.9969712],[-46.6132624,-22.0149627],[-46.6178265,-22.0175315],[-46.6403429,-22.0088843],[-46.6491764,-22.0092862],[-46.6622025,-22.0236961],[-46.6755749,-22.0223747],[-46.6835705,-22.0300431],[-46.685389,-22.0374221],[-46.6763613,-22.0554395],[-46.6577457,-22.0604757],[-46.664786,-22.0688631],[-46.6839542,-22.0738657],[-46.6963989,-22.0729234],[-46.7061177,-22.0789721],[-46.709592,-22.07475],[-46.7161947,-22.0735501],[-46.723443,-22.0768211],[-46.7188373,-22.0886791],[-46.7008141,-22.0951969],[-46.6935,-22.0900778],[-46.6879471,-22.0935767],[-46.6802865,-22.0910723],[-46.6709261,-22.0973414],[-46.646755,-22.0918932],[-46.6343404,-22.1076658],[-46.6227309,-22.1099309],[-46.6161159,-22.1306547],[-46.6035938,-22.1321974],[-46.59853,-22.1363895],[-46.6071718,-22.1416855],[-46.6130415,-22.1502525],[-46.6278881,-22.1564292],[-46.6349678,-22.154483],[-46.6404581,-22.1577196],[-46.6403396,-22.1659045],[-46.6462923,-22.1813219],[-46.6507987,-22.1775343],[-46.663134,-22.1804011],[-46.6690093,-22.1747375],[-46.6743016,-22.1763045],[-46.6708008,-22.1842606],[-46.679666,-22.2083533],[-46.6781678,-22.2240419],[-46.6931416,-22.2376315],[-46.6886254,-22.2487684],[-46.6940399,-22.2466669],[-46.7108918,-22.2639473],[-46.7106162,-22.26993],[-46.7023373,-22.2778791],[-46.7105161,-22.2849951],[-46.7086469,-22.2937915],[-46.7052841,-22.295824],[-46.7125736,-22.3045103],[-46.717397,-22.3073015],[-46.7268217,-22.3056468],[-46.7237937,-22.2998884],[-46.7346318,-22.2925038],[-46.7511345,-22.2990206]]]}},{"type":"Feature","id":"35143","properties":{"cd_regiao_saude":"35143","nm_regiao_saude":"RIO PARDO","cd_macrorregiao_saude":"3528","nm_macrorregiao_saude":"RRAS15","qt_municipio":8,"qt_populacao_ibge_2022":206531},"geometry":{"type":"Polygon","coordinates":[[[-47.0694364,-21.9850145],[-47.0834378,-21.9881021],[-47.0912075,-21.9799793],[-47.0955851,-21.9855339],[-47.0995537,-21.982834],[-47.0987065,-21.9798429],[-47.1067768,-21.975761],[-47.1138042,-21.9818706],[-47.1166564,-21.973214],[-47.1220273,-21.9784285],[-47.1203661,-21.9817903],[-47.1231373,-21.9794872],[-47.1301033,-21.9801673],[-47.1303114,-21.9830005],[-47.138988,-21.9811208],[-47.1457942,-21.9880081],[-47.1514124,-21.9823772],[-47.1561575,-21.9853826],[-47.1589716,-21.9833026],[-47.1642591,-21.9880743],[-47.1657547,-21.9807607],[-47.1703697,-21.9772213],[-47.1954891,-21.9737349],[-47.1828328,-21.9564621],[-47.1622685,-21.9568349],[-47.1598092,-21.9528589],[-47.1602731,-21.9467758],[-47.172698,-21.9306445],[-47.1780751,-21.9317434],[-47.1905796,-21.9207365],[-47.188221,-21.9190248],[-47.1899276,-21.9156476],[-47.1946326,-21.9144979],[-47.1984595,-21.9076497],[-47.1950165,-21.8984521],[-47.1980286,-21.8941741],[-47.1894918,-21.892797],[-47.187541,-21.8766364],[-47.1878517,-21.8669302],[-47.1937074,-21.8589891],[-47.1854714,-21.8474789],[-47.1903899,-21.8067285],[-47.1896354,-21.8004404],[-47.1853769,-21.7975524],[-47.186036,-21.7914409],[-47.1912313,-21.7884768],[-47.1937004,-21.7937623],[-47.1984052,-21.7921993],[-47.1947488,-21.7836378],[-47.2071184,-21.7717946],[-47.2112622,-21.7561329],[-47.2386126,-21.7584274],[-47.2413593,-21.7553958],[-47.2406806,-21.7487557],[-47.2314867,-21.7332784],[-47.2244389,-21.7311057],[-47.2078326,-21.7169273],[-47.1974443,-21.6988345],[-47.1862955,-21.6943631],[-47.1861451,-21.6882724],[-47.1771257,-21.6733791],[-47.1649727,-21.6660626],[-47.1617307,-21.658187],[-47.163695,-21.6438545],[-47.1574677,-21.6369304],[-47.1580944,-21.6295511],[-47.1492069,-21.6300622],[-47.1474451,-21.6229634],[-47.1455251,-21.6265323],[-47.1378046,-21.6213615],[-47.1306864,-21.625405],[-47.1235677,-21.6236327],[-47.120077,-21.6137578],[-47.1246127,-21.6034636],[-47.1240181,-21.5923045],[-47.1139272,-21.5876727],[-47.1056626,-21.5783499],[-47.0978394,-21.5780268],[-47.100385,-21.5684608],[-47.0978989,-21.5688337],[-47.0959546,-21.5637911],[-47.0891241,-21.5650448],[-47.0832528,-21.5494097],[-47.0899053,-21.5402028],[-47.1025741,-21.5391467],[-47.1045119,-21.526528],[-47.1171818,-21.52795],[-47.1307467,-21.5243984],[-47.1222657,-21.511178],[-47.1236877,-21.5018957],[-47.130703,-21.4939885],[-47.1455788,-21.5002659],[-47.1659669,-21.4843334],[-47.1776285,-21.4829186],[-47.1987954,-21.4909086],[-47.2087508,-21.4868727],[-47.2131551,-21.4765875],[-47.2056332,-21.4638403],[-47.2137862,-21.4638343],[-47.2213404,-21.4592555],[-47.2353525,-21.4703621],[-47.2392624,-21.4671624],[-47.2478002,-21.4674839],[-47.2461867,-21.4565241],[-47.240963,-21.4516104],[-47.2413211,-21.4433115],[-47.237568,-21.4435174],[-47.2328309,-21.4369493],[-47.2313361,-21.4220885],[-47.2260565,-21.4207666],[-47.224276,-21.4278742],[-47.2188544,-21.4291296],[-47.213701,-21.4236927],[-47.2172777,-21.4207872],[-47.2148755,-21.4153803],[-47.2080815,-21.4143285],[-47.2061625,-21.4087128],[-47.2096837,-21.4018149],[-47.2061813,-21.3981382],[-47.2046167,-21.3849913],[-47.1870203,-21.3587776],[-47.1872661,-21.3531524],[-47.1918566,-21.3480149],[-47.1807341,-21.3392564],[-47.1708576,-21.3134882],[-47.1449153,-21.2943882],[-47.1467275,-21.3054329],[-47.1275857,-21.3288151],[-47.1188913,-21.3195048],[-47.1076666,-21.3158253],[-47.0897286,-21.297409],[-47.094716,-21.2862422],[-47.0838918,-21.2880006],[-47.0771076,-21.2849063],[-47.0654749,-21.2693552],[-47.057488,-21.2645458],[-47.0434322,-21.2677279],[-47.0395333,-21.2809447],[-47.0423696,-21.2899549],[-47.029773,-21.2995557],[-47.0351811,-21.3110227],[-47.0305445,-21.3117318],[-47.0209882,-21.3216308],[-47.0237595,-21.3285134],[-47.016527,-21.3423629],[-46.9972685,-21.3512264],[-46.9968389,-21.3576981],[-47.0012707,-21.3595156],[-46.99895,-21.3618311],[-47.0059584,-21.3650542],[-47.0095357,-21.3707497],[-47.0045823,-21.3835687],[-47.0087321,-21.3928846],[-47.016168,-21.3965034],[-47.0096194,-21.4064603],[-47.0107924,-21.4099743],[-47.0077141,-21.410673],[-47.0128415,-21.4163495],[-47.0115079,-21.4222728],[-46.999674,-21.4209957],[-46.9927293,-21.4253005],[-46.9868713,-21.4216401],[-46.9843674,-21.4266951],[-46.9765946,-21.4233031],[-46.9743464,-21.4178499],[-46.9704253,-21.4222923],[-46.9647087,-21.4181135],[-46.9566623,-21.4247444],[-46.9490903,-21.4195859],[-46.9342496,-21.4252539],[-46.9254535,-21.4226378],[-46.920776,-21.4271313],[-46.916924,-21.4208651],[-46.9083146,-21.4211784],[-46.9002917,-21.4131927],[-46.8933056,-21.4156141],[-46.8826741,-21.4049495],[-46.868125,-21.4037234],[-46.8653435,-21.3955693],[-46.8582549,-21.3940428],[-46.8557878,-21.3897231],[-46.842084,-21.3891083],[-46.8410293,-21.3851915],[-46.835237,-21.3825185],[-46.8360715,-21.3707275],[-46.8321491,-21.3665382],[-46.8173094,-21.3664386],[-46.7917613,-21.373683],[-46.7862018,-21.3689319],[-46.7812878,-21.3707566],[-46.776398,-21.3628248],[-46.7647051,-21.3600636],[-46.7588384,-21.3629046],[-46.7621369,-21.3749687],[-46.7586845,-21.3787884],[-46.7343698,-21.3941698],[-46.7179809,-21.3907018],[-46.7059624,-21.4048439],[-46.693892,-21.3905587],[-46.6922065,-21.382747],[-46.6840165,-21.376372],[-46.6739209,-21.3744918],[-46.6655312,-21.3611582],[-46.6471993,-21.3641931],[-46.6449226,-21.3723968],[-46.6483084,-21.3758271],[-46.6487303,-21.3917213],[-46.6388172,-21.4020096],[-46.6373422,-21.4106896],[-46.6265671,-21.4114874],[-46.6184602,-21.4212002],[-46.6206696,-21.4259971],[-46.6156224,-21.428838],[-46.6200222,-21.4354238],[-46.6152568,-21.4414682],[-46.6018899,-21.4439608],[-46.5765137,-21.4269572],[-46.5703961,-21.4367686],[-46.5602225,-21.44233],[-46.5459288,-21.4403323],[-46.5357798,-21.4491422],[-46.5284936,-21.4449939],[-46.5202007,-21.4476417],[-46.5195598,-21.4620184],[-46.5092521,-21.4698989],[-46.5122329,-21.4771766],[-46.50889,-21.4891271],[-46.5192505,-21.5008897],[-46.5161021,-21.5113412],[-46.5240292,-21.5212984],[-46.5229777,-21.5299379],[-46.5200641,-21.5350407],[-46.5111058,-21.5358783],[-46.5000487,-21.554532],[-46.5040153,-21.562819],[-46.5118411,-21.5653791],[-46.5121702,-21.572162],[-46.5219942,-21.5845087],[-46.5184359,-21.593055],[-46.5244289,-21.6009587],[-46.5159764,-21.6059925],[-46.518228,-21.6128219],[-46.5342829,-21.621287],[-46.534868,-21.6286811],[-46.5473674,-21.6304338],[-46.5526155,-21.6370393],[-46.548269,-21.6498678],[-46.5659174,-21.6569384],[-46.5646313,-21.6786794],[-46.5777676,-21.6850578],[-46.5791364,-21.6825595],[-46.5930358,-21.6831783],[-46.6215947,-21.675543],[-46.6238833,-21.6927289],[-46.6286736,-21.6948176],[-46.6299281,-21.7026695],[-46.6224505,-21.7155387],[-46.6284763,-21.7296153],[-46.6255882,-21.7340954],[-46.6308415,-21.7408998],[-46.6274027,-21.7478871],[-46.6260303,-21.7662265],[-46.6281435,-21.7689368],[-46.6394469,-21.768472],[-46.6460393,-21.7760511],[-46.6539913,-21.7792464],[-46.6512016,-21.7894427],[-46.6907145,-21.8376349],[-46.7042461,-21.8409352],[-46.7085471,-21.8288474],[-46.7264855,-21.8189963],[-46.7361778,-21.818501],[-46.7369621,-21.8241308],[-46.750515,-21.8341713],[-46.7700573,-21.8262976],[-46.7703738,-21.8185921],[-46.7791892,-21.8156639],[-46.7883631,-21.8053195],[-46.7932813,-21.8042416],[-46.8045796,-21.7923995],[-46.8037917,-21.7862611],[-46.8159223,-21.7806489],[-46.8206104,-21.7715707],[-46.8193302,-21.7626829],[-46.8164588,-21.7607999],[-46.82856,-21.7539133],[-46.8334947,-21.7601998],[-46.842813,-21.7584913],[-46.8467899,-21.7725142],[-46.855116,-21.7755463],[-46.8546166,-21.7798407],[-46.8672382,-21.7793668],[-46.8791391,-21.7868727],[-46.8835518,-21.7824742],[-46.8950739,-21.7848897],[-46.9077481,-21.8004425],[-46.9212532,-21.8080991],[-46.9228822,-21.8143791],[-46.9485298,-21.8202248],[-46.9606893,-21.8150957],[-46.9626861,-21.8205972],[-46.9606688,-21.8346086],[-46.978067,-21.8457397],[-46.988194,-21.8475423],[-46.9822784,-21.8696307],[-46.9864729,-21.8762224],[-46.994167,-21.8777506],[-46.9942574,-21.8960567],[-47.0024412,-21.9078625],[-47.0003716,-21.9151289],[-47.0042102,-21.9192534],[-46.9995416,-21.9366551],[-46.9958315,-21.9399804],[-46.9952546,-21.9498123],[-46.987494,-21.9638512],[-46.9821562,-21.9676877],[-46.9843084,-21.9721358],[-47.0089018,-21.977336],[-47.0100663,-21.9808741],[-47.0068383,-21.9822384],[-47.0123646,-21.9923182],[-47.0082652,-21.9934003],[-47.0121887,-22.0075668],[-47.0310887,-22.0104058],[-47.0308897,-22.0017073],[-47.035309,-22.0008439],[-47.0330265,-21.9972406],[-47.0376926,-21.9984176],[-47.0353609,-21.9921794],[-47.0373903,-21.9905268],[-47.0424159,-21.9928911],[-47.0570866,-21.9870951],[-47.0661982,-21.9932689],[-47.0694364,-21.9850145]]]}},{"type":"Feature","id":"35151","properties":{"cd_regiao_saude":"35151","nm_regiao_saude":"CATANDUVA","cd_macrorregiao_saude":"3531","nm_macrorregiao_saude":"RRAS12","qt_municipio":19,"qt_populacao_ibge_2022":298381},"geometry":{"type":"Polygon","coordinates":[[[-49.0876223,-21.4667184],[-49.0958366,-21.4825548],[-49.1141409,-21.4987171],[-49.1184533,-21.5154724],[-49.1330823,-21.5163801],[-49.139283,-21.5256706],[-49.1493074,-21.5289358],[-49.1544912,-21.541224],[-49.1547551,-21.5543947],[-49.1636944,-21.5606996],[-49.1656661,-21.5704887],[-49.1765163,-21.5772097],[-49.1801263,-21.5911358],[-49.1874622,-21.595947],[-49.2014754,-21.5974954],[-49.2122184,-21.6048151],[-49.2184286,-21.6043058],[-49.2309799,-21.6208524],[-49.2404568,-21.6214961],[-49.2274006,-21.6595359],[-49.2132932,-21.6711444],[-49.218249,-21.6732849],[-49.2406865,-21.6704012],[-49.2714234,-21.6604441],[-49.2827183,-21.6501628],[-49.2912943,-21.6331144],[-49.3114927,-21.6171825],[-49.3209208,-21.5964303],[-49.327168,-21.5619821],[-49.3350308,-21.5500967],[-49.3487182,-21.5426352],[-49.3770339,-21.5348989],[-49.4054559,-21.543993],[-49.4179796,-21.5432996],[-49.4492447,-21.5211081],[-49.4844852,-21.5034626],[-49.5041383,-21.4839986],[-49.5259124,-21.4473449],[-49.5445564,-21.4311347],[-49.5486076,-21.4187703],[-49.5584651,-21.4158736],[-49.5674182,-21.4060458],[-49.5833811,-21.3794649],[-49.5923113,-21.374274],[-49.6030792,-21.3739231],[-49.6284218,-21.3544337],[-49.6073292,-21.3605899],[-49.5851768,-21.360661],[-49.5907397,-21.3527294],[-49.5877185,-21.3475973],[-49.5909523,-21.3473738],[-49.5903203,-21.3419411],[-49.582365,-21.3359948],[-49.5802095,-21.3294101],[-49.5843863,-21.314276],[-49.5798562,-21.3124811],[-49.5839215,-21.3043291],[-49.5750552,-21.3025567],[-49.5695719,-21.2946978],[-49.570335,-21.2896721],[-49.567578,-21.2888608],[-49.5726909,-21.2798417],[-49.5696982,-21.2787638],[-49.5711423,-21.2751952],[-49.5746279,-21.2748143],[-49.5716935,-21.2679326],[-49.5587941,-21.2701217],[-49.5597244,-21.2612931],[-49.5482376,-21.2625498],[-49.5476132,-21.2527171],[-49.5394821,-21.253621],[-49.5379779,-21.2416267],[-49.5327992,-21.2421216],[-49.5270723,-21.2364841],[-49.5294212,-21.2312745],[-49.5261351,-21.2291357],[-49.5282556,-21.2288656],[-49.5177106,-21.228054],[-49.5173216,-21.2234605],[-49.5122641,-21.2231507],[-49.5126158,-21.2185391],[-49.5070891,-21.216647],[-49.5050632,-21.2071945],[-49.4932755,-21.2076309],[-49.4911719,-21.2023448],[-49.486175,-21.2080455],[-49.4774588,-21.2017602],[-49.4703417,-21.2038948],[-49.4544854,-21.1875372],[-49.4601547,-21.1772826],[-49.4531653,-21.179083],[-49.4524783,-21.1828626],[-49.4431604,-21.1884467],[-49.4372391,-21.1879171],[-49.4353298,-21.1924983],[-49.4335842,-21.1862481],[-49.4282026,-21.1876719],[-49.4234738,-21.1824775],[-49.4073196,-21.1848761],[-49.4051823,-21.176457],[-49.39694,-21.1805266],[-49.3993875,-21.1742545],[-49.393814,-21.1711614],[-49.3917071,-21.173576],[-49.3871168,-21.171793],[-49.3836311,-21.1754566],[-49.3837295,-21.1682806],[-49.3877431,-21.1686002],[-49.3872781,-21.16176],[-49.3835468,-21.1562601],[-49.3803157,-21.1572572],[-49.3830441,-21.154861],[-49.3815646,-21.152164],[-49.3771586,-21.1569594],[-49.3733985,-21.1547728],[-49.3703581,-21.1581885],[-49.3659175,-21.1564319],[-49.366153,-21.1607388],[-49.361073,-21.1643111],[-49.3514728,-21.1606823],[-49.3494377,-21.1517789],[-49.341222,-21.153887],[-49.32686,-21.1285528],[-49.3011366,-21.1256268],[-49.2811778,-21.1332413],[-49.2643287,-21.1314156],[-49.254823,-21.1349214],[-49.2515632,-21.130325],[-49.24802,-21.1317727],[-49.2415733,-21.1265546],[-49.2269153,-21.1244894],[-49.2260626,-21.127714],[-49.2206104,-21.1294615],[-49.220493,-21.1334769],[-49.2150523,-21.1341966],[-49.2110931,-21.1391874],[-49.2087671,-21.1372165],[-49.1956369,-21.1419191],[-49.1896955,-21.1380962],[-49.1845354,-21.145606],[-49.1888302,-21.157243],[-49.185559,-21.1668683],[-49.1712913,-21.1811963],[-49.1533103,-21.1846936],[-49.1479841,-21.1668715],[-49.138673,-21.156346],[-49.134748,-21.1582504],[-49.1329207,-21.1559848],[-49.1324748,-21.1443341],[-49.1366446,-21.134791],[-49.1259448,-21.1397673],[-49.122463,-21.1328927],[-49.1265043,-21.1197792],[-49.1242972,-21.1068639],[-49.1182492,-21.101947],[-49.1172635,-21.0942974],[-49.1194959,-21.0814284],[-49.1312475,-21.0704585],[-49.1334856,-21.059216],[-49.1299274,-21.0526107],[-49.1314707,-21.0447461],[-49.1179006,-21.0387697],[-49.1106627,-21.0234278],[-49.1062814,-21.0224681],[-49.1290036,-21.0001164],[-49.1193931,-20.9932178],[-49.1306819,-20.9823177],[-49.1325248,-20.9678616],[-49.1253124,-20.9567987],[-49.1215374,-20.9577431],[-49.1059491,-20.9325056],[-49.1129131,-20.9171971],[-49.1065649,-20.9063078],[-49.1094763,-20.9034526],[-49.1052028,-20.8892519],[-49.0980036,-20.8836671],[-49.0927238,-20.8835224],[-49.0914792,-20.8769826],[-49.0952729,-20.8677405],[-49.1030895,-20.8656578],[-49.1036145,-20.862367],[-49.0917818,-20.8527939],[-49.0908362,-20.8376138],[-49.08308,-20.8337198],[-49.0789885,-20.8117718],[-49.0743888,-20.8112727],[-49.0643002,-20.8121067],[-49.0556428,-20.8180774],[-49.0543309,-20.8225738],[-49.0466757,-20.8255851],[-49.041663,-20.835495],[-49.0343749,-20.8374588],[-49.0161368,-20.8544244],[-49.008272,-20.855238],[-49.0004307,-20.8483469],[-48.9840723,-20.8484825],[-48.9560833,-20.868248],[-48.9506089,-20.8670973],[-48.9473372,-20.870824],[-48.9478811,-20.8779754],[-48.9424877,-20.8834568],[-48.9296197,-20.8817892],[-48.9255613,-20.8761542],[-48.9132234,-20.8832437],[-48.9094608,-20.8815687],[-48.9037932,-20.8870054],[-48.9071156,-20.8922894],[-48.8997784,-20.8955295],[-48.8969921,-20.902948],[-48.8866159,-20.9048902],[-48.8874501,-20.9105668],[-48.8830294,-20.9130157],[-48.8754512,-20.910013],[-48.8550048,-20.9135292],[-48.847895,-20.9108474],[-48.8411077,-20.9134077],[-48.8364939,-20.9182907],[-48.8374086,-20.9214537],[-48.8279804,-20.9254951],[-48.8236003,-20.9315814],[-48.8165788,-20.926304],[-48.802624,-20.9375769],[-48.7858755,-20.9338757],[-48.7674384,-20.9505344],[-48.7601195,-20.9450486],[-48.7528266,-20.9532267],[-48.7440241,-20.9556319],[-48.7469496,-20.9617798],[-48.7453295,-20.966219],[-48.7373301,-20.9631815],[-48.736899,-20.9709006],[-48.7279591,-20.9811462],[-48.720872,-20.9744807],[-48.7084799,-20.980997],[-48.7088371,-20.9910633],[-48.697713,-20.9942815],[-48.7014264,-21.0003001],[-48.6991777,-21.0056935],[-48.6938133,-21.0068975],[-48.6884228,-21.0030666],[-48.6870733,-21.0103906],[-48.6774359,-21.0118912],[-48.6694577,-21.0199583],[-48.6645479,-21.0189659],[-48.6594435,-21.0298383],[-48.6412833,-21.0338594],[-48.6380269,-21.0394683],[-48.6331259,-21.0345195],[-48.6298892,-21.0374542],[-48.6311202,-21.0419572],[-48.6148133,-21.0403677],[-48.6125471,-21.0504798],[-48.6002783,-21.0502023],[-48.5986714,-21.0569806],[-48.5897119,-21.0589524],[-48.5660747,-21.079025],[-48.5773541,-21.1008658],[-48.5717292,-21.11424],[-48.579401,-21.1220471],[-48.5902096,-21.1250901],[-48.597695,-21.1431171],[-48.6406809,-21.1390841],[-48.6668045,-21.1479113],[-48.6780149,-21.1465537],[-48.6971763,-21.1573097],[-48.7062946,-21.1583424],[-48.7098984,-21.1624807],[-48.7287478,-21.1648887],[-48.7288149,-21.1781192],[-48.7255816,-21.1798608],[-48.7243671,-21.1898095],[-48.7087095,-21.2023882],[-48.7056166,-21.2110471],[-48.7005585,-21.2132204],[-48.6962792,-21.2203969],[-48.6808043,-21.2201931],[-48.6681943,-21.228582],[-48.6505788,-21.2327352],[-48.6532051,-21.2398253],[-48.6408385,-21.2411808],[-48.6406413,-21.2481287],[-48.6313193,-21.2555109],[-48.629883,-21.2686498],[-48.619297,-21.2869331],[-48.633037,-21.303619],[-48.6399537,-21.3020207],[-48.6465706,-21.2953904],[-48.6525935,-21.2992452],[-48.6541233,-21.3160163],[-48.6626322,-21.3251392],[-48.6625145,-21.3340676],[-48.6697439,-21.3376534],[-48.6698089,-21.3536449],[-48.68296,-21.3755062],[-48.6847235,-21.3883368],[-48.690817,-21.3943301],[-48.7028542,-21.3929211],[-48.713666,-21.3975408],[-48.7211414,-21.4180607],[-48.7265868,-21.4203221],[-48.7329608,-21.4176186],[-48.7473567,-21.4238789],[-48.7534758,-21.4205062],[-48.7568576,-21.4240061],[-48.7748725,-21.42738],[-48.7909314,-21.4180082],[-48.7942132,-21.4087816],[-48.8046092,-21.4130785],[-48.8238967,-21.4079771],[-48.8360673,-21.3927607],[-48.8381764,-21.395534],[-48.8491882,-21.3904399],[-48.8527412,-21.3928493],[-48.8766187,-21.3934079],[-48.8919425,-21.3840762],[-48.9001653,-21.3705844],[-48.9483302,-21.3991662],[-48.94574,-21.4126159],[-48.9492886,-21.425989],[-48.9700415,-21.425148],[-48.9810953,-21.4160501],[-48.9865484,-21.4382734],[-48.9829612,-21.4553805],[-48.9932583,-21.4562635],[-49.0196104,-21.4824315],[-49.0384967,-21.4848072],[-49.0409596,-21.4915729],[-49.050805,-21.489542],[-49.0724786,-21.4768467],[-49.0821645,-21.4645337],[-49.0876223,-21.4667184]]]}},{"type":"Feature","id":"35152","properties":{"cd_regiao_saude":"35152","nm_regiao_saude":"SANTA FE DO SUL","cd_macrorregiao_saude":"3531","nm_macrorregiao_saude":"RRAS12","qt_municipio":6,"qt_populacao_ibge_2022":52794},"geometry":{"type":"Polygon","coordinates":[[[-50.9485764,-20.4070488],[-50.9567336,-20.4005856],[-50.9662068,-20.3982186],[-50.9732275,-20.4098323],[-50.9785177,-20.4113713],[-50.990837,-20.431723],[-50.993281,-20.430492],[-50.9986845,-20.41429],[-51.0155804,-20.4047325],[-51.02066,-20.3858572],[-51.0496304,-20.3634605],[-51.06392,-20.341769],[-51.078922,-20.328211],[-51.0826315,-20.3066394],[-51.094402,-20.285407],[-51.104648,-20.286392],[-51.1093896,-20.2800922],[-51.0691631,-20.2500495],[-51.0589327,-20.2351607],[-51.048812,-20.1985769],[-51.0215848,-20.1333489],[-51.0011911,-20.0963348],[-51.000475,-20.0853844],[-50.9691294,-20.0364452],[-50.9618953,-20.0319333],[-50.9531779,-20.033877],[-50.9470541,-20.0312523],[-50.9336598,-20.0149292],[-50.9119029,-20.003079],[-50.9081347,-19.9942574],[-50.8971994,-19.9901552],[-50.8728736,-19.9895966],[-50.8546914,-19.9719871],[-50.8440838,-19.9676477],[-50.8418586,-19.9725237],[-50.8283698,-19.9744108],[-50.8108628,-19.9855702],[-50.8084091,-19.9950247],[-50.8010871,-19.9989096],[-50.7973575,-20.0196827],[-50.7925561,-20.0282509],[-50.7880289,-20.0325734],[-50.7831623,-20.0322774],[-50.7672821,-20.0501486],[-50.7673665,-20.0593752],[-50.7623478,-20.0664074],[-50.7620475,-20.0809111],[-50.739436,-20.1145393],[-50.7390822,-20.1187766],[-50.7465167,-20.1282612],[-50.7442963,-20.1456232],[-50.7487117,-20.1568186],[-50.7595041,-20.1653146],[-50.7692158,-20.1635785],[-50.7797446,-20.1671806],[-50.792023,-20.1619011],[-50.79938,-20.1632808],[-50.8025246,-20.1732883],[-50.8115692,-20.1842169],[-50.8067794,-20.2100333],[-50.812633,-20.2154165],[-50.8228872,-20.2166865],[-50.8225026,-20.2374848],[-50.8280019,-20.250099],[-50.8336465,-20.2542435],[-50.8342687,-20.2618777],[-50.8412692,-20.2682884],[-50.8374697,-20.2828546],[-50.8489434,-20.291275],[-50.849329,-20.2958337],[-50.8590274,-20.3011397],[-50.8575899,-20.3143366],[-50.8463969,-20.3154276],[-50.8345758,-20.3238731],[-50.8324373,-20.3286197],[-50.8254337,-20.3322338],[-50.814742,-20.3523202],[-50.8243035,-20.3650938],[-50.8217187,-20.372046],[-50.8273867,-20.3797114],[-50.8480706,-20.3873099],[-50.8537406,-20.3864215],[-50.8518995,-20.4023449],[-50.8437038,-20.4146451],[-50.8595125,-20.4158462],[-50.8686193,-20.4220946],[-50.8817174,-20.4236466],[-50.8889729,-20.4307984],[-50.8893723,-20.4377159],[-50.9030881,-20.4411794],[-50.9181521,-20.4328253],[-50.9143548,-20.4179437],[-50.919751,-20.4176115],[-50.9258837,-20.4116591],[-50.9369684,-20.4109138],[-50.941389,-20.4055777],[-50.9485764,-20.4070488]]]}},{"type":"Feature","id":"35153","properties":{"cd_regiao_saude":"35153","nm_regiao_saude":"JALES","cd_macrorregiao_saude":"3531","nm_macrorregiao_saude":"RRAS12","qt_municipio":16,"qt_populacao_ibge_2022":102341},"geometry":{"type":"Polygon","coordinates":[[[-50.8143275,-20.5314409],[-50.8178804,-20.5348406],[-50.8412619,-20.5333452],[-50.8489762,-20.5484693],[-50.8548142,-20.5428718],[-50.8682717,-20.5453457],[-50.8774605,-20.5385143],[-50.8818879,-20.5430268],[-50.8784802,-20.5498535],[-50.8843034,-20.5492472],[-50.8843115,-20.5563679],[-50.8872226,-20.5588401],[-50.896414,-20.5575286],[-50.893468,-20.5442183],[-50.9025091,-20.5389104],[-50.9130004,-20.5408666],[-50.9170563,-20.550418],[-50.9214959,-20.5498096],[-50.9244468,-20.5452938],[-50.9315711,-20.5547583],[-50.9468025,-20.5510706],[-50.9537331,-20.5570921],[-50.9603133,-20.5571173],[-50.9662849,-20.549228],[-50.9681771,-20.5276967],[-50.964591,-20.5222736],[-50.9675816,-20.5205447],[-50.9691781,-20.5106671],[-50.9824193,-20.4961873],[-50.9801275,-20.4917515],[-50.9825714,-20.4831805],[-50.9790159,-20.4725429],[-50.9802193,-20.4585708],[-50.9861034,-20.4517709],[-50.9849932,-20.4446641],[-50.9905162,-20.4293949],[-50.9658413,-20.3980463],[-50.9567336,-20.4005856],[-50.9504982,-20.4069769],[-50.941389,-20.4055777],[-50.9369684,-20.4109138],[-50.9258837,-20.4116591],[-50.919751,-20.4176115],[-50.9143548,-20.4179437],[-50.9181521,-20.4328253],[-50.9030881,-20.4411794],[-50.8893723,-20.4377159],[-50.8889729,-20.4307984],[-50.8817174,-20.4236466],[-50.8686193,-20.4220946],[-50.8595125,-20.4158462],[-50.8437038,-20.4146451],[-50.8518995,-20.4023449],[-50.8537406,-20.3864215],[-50.8480706,-20.3873099],[-50.8273867,-20.3797114],[-50.8217187,-20.372046],[-50.8243035,-20.3650938],[-50.814742,-20.3523202],[-50.8254337,-20.3322338],[-50.8324373,-20.3286197],[-50.8345758,-20.3238731],[-50.8463969,-20.3154276],[-50.8575899,-20.3143366],[-50.8590274,-20.3011397],[-50.849329,-20.2958337],[-50.8489434,-20.291275],[-50.8374697,-20.2828546],[-50.8412692,-20.2682884],[-50.8342687,-20.2618777],[-50.8336465,-20.2542435],[-50.8280019,-20.250099],[-50.8225026,-20.2374848],[-50.8228872,-20.2166865],[-50.812633,-20.2154165],[-50.8067794,-20.2100333],[-50.8115692,-20.1842169],[-50.8025246,-20.1732883],[-50.79938,-20.1632808],[-50.792023,-20.1619011],[-50.7797446,-20.1671806],[-50.7692158,-20.1635785],[-50.7595041,-20.1653146],[-50.7487117,-20.1568186],[-50.7442963,-20.1456232],[-50.7465167,-20.1282612],[-50.7390822,-20.1187766],[-50.739436,-20.1145393],[-50.7620475,-20.0809111],[-50.7623478,-20.0664074],[-50.7673665,-20.0593752],[-50.7672821,-20.0501486],[-50.7831623,-20.0322774],[-50.7880289,-20.0325734],[-50.7925561,-20.0282509],[-50.7973575,-20.0196827],[-50.8010871,-19.9989096],[-50.8084091,-19.9950247],[-50.8108628,-19.9855702],[-50.8283698,-19.9744108],[-50.8418586,-19.9725237],[-50.8440838,-19.9676477],[-50.8173362,-19.9583332],[-50.7836015,-19.9372295],[-50.7354129,-19.930189],[-50.7089985,-19.9202217],[-50.6613241,-19.909002],[-50.6474082,-19.8953171],[-50.6361844,-19.8750633],[-50.6141776,-19.8610406],[-50.6104339,-19.8791847],[-50.6132994,-19.8840194],[-50.6045427,-19.8863762],[-50.5973685,-19.8999203],[-50.5918464,-19.9038166],[-50.5874112,-19.9201819],[-50.5763248,-19.9341433],[-50.5736444,-19.9505355],[-50.5594134,-19.9615798],[-50.5623825,-19.9643055],[-50.5517033,-19.9917618],[-50.5465609,-19.9874466],[-50.5437752,-19.9884884],[-50.5378616,-19.9937088],[-50.5366216,-20.0024551],[-50.5280936,-20.0041205],[-50.5229331,-20.0125093],[-50.5158905,-20.0159197],[-50.5201963,-20.0260988],[-50.5176562,-20.030181],[-50.5196706,-20.0345566],[-50.5147117,-20.0402303],[-50.5123953,-20.0537204],[-50.5183298,-20.0632984],[-50.5175863,-20.0788066],[-50.4996226,-20.1074407],[-50.4999499,-20.1134933],[-50.4916661,-20.1248701],[-50.4917813,-20.134061],[-50.483248,-20.1420578],[-50.4823628,-20.1520973],[-50.4674911,-20.1574185],[-50.4506609,-20.1588872],[-50.4598701,-20.1686196],[-50.457479,-20.1871945],[-50.4652455,-20.1857568],[-50.4666425,-20.1944943],[-50.4531861,-20.2061098],[-50.4510768,-20.2143752],[-50.4658097,-20.2369261],[-50.4581862,-20.2734347],[-50.4762612,-20.2871207],[-50.4808969,-20.3000742],[-50.4680202,-20.3153155],[-50.467931,-20.3270799],[-50.4649009,-20.331607],[-50.4716265,-20.3458278],[-50.4686597,-20.3904657],[-50.4562205,-20.3944042],[-50.4488911,-20.4030367],[-50.4420585,-20.4032158],[-50.4301786,-20.4123455],[-50.4400787,-20.4320981],[-50.440312,-20.4573423],[-50.4437357,-20.4590875],[-50.4415719,-20.4606981],[-50.4455227,-20.466431],[-50.4443731,-20.4722572],[-50.4481964,-20.4745611],[-50.4451847,-20.4826424],[-50.4492548,-20.4829657],[-50.4485334,-20.4862201],[-50.4675197,-20.4893295],[-50.4731364,-20.4944455],[-50.4804842,-20.495968],[-50.48431,-20.4927903],[-50.4919389,-20.4996661],[-50.492445,-20.4967508],[-50.496916,-20.4960913],[-50.5009047,-20.4998616],[-50.5053155,-20.4968191],[-50.5102923,-20.5023739],[-50.5188935,-20.5009212],[-50.5214044,-20.5068714],[-50.5276672,-20.5089573],[-50.5447684,-20.5036227],[-50.5491822,-20.5092558],[-50.5474202,-20.5198783],[-50.5548665,-20.5237593],[-50.5542862,-20.5285168],[-50.5733435,-20.5178406],[-50.5833507,-20.5187933],[-50.5860686,-20.5151301],[-50.5917283,-20.5227754],[-50.6006466,-20.5242853],[-50.6045899,-20.5213651],[-50.6027568,-20.5190582],[-50.6132706,-20.51925],[-50.6249217,-20.5080616],[-50.634077,-20.5151893],[-50.6371876,-20.5083432],[-50.6446167,-20.5065402],[-50.6480926,-20.5070657],[-50.6497662,-20.514598],[-50.6614156,-20.5194675],[-50.6613902,-20.5273871],[-50.665377,-20.5316552],[-50.6788256,-20.5276081],[-50.6821798,-20.5294251],[-50.6830912,-20.5245127],[-50.6891151,-20.5235468],[-50.6884712,-20.5333069],[-50.6910092,-20.5335662],[-50.6879507,-20.5352814],[-50.6918448,-20.5385118],[-50.6958283,-20.528871],[-50.7057002,-20.5344483],[-50.7127564,-20.5275023],[-50.724993,-20.5268534],[-50.7304492,-20.5311298],[-50.7293518,-20.5331372],[-50.7372526,-20.5360994],[-50.73853,-20.5447874],[-50.7543543,-20.5390411],[-50.7559481,-20.5484191],[-50.7648312,-20.5529835],[-50.7702804,-20.5523327],[-50.7693504,-20.5441677],[-50.7791421,-20.5454362],[-50.7880177,-20.5418612],[-50.7905759,-20.5458609],[-50.7995595,-20.5414564],[-50.8078346,-20.5467675],[-50.8103482,-20.542439],[-50.8064082,-20.5413317],[-50.8077152,-20.5353036],[-50.8143275,-20.5314409]]]}},{"type":"Feature","id":"35154","properties":{"cd_regiao_saude":"35154","nm_regiao_saude":"FERNANDOPOLIS","cd_macrorregiao_saude":"3531","nm_macrorregiao_saude":"RRAS12","qt_municipio":13,"qt_populacao_ibge_2022":121570},"geometry":{"type":"Polygon","coordinates":[[[-50.3810989,-20.5667473],[-50.4053844,-20.5663858],[-50.4140775,-20.5610359],[-50.4126601,-20.5561918],[-50.4156469,-20.550405],[-50.4228803,-20.548186],[-50.4321463,-20.5358543],[-50.436745,-20.5388518],[-50.4452057,-20.5383382],[-50.4500127,-20.5309191],[-50.4586503,-20.5330372],[-50.4509139,-20.5202196],[-50.4496098,-20.4834913],[-50.4451847,-20.4826424],[-50.4481964,-20.4745611],[-50.4443731,-20.4722572],[-50.4455227,-20.466431],[-50.4415719,-20.4606981],[-50.4437357,-20.4590875],[-50.440312,-20.4573423],[-50.4400787,-20.4320981],[-50.4301786,-20.4123455],[-50.4420585,-20.4032158],[-50.4488911,-20.4030367],[-50.4562205,-20.3944042],[-50.4686597,-20.3904657],[-50.4716265,-20.3458278],[-50.4649009,-20.331607],[-50.467931,-20.3270799],[-50.4680202,-20.3153155],[-50.4808969,-20.3000742],[-50.4762612,-20.2871207],[-50.4581862,-20.2734347],[-50.4658097,-20.2369261],[-50.4510768,-20.2143752],[-50.4531861,-20.2061098],[-50.4666425,-20.1944943],[-50.4652455,-20.1857568],[-50.457479,-20.1871945],[-50.4598701,-20.1686196],[-50.4506609,-20.1588872],[-50.4674911,-20.1574185],[-50.4823628,-20.1520973],[-50.483248,-20.1420578],[-50.4917813,-20.134061],[-50.4916661,-20.1248701],[-50.4999499,-20.1134933],[-50.4996226,-20.1074407],[-50.5175863,-20.0788066],[-50.5183298,-20.0632984],[-50.5123953,-20.0537204],[-50.5147117,-20.0402303],[-50.5196706,-20.0345566],[-50.5176562,-20.030181],[-50.5201963,-20.0260988],[-50.5158905,-20.0159197],[-50.5229331,-20.0125093],[-50.5280936,-20.0041205],[-50.5366216,-20.0024551],[-50.5378616,-19.9937088],[-50.5437752,-19.9884884],[-50.5465609,-19.9874466],[-50.5517033,-19.9917618],[-50.5623825,-19.9643055],[-50.5594134,-19.9615798],[-50.5736444,-19.9505355],[-50.5763248,-19.9341433],[-50.5874112,-19.9201819],[-50.5918464,-19.9038166],[-50.5973685,-19.8999203],[-50.6045427,-19.8863762],[-50.6134311,-19.8836204],[-50.6104339,-19.8791847],[-50.6141776,-19.8610406],[-50.6055452,-19.8560883],[-50.5779488,-19.8163744],[-50.5448736,-19.8101448],[-50.5172129,-19.7964081],[-50.4989703,-19.7957843],[-50.4861992,-19.7856507],[-50.4719182,-19.7796558],[-50.4171328,-19.8011365],[-50.3947501,-19.8206732],[-50.3729194,-19.8453657],[-50.3570726,-19.8545819],[-50.3527589,-19.8646024],[-50.3456612,-19.8675634],[-50.3064103,-19.874086],[-50.285631,-19.8678179],[-50.2451559,-19.8767577],[-50.2072349,-19.8663751],[-50.1959839,-19.8672423],[-50.1624139,-19.8783143],[-50.130412,-19.8736718],[-50.0972433,-19.875479],[-50.0795215,-19.885982],[-50.0441315,-19.9164225],[-50.0491787,-19.9395304],[-50.0558242,-19.9517429],[-50.0517715,-19.9641004],[-50.0550928,-19.9804599],[-50.0607226,-19.984627],[-50.0698644,-19.9853218],[-50.0736096,-19.9900031],[-50.0755117,-20.0072897],[-50.0857622,-20.0096314],[-50.0886723,-20.0139443],[-50.0977496,-20.0147285],[-50.0979752,-20.0180949],[-50.1051887,-20.0157016],[-50.1108985,-20.0200495],[-50.1110659,-20.0378079],[-50.0998367,-20.0380155],[-50.0905098,-20.0427721],[-50.0879286,-20.0505093],[-50.0892399,-20.0608995],[-50.0843716,-20.0672931],[-50.0752996,-20.0717025],[-50.0685487,-20.0678495],[-50.0630492,-20.0702601],[-50.0565784,-20.0627189],[-50.0455715,-20.060076],[-50.0418856,-20.0707936],[-50.0431602,-20.0765105],[-50.0283168,-20.0782248],[-50.0354105,-20.0843933],[-50.0341079,-20.091909],[-50.0405052,-20.1044877],[-50.0382075,-20.1103411],[-50.0280772,-20.1143821],[-50.0251162,-20.1194629],[-50.0283139,-20.1278668],[-50.0223656,-20.1376012],[-50.031261,-20.1562941],[-50.0282822,-20.1643754],[-50.031254,-20.1714517],[-50.0261991,-20.1781412],[-50.0322,-20.1887909],[-50.0291487,-20.1966917],[-50.0323697,-20.2029769],[-50.0383577,-20.2013944],[-50.0388253,-20.2063864],[-50.0456201,-20.205718],[-50.0454893,-20.2151263],[-50.055982,-20.2222116],[-50.0546699,-20.2297839],[-50.0598161,-20.2313744],[-50.0606091,-20.2359861],[-50.0652403,-20.2373452],[-50.0714362,-20.245492],[-50.0734482,-20.2532585],[-50.0697814,-20.2573308],[-50.0672292,-20.2752575],[-50.0747919,-20.2902281],[-50.0811499,-20.2949317],[-50.0777527,-20.3045198],[-50.0812825,-20.3083921],[-50.0801959,-20.3178911],[-50.0844531,-20.3278589],[-50.0815335,-20.3346506],[-50.0911479,-20.3729746],[-50.1044323,-20.3744359],[-50.1241241,-20.3855812],[-50.1383864,-20.3871466],[-50.1417857,-20.3843967],[-50.1385296,-20.4067944],[-50.1403535,-20.413979],[-50.1356894,-20.4235402],[-50.1490013,-20.4394963],[-50.1530821,-20.4531771],[-50.1660758,-20.4522836],[-50.1803516,-20.4615472],[-50.1843677,-20.4688427],[-50.1921625,-20.4702235],[-50.1944834,-20.4788146],[-50.2028744,-20.4813521],[-50.2134159,-20.4769265],[-50.2145804,-20.4813031],[-50.2198653,-20.4839439],[-50.2166423,-20.4862028],[-50.2251641,-20.4915845],[-50.2261912,-20.4955949],[-50.2305535,-20.4966962],[-50.2293333,-20.4940373],[-50.237504,-20.4921508],[-50.2410095,-20.487634],[-50.2463155,-20.4908662],[-50.2476287,-20.4757074],[-50.2580886,-20.4798532],[-50.2651354,-20.4710308],[-50.2696986,-20.4726347],[-50.2809402,-20.4668205],[-50.2851772,-20.4697839],[-50.2789034,-20.486074],[-50.2796437,-20.5050224],[-50.2729969,-20.5130369],[-50.2712741,-20.5209656],[-50.2777149,-20.5263585],[-50.2837258,-20.5486646],[-50.2769589,-20.5682998],[-50.2736511,-20.5690548],[-50.2753174,-20.5758496],[-50.2858821,-20.5860259],[-50.3091111,-20.5734726],[-50.3246402,-20.570597],[-50.3283004,-20.5642954],[-50.3429216,-20.570384],[-50.3485891,-20.5679987],[-50.3702682,-20.5704724],[-50.3810989,-20.5667473]]]}},{"type":"Feature","id":"35155","properties":{"cd_regiao_saude":"35155","nm_regiao_saude":"SAO JOSE DO RIO PRETO","cd_macrorregiao_saude":"3531","nm_macrorregiao_saude":"RRAS12","qt_municipio":20,"qt_populacao_ibge_2022":765491},"geometry":{"type":"Polygon","coordinates":[[[-49.4956045,-21.1388126],[-49.5034369,-21.1463985],[-49.5050246,-21.1620487],[-49.5136379,-21.1579637],[-49.542206,-21.1596546],[-49.5650446,-21.1539091],[-49.5688644,-21.1508755],[-49.5684193,-21.1445868],[-49.5749372,-21.1392221],[-49.5804954,-21.1370085],[-49.5955592,-21.1416744],[-49.618494,-21.1275573],[-49.6110956,-21.1199673],[-49.592867,-21.118924],[-49.58893,-21.1158172],[-49.5821964,-21.1181292],[-49.5759824,-21.1147517],[-49.5755367,-21.1026837],[-49.5690552,-21.0818363],[-49.5740051,-21.0737013],[-49.5627838,-21.064974],[-49.5622739,-21.0567663],[-49.567279,-21.0493421],[-49.563231,-21.0389338],[-49.5599837,-21.0386966],[-49.5588856,-21.0271572],[-49.5554855,-21.0221707],[-49.5477386,-21.0201893],[-49.5439409,-21.0145421],[-49.5377023,-21.0123423],[-49.5351075,-21.0081228],[-49.5374607,-21.0052317],[-49.534903,-21.0000762],[-49.5297592,-20.9989907],[-49.5295121,-20.9881134],[-49.5242663,-20.9848205],[-49.5245668,-20.9786542],[-49.52187,-20.9775605],[-49.5290918,-20.9701936],[-49.531804,-20.9618299],[-49.5378755,-20.9592405],[-49.539419,-20.9519116],[-49.5465478,-20.9468447],[-49.5517591,-20.933005],[-49.5657204,-20.9231536],[-49.5362393,-20.886285],[-49.5331538,-20.8757782],[-49.5382676,-20.8674836],[-49.5568495,-20.8660085],[-49.5574007,-20.8615223],[-49.5646073,-20.8590421],[-49.5837143,-20.869204],[-49.6016255,-20.8693515],[-49.6268479,-20.8799705],[-49.617209,-20.8930608],[-49.6257045,-20.9013143],[-49.624681,-20.9182685],[-49.6313454,-20.9471975],[-49.630266,-20.9620063],[-49.6349573,-20.971709],[-49.6400722,-20.9723741],[-49.6533292,-20.9946541],[-49.6546497,-20.9797646],[-49.6596379,-20.9691528],[-49.6680672,-20.9652037],[-49.6867771,-20.9701511],[-49.6959502,-20.9657277],[-49.7062405,-20.9724431],[-49.7207382,-20.9759697],[-49.7180317,-20.95941],[-49.7055256,-20.9506206],[-49.7264361,-20.9320796],[-49.7267612,-20.928875],[-49.7208331,-20.9145954],[-49.7107531,-20.9097509],[-49.7106081,-20.8929617],[-49.7012105,-20.8790655],[-49.7025156,-20.8679235],[-49.6991762,-20.8514847],[-49.703231,-20.8398608],[-49.7007081,-20.8337924],[-49.7025559,-20.8284957],[-49.6896578,-20.8287881],[-49.6840749,-20.8330994],[-49.6703958,-20.8223543],[-49.6590159,-20.8218302],[-49.6412352,-20.8123757],[-49.6322558,-20.8007325],[-49.6336837,-20.7975427],[-49.6479802,-20.7852678],[-49.6548342,-20.7744702],[-49.6611404,-20.7713545],[-49.655826,-20.7716186],[-49.6416634,-20.7611383],[-49.6259231,-20.7577369],[-49.6182623,-20.750558],[-49.6170232,-20.7439826],[-49.6205213,-20.7343994],[-49.6164681,-20.7241729],[-49.6093368,-20.7195757],[-49.6052274,-20.7074072],[-49.617399,-20.7093506],[-49.6250939,-20.7148659],[-49.6429081,-20.709142],[-49.6488195,-20.7026379],[-49.6490399,-20.6902519],[-49.6950152,-20.6541255],[-49.6945159,-20.6490621],[-49.7087528,-20.6367206],[-49.7136127,-20.6346488],[-49.7343508,-20.6368482],[-49.7462256,-20.6246255],[-49.7630672,-20.6243662],[-49.7709203,-20.6204125],[-49.7875733,-20.5943018],[-49.7919286,-20.5925121],[-49.8089308,-20.5997832],[-49.8152588,-20.5972791],[-49.8263719,-20.6045025],[-49.8276884,-20.6099202],[-49.8385558,-20.6143641],[-49.8631114,-20.6023367],[-49.864769,-20.5938522],[-49.8707377,-20.5907987],[-49.8555614,-20.5771837],[-49.8391124,-20.5740612],[-49.8364295,-20.5659576],[-49.8233339,-20.5502904],[-49.8040988,-20.5375351],[-49.8011931,-20.5316242],[-49.7903078,-20.528252],[-49.7737576,-20.5296459],[-49.7609325,-20.5269405],[-49.7504824,-20.5282285],[-49.7417666,-20.5349719],[-49.739717,-20.5087944],[-49.7215652,-20.5029476],[-49.7052433,-20.486819],[-49.6912495,-20.4410773],[-49.6810601,-20.4287802],[-49.6853706,-20.4145388],[-49.6800969,-20.4035728],[-49.6804052,-20.3925248],[-49.6731198,-20.3852864],[-49.6677556,-20.3672289],[-49.6549405,-20.354208],[-49.6376431,-20.3444703],[-49.6346479,-20.3354938],[-49.6201156,-20.3221873],[-49.6125566,-20.3215389],[-49.614423,-20.3159144],[-49.6191456,-20.3183644],[-49.6226334,-20.315175],[-49.6173572,-20.3047952],[-49.6233644,-20.3009613],[-49.6251516,-20.3067677],[-49.6302585,-20.3071359],[-49.6385646,-20.287226],[-49.6426116,-20.2881899],[-49.6389563,-20.2846925],[-49.638809,-20.279563],[-49.6417669,-20.2778005],[-49.6389816,-20.2748746],[-49.6435697,-20.2691429],[-49.6413866,-20.2634761],[-49.6482765,-20.2600103],[-49.6495062,-20.2540729],[-49.6463825,-20.2467335],[-49.6533874,-20.2440489],[-49.6575942,-20.2461308],[-49.6652864,-20.2363971],[-49.6665192,-20.2407199],[-49.6720459,-20.2418462],[-49.6810648,-20.2347879],[-49.6800238,-20.2315372],[-49.6867764,-20.2234652],[-49.6819236,-20.2236223],[-49.6781504,-20.2181166],[-49.6737934,-20.2215338],[-49.6700094,-20.2151922],[-49.6758254,-20.2092547],[-49.6745786,-20.2052875],[-49.6790479,-20.2062778],[-49.6813976,-20.2035465],[-49.6780713,-20.2030173],[-49.6796556,-20.1999348],[-49.6868524,-20.201978],[-49.6920434,-20.1932102],[-49.688515,-20.1847228],[-49.6818663,-20.186759],[-49.6757621,-20.1806107],[-49.6756402,-20.1755539],[-49.6671774,-20.1771753],[-49.6631399,-20.1715499],[-49.6579401,-20.1780478],[-49.6543839,-20.1704886],[-49.6514162,-20.1802384],[-49.6401479,-20.173811],[-49.634343,-20.1809976],[-49.6272468,-20.1793745],[-49.6169929,-20.1608973],[-49.6171569,-20.1483389],[-49.6052991,-20.1341307],[-49.599145,-20.1163657],[-49.5948022,-20.0872625],[-49.599104,-20.0774242],[-49.5939715,-20.0777147],[-49.5810196,-20.0878058],[-49.5750962,-20.0828434],[-49.5666029,-20.0861061],[-49.5589847,-20.0810612],[-49.5597953,-20.0764321],[-49.5512407,-20.0693484],[-49.5501764,-20.0231471],[-49.5574974,-20.0087192],[-49.5667257,-20.0010316],[-49.5795712,-19.971058],[-49.5830484,-19.9682186],[-49.5872499,-19.9700603],[-49.5921227,-19.9643464],[-49.5939072,-19.9482631],[-49.6132293,-19.919973],[-49.5799283,-19.9094412],[-49.5592035,-19.9112073],[-49.5514852,-19.905841],[-49.5140049,-19.9143115],[-49.5034528,-19.9199294],[-49.4927862,-19.9504212],[-49.458242,-19.975931],[-49.4445196,-19.9805118],[-49.3564865,-19.9867173],[-49.3366022,-19.9820846],[-49.311622,-19.9648182],[-49.2938958,-19.960214],[-49.2651731,-19.962038],[-49.249647,-19.9695542],[-49.2459595,-19.9784631],[-49.2483388,-19.999637],[-49.2625334,-20.0069262],[-49.2746302,-20.0036238],[-49.2839236,-20.0047717],[-49.296311,-20.0155738],[-49.2982158,-20.0334346],[-49.3072553,-20.0603193],[-49.3084553,-20.0775579],[-49.308538,-20.1038929],[-49.3002876,-20.1433435],[-49.2992464,-20.1670761],[-49.2642762,-20.231263],[-49.2590821,-20.248092],[-49.259156,-20.2602042],[-49.2286682,-20.3033574],[-49.2029996,-20.3046712],[-49.1955606,-20.3088008],[-49.1918788,-20.3076144],[-49.1835625,-20.3146598],[-49.1712797,-20.3117458],[-49.1703177,-20.306454],[-49.1340118,-20.2844681],[-49.1207187,-20.2705282],[-49.0936309,-20.2895556],[-49.090346,-20.3381512],[-49.0755167,-20.3560444],[-49.0798146,-20.3937205],[-49.0851962,-20.3992663],[-49.081414,-20.4084565],[-49.0889594,-20.4189813],[-49.0996057,-20.4160735],[-49.1110522,-20.4248452],[-49.1238195,-20.457858],[-49.1435951,-20.4686887],[-49.1396211,-20.4577297],[-49.1412853,-20.4553349],[-49.1527508,-20.4640196],[-49.165104,-20.4594558],[-49.1763233,-20.4743644],[-49.1810907,-20.4756935],[-49.205054,-20.4668251],[-49.2196068,-20.4718949],[-49.21176,-20.4776556],[-49.2138808,-20.4822043],[-49.2111655,-20.5026453],[-49.1888804,-20.5114581],[-49.202517,-20.5294726],[-49.2001451,-20.5357099],[-49.1682182,-20.5518128],[-49.1662632,-20.5548904],[-49.1683974,-20.5606008],[-49.1595462,-20.5721827],[-49.1615671,-20.5740435],[-49.150301,-20.5761151],[-49.1465889,-20.5821056],[-49.1361142,-20.582828],[-49.1335735,-20.5871021],[-49.1370012,-20.5936325],[-49.1249784,-20.5948495],[-49.119473,-20.6003081],[-49.1188716,-20.6044176],[-49.1244194,-20.6125814],[-49.1243166,-20.6231667],[-49.1160095,-20.6244565],[-49.1237932,-20.6315775],[-49.1249544,-20.6380795],[-49.1065712,-20.6516453],[-49.1300193,-20.6582417],[-49.1214414,-20.6668242],[-49.1296865,-20.6746685],[-49.1210766,-20.6835845],[-49.1242462,-20.6921289],[-49.121952,-20.7028929],[-49.1270973,-20.71056],[-49.1236096,-20.7134441],[-49.1263287,-20.7155675],[-49.1263923,-20.7267413],[-49.1217861,-20.7303306],[-49.1183337,-20.739841],[-49.1117925,-20.7372615],[-49.1081856,-20.7393769],[-49.1102604,-20.7428965],[-49.1060282,-20.7416064],[-49.1049348,-20.7456368],[-49.099213,-20.7477847],[-49.0952222,-20.7664526],[-49.1052536,-20.7796619],[-49.0913665,-20.7892684],[-49.0930758,-20.8112961],[-49.0782213,-20.8123417],[-49.08308,-20.8337198],[-49.0908362,-20.8376138],[-49.0917818,-20.8527939],[-49.1038988,-20.8634714],[-49.0953588,-20.8676412],[-49.0914792,-20.8769826],[-49.0927238,-20.8835224],[-49.0980036,-20.8836671],[-49.1052028,-20.8892519],[-49.1094763,-20.9034526],[-49.1065649,-20.9063078],[-49.1129131,-20.9171971],[-49.1059491,-20.9325056],[-49.1215374,-20.9577431],[-49.1253124,-20.9567987],[-49.1326029,-20.9682798],[-49.1306819,-20.9823177],[-49.1193931,-20.9932178],[-49.1290036,-21.0001164],[-49.1062695,-21.0220967],[-49.1106627,-21.0234278],[-49.1179006,-21.0387697],[-49.1314707,-21.0447461],[-49.1299274,-21.0526107],[-49.1334856,-21.059216],[-49.1312475,-21.0704585],[-49.1194959,-21.0814284],[-49.1172506,-21.0953076],[-49.1182492,-21.101947],[-49.1242972,-21.1068639],[-49.1265043,-21.1197792],[-49.1231293,-21.1363933],[-49.1267877,-21.1398212],[-49.1366446,-21.134791],[-49.1324748,-21.1443341],[-49.1333123,-21.15685],[-49.138673,-21.156346],[-49.1479841,-21.1668715],[-49.1533103,-21.1846936],[-49.1605082,-21.1843984],[-49.1724901,-21.1804765],[-49.185559,-21.1668683],[-49.1888302,-21.157243],[-49.1851699,-21.1525117],[-49.1877915,-21.1492512],[-49.1844618,-21.1465399],[-49.1865815,-21.14066],[-49.1912863,-21.1375098],[-49.1956369,-21.1419191],[-49.2087671,-21.1372165],[-49.2110931,-21.1391874],[-49.2150523,-21.1341966],[-49.220493,-21.1334769],[-49.2206104,-21.1294615],[-49.2260626,-21.127714],[-49.2269153,-21.1244894],[-49.2415733,-21.1265546],[-49.24802,-21.1317727],[-49.2515632,-21.130325],[-49.254823,-21.1349214],[-49.2643287,-21.1314156],[-49.2811778,-21.1332413],[-49.3011366,-21.1256268],[-49.3233952,-21.1276835],[-49.3273156,-21.1288545],[-49.3357588,-21.1411081],[-49.3349176,-21.1455421],[-49.3388794,-21.1462384],[-49.341222,-21.153887],[-49.3494377,-21.1517789],[-49.3514728,-21.1606823],[-49.361073,-21.1643111],[-49.366153,-21.1607388],[-49.3659175,-21.1564319],[-49.3703581,-21.1581885],[-49.3733985,-21.1547728],[-49.3771586,-21.1569594],[-49.3815646,-21.152164],[-49.3830441,-21.154861],[-49.3808528,-21.1557558],[-49.3803157,-21.1572572],[-49.3835468,-21.1562601],[-49.3872781,-21.16176],[-49.3877431,-21.1686002],[-49.3837295,-21.1682806],[-49.3836311,-21.1754566],[-49.3871168,-21.171793],[-49.3917071,-21.173576],[-49.393814,-21.1711614],[-49.3993875,-21.1742545],[-49.39694,-21.1805266],[-49.4051823,-21.176457],[-49.4073196,-21.1848761],[-49.4234738,-21.1824775],[-49.4282026,-21.1876719],[-49.4335842,-21.1862481],[-49.4331325,-21.1913737],[-49.4359417,-21.1925082],[-49.4372391,-21.1879171],[-49.4431604,-21.1884467],[-49.4524783,-21.1828626],[-49.4531653,-21.179083],[-49.4622418,-21.175912],[-49.4605735,-21.1598948],[-49.4844457,-21.1496421],[-49.4956045,-21.1388126]]]}},{"type":"Feature","id":"35156","properties":{"cd_regiao_saude":"35156","nm_regiao_saude":"JOSE BONIFACIO","cd_macrorregiao_saude":"3531","nm_macrorregiao_saude":"RRAS12","qt_municipio":11,"qt_populacao_ibge_2022":101427},"geometry":{"type":"Polygon","coordinates":[[[-49.9779859,-21.2297469],[-50.0011301,-21.2263074],[-50.0270279,-21.2107915],[-50.0605956,-21.215024],[-50.0706251,-21.2132963],[-50.0893443,-21.220393],[-50.1116351,-21.2102712],[-50.1337846,-21.191469],[-50.1393973,-21.1698553],[-50.1483,-21.1555833],[-50.1467745,-21.1433491],[-50.1513161,-21.1398861],[-50.1329919,-21.1294456],[-50.1223692,-21.1169273],[-50.1156101,-21.1174066],[-50.113112,-21.1077496],[-50.1034398,-21.1017431],[-50.1128443,-21.0940863],[-50.109234,-21.0874118],[-50.1074772,-21.0630001],[-50.0976364,-21.0571089],[-50.0899903,-21.0397474],[-50.0835627,-21.0390867],[-50.0837876,-21.0346838],[-50.0779351,-21.0323573],[-50.0813147,-21.0271398],[-50.0744694,-21.017472],[-50.0550375,-20.9973332],[-50.0438293,-20.9913107],[-50.0394456,-20.9810571],[-50.0273506,-20.9763339],[-50.0182908,-20.9772769],[-50.0165181,-20.9753134],[-50.0196164,-20.9692252],[-50.0160072,-20.9647684],[-50.0051013,-20.9658922],[-50.0070035,-20.9597185],[-50.002262,-20.9537394],[-49.9933798,-20.9497989],[-49.9831689,-20.933192],[-49.9751723,-20.9104314],[-49.9613164,-20.9095004],[-49.947131,-20.9004034],[-49.9430308,-20.8918247],[-49.9338255,-20.8898129],[-49.9232352,-20.8789569],[-49.9172198,-20.8780337],[-49.9177596,-20.8717917],[-49.9077738,-20.8621212],[-49.9062363,-20.8584417],[-49.9104281,-20.8425086],[-49.9084962,-20.8292322],[-49.9135374,-20.8150362],[-49.9024326,-20.7968244],[-49.9062237,-20.7756851],[-49.9034562,-20.7642076],[-49.9191484,-20.7463941],[-49.9276532,-20.7145736],[-49.9383993,-20.7113227],[-49.946846,-20.7042901],[-49.9481847,-20.6994145],[-49.9144354,-20.6989814],[-49.9090098,-20.7065382],[-49.9000432,-20.7099864],[-49.8977388,-20.6999629],[-49.8824543,-20.6867431],[-49.8749578,-20.6671235],[-49.8580118,-20.6536852],[-49.8401566,-20.644732],[-49.8285176,-20.6327948],[-49.8385558,-20.6143641],[-49.8276884,-20.6099202],[-49.8263719,-20.6045025],[-49.8152588,-20.5972791],[-49.8089308,-20.5997832],[-49.7915366,-20.5925927],[-49.7802404,-20.6030431],[-49.7732886,-20.6185828],[-49.7647958,-20.6237059],[-49.7462256,-20.6246255],[-49.7343508,-20.6368482],[-49.7136127,-20.6346488],[-49.7087528,-20.6367206],[-49.6945159,-20.6490621],[-49.6950152,-20.6541255],[-49.6490399,-20.6902519],[-49.6488195,-20.7026379],[-49.6429081,-20.709142],[-49.6250939,-20.7148659],[-49.617399,-20.7093506],[-49.6052274,-20.7074072],[-49.6093368,-20.7195757],[-49.6164681,-20.7241729],[-49.6205213,-20.7343994],[-49.6170232,-20.7439826],[-49.6182623,-20.750558],[-49.6259231,-20.7577369],[-49.6416634,-20.7611383],[-49.655826,-20.7716186],[-49.6611404,-20.7713545],[-49.6548342,-20.7744702],[-49.6479802,-20.7852678],[-49.6336837,-20.7975427],[-49.6322558,-20.8007325],[-49.6412352,-20.8123757],[-49.6590159,-20.8218302],[-49.6703958,-20.8223543],[-49.6840749,-20.8330994],[-49.6896578,-20.8287881],[-49.7025559,-20.8284957],[-49.7007081,-20.8337924],[-49.703231,-20.8398608],[-49.6991762,-20.8514847],[-49.7025156,-20.8679235],[-49.7012105,-20.8790655],[-49.7106081,-20.8929617],[-49.7107531,-20.9097509],[-49.7208331,-20.9145954],[-49.7267612,-20.928875],[-49.7264361,-20.9320796],[-49.7055256,-20.9506206],[-49.7180317,-20.95941],[-49.7207382,-20.9759697],[-49.7062405,-20.9724431],[-49.6959502,-20.9657277],[-49.6867771,-20.9701511],[-49.6680672,-20.9652037],[-49.6596379,-20.9691528],[-49.6546497,-20.9797646],[-49.6533292,-20.9946541],[-49.6400722,-20.9723741],[-49.6349573,-20.971709],[-49.630266,-20.9620063],[-49.6313454,-20.9471975],[-49.624681,-20.9182685],[-49.6257045,-20.9013143],[-49.617209,-20.8930608],[-49.6268479,-20.8799705],[-49.6016255,-20.8693515],[-49.5837143,-20.869204],[-49.5646073,-20.8590421],[-49.5574007,-20.8615223],[-49.5568495,-20.8660085],[-49.5382676,-20.8674836],[-49.5331538,-20.8757782],[-49.5362393,-20.886285],[-49.5657204,-20.9231536],[-49.5517591,-20.933005],[-49.5465478,-20.9468447],[-49.539419,-20.9519116],[-49.5378755,-20.9592405],[-49.531804,-20.9618299],[-49.5290918,-20.9701936],[-49.52187,-20.9775605],[-49.5245668,-20.9786542],[-49.5242663,-20.9848205],[-49.5295121,-20.9881134],[-49.5297592,-20.9989907],[-49.534903,-21.0000762],[-49.5374607,-21.0052317],[-49.5351075,-21.0081228],[-49.5377023,-21.0123423],[-49.5439409,-21.0145421],[-49.5477386,-21.0201893],[-49.5554855,-21.0221707],[-49.5588856,-21.0271572],[-49.5599837,-21.0386966],[-49.563231,-21.0389338],[-49.567279,-21.0493421],[-49.5622739,-21.0567663],[-49.5627838,-21.064974],[-49.5740051,-21.0737013],[-49.5690552,-21.0818363],[-49.5755367,-21.1026837],[-49.5759824,-21.1147517],[-49.5821964,-21.1181292],[-49.58893,-21.1158172],[-49.592867,-21.118924],[-49.6110956,-21.1199673],[-49.618494,-21.1275573],[-49.5955592,-21.1416744],[-49.5804954,-21.1370085],[-49.5749372,-21.1392221],[-49.5684193,-21.1445868],[-49.5688644,-21.1508755],[-49.5650446,-21.1539091],[-49.542206,-21.1596546],[-49.5136379,-21.1579637],[-49.5050246,-21.1620487],[-49.5034369,-21.1463985],[-49.4956792,-21.1381595],[-49.4844457,-21.1496421],[-49.4605735,-21.1598948],[-49.4625406,-21.1751152],[-49.4544854,-21.1875372],[-49.4703417,-21.2038948],[-49.4774588,-21.2017602],[-49.486175,-21.2080455],[-49.4911719,-21.2023448],[-49.4932755,-21.2076309],[-49.5050632,-21.2071945],[-49.5070891,-21.216647],[-49.5126158,-21.2185391],[-49.5122641,-21.2231507],[-49.5173216,-21.2234605],[-49.5177106,-21.228054],[-49.5282556,-21.2288656],[-49.5261351,-21.2291357],[-49.5294212,-21.2312745],[-49.5270723,-21.2364841],[-49.5327992,-21.2421216],[-49.5379779,-21.2416267],[-49.5394821,-21.253621],[-49.5476132,-21.2527171],[-49.5482376,-21.2625498],[-49.5597244,-21.2612931],[-49.5587941,-21.2701217],[-49.5716935,-21.2679326],[-49.5746279,-21.2748143],[-49.5711423,-21.2751952],[-49.5696982,-21.2787638],[-49.5726909,-21.2798417],[-49.567578,-21.2888608],[-49.570335,-21.2896721],[-49.5695719,-21.2946978],[-49.5750552,-21.3025567],[-49.5839215,-21.3043291],[-49.5798562,-21.3124811],[-49.5843863,-21.314276],[-49.5795574,-21.3253692],[-49.5819704,-21.3354221],[-49.5903203,-21.3419411],[-49.5909523,-21.3473738],[-49.5877185,-21.3475973],[-49.5905371,-21.3534063],[-49.5849628,-21.3592423],[-49.5891022,-21.3624672],[-49.6391762,-21.352312],[-49.6714866,-21.3491992],[-49.6786378,-21.3530105],[-49.6855889,-21.3634921],[-49.6943334,-21.3640189],[-49.6999463,-21.3580355],[-49.6964104,-21.3428351],[-49.700221,-21.3368839],[-49.7117726,-21.3349737],[-49.7242496,-21.345619],[-49.7277927,-21.3449248],[-49.7458294,-21.3150905],[-49.7430036,-21.3013838],[-49.7460949,-21.2967902],[-49.753804,-21.297016],[-49.7718211,-21.3061846],[-49.7834089,-21.2977314],[-49.8029796,-21.2923192],[-49.8167481,-21.2793725],[-49.8476578,-21.2718421],[-49.8557555,-21.2604965],[-49.8689121,-21.2607268],[-49.8846692,-21.2481684],[-49.9127403,-21.2395726],[-49.9211211,-21.22594],[-49.9282596,-21.2267755],[-49.9366518,-21.2327001],[-49.9620609,-21.2277122],[-49.9779859,-21.2297469]]]}},{"type":"Feature","id":"35157","properties":{"cd_regiao_saude":"35157","nm_regiao_saude":"VOTUPORANGA","cd_macrorregiao_saude":"3531","nm_macrorregiao_saude":"RRAS12","qt_municipio":17,"qt_populacao_ibge_2022":198031},"geometry":{"type":"Polygon","coordinates":[[[-50.0962565,-20.8860092],[-50.1054456,-20.8862989],[-50.1120543,-20.8763193],[-50.116417,-20.8825432],[-50.1234953,-20.88004],[-50.1328484,-20.8823135],[-50.1495158,-20.8732029],[-50.1583023,-20.8756694],[-50.1871925,-20.8683239],[-50.1976716,-20.8607423],[-50.2138143,-20.8660509],[-50.235422,-20.8471787],[-50.2396884,-20.837517],[-50.2617923,-20.8355335],[-50.265369,-20.8390436],[-50.27676,-20.8345269],[-50.2905883,-20.8357308],[-50.2870333,-20.8265377],[-50.2905868,-20.808821],[-50.2825224,-20.7989903],[-50.2761267,-20.7737893],[-50.2654228,-20.7521832],[-50.2728913,-20.7336716],[-50.2943054,-20.7344725],[-50.2961927,-20.7127731],[-50.303103,-20.7104648],[-50.333093,-20.7229227],[-50.3973286,-20.7240354],[-50.4186723,-20.7091316],[-50.4129656,-20.7267426],[-50.4132409,-20.7375062],[-50.4150549,-20.7412985],[-50.4199233,-20.742271],[-50.4182866,-20.7490418],[-50.4230768,-20.7618745],[-50.4238597,-20.7707971],[-50.4206315,-20.77392],[-50.4243793,-20.7907724],[-50.4328513,-20.8001831],[-50.4402058,-20.7982711],[-50.449937,-20.8008697],[-50.4530816,-20.7975885],[-50.4567487,-20.7785965],[-50.5055827,-20.7616059],[-50.5057387,-20.7512329],[-50.4997632,-20.7364952],[-50.5022872,-20.7250446],[-50.4965997,-20.710348],[-50.4942447,-20.7045781],[-50.4810445,-20.6967591],[-50.4765075,-20.6877661],[-50.4832499,-20.6602876],[-50.4796715,-20.6535421],[-50.4826579,-20.6451082],[-50.4906916,-20.6464359],[-50.5114954,-20.6233334],[-50.5065846,-20.5878958],[-50.5132616,-20.5796139],[-50.5118903,-20.5742736],[-50.5152827,-20.5698743],[-50.5092592,-20.547394],[-50.5184507,-20.5369937],[-50.5274131,-20.5374375],[-50.554147,-20.528341],[-50.5548665,-20.5237593],[-50.5473285,-20.5195584],[-50.5484964,-20.5076092],[-50.5447684,-20.5036227],[-50.5276672,-20.5089573],[-50.5214044,-20.5068714],[-50.5188935,-20.5009212],[-50.5102923,-20.5023739],[-50.5053155,-20.4968191],[-50.5009047,-20.4998616],[-50.4975441,-20.4961882],[-50.4929347,-20.4964818],[-50.4919389,-20.4996661],[-50.48431,-20.4927903],[-50.4800924,-20.4959687],[-50.4644471,-20.4883149],[-50.4485334,-20.4862201],[-50.4509139,-20.5202196],[-50.4587408,-20.5314728],[-50.4578695,-20.5343065],[-50.4500127,-20.5309191],[-50.4455703,-20.5382204],[-50.4290819,-20.5376937],[-50.4249951,-20.5463013],[-50.4156469,-20.550405],[-50.4126601,-20.5561918],[-50.4140775,-20.5610359],[-50.4053844,-20.5663858],[-50.3882349,-20.5690752],[-50.3810989,-20.5667473],[-50.3689759,-20.5705562],[-50.3471917,-20.5680812],[-50.3429216,-20.570384],[-50.3283004,-20.5642954],[-50.3246402,-20.570597],[-50.3091111,-20.5734726],[-50.2858821,-20.5860259],[-50.2753174,-20.5758496],[-50.2736511,-20.5690548],[-50.2769589,-20.5682998],[-50.2837258,-20.5486646],[-50.2777149,-20.5263585],[-50.2712741,-20.5209656],[-50.2729969,-20.5130369],[-50.2796437,-20.5050224],[-50.2789034,-20.486074],[-50.2851772,-20.4697839],[-50.2809402,-20.4668205],[-50.2696986,-20.4726347],[-50.2651354,-20.4710308],[-50.2580886,-20.4798532],[-50.2476287,-20.4757074],[-50.2463155,-20.4908662],[-50.2410095,-20.487634],[-50.237504,-20.4921508],[-50.2293333,-20.4940373],[-50.2305535,-20.4966962],[-50.2166423,-20.4862028],[-50.2198653,-20.4839439],[-50.2145804,-20.4813031],[-50.2134159,-20.4769265],[-50.2028744,-20.4813521],[-50.1944834,-20.4788146],[-50.1921625,-20.4702235],[-50.1843677,-20.4688427],[-50.1803516,-20.4615472],[-50.1660758,-20.4522836],[-50.1530821,-20.4531771],[-50.1490013,-20.4394963],[-50.1356894,-20.4235402],[-50.1403535,-20.413979],[-50.1385296,-20.4067944],[-50.1420208,-20.3846895],[-50.1383864,-20.3871466],[-50.1241241,-20.3855812],[-50.1044323,-20.3744359],[-50.0911479,-20.3729746],[-50.0815335,-20.3346506],[-50.0844531,-20.3278589],[-50.0801959,-20.3178911],[-50.0812825,-20.3083921],[-50.0777527,-20.3045198],[-50.0811499,-20.2949317],[-50.0747919,-20.2902281],[-50.0672292,-20.2752575],[-50.0697814,-20.2573308],[-50.0734482,-20.2532585],[-50.0714362,-20.245492],[-50.0652403,-20.2373452],[-50.0606091,-20.2359861],[-50.0598161,-20.2313744],[-50.0546699,-20.2297839],[-50.055982,-20.2222116],[-50.0454893,-20.2151263],[-50.0456201,-20.205718],[-50.0388253,-20.2063864],[-50.0383577,-20.2013944],[-50.0323697,-20.2029769],[-50.0291487,-20.1966917],[-50.0322,-20.1887909],[-50.0261991,-20.1781412],[-50.031254,-20.1714517],[-50.0282822,-20.1643754],[-50.031261,-20.1562941],[-50.0223656,-20.1376012],[-50.0283139,-20.1278668],[-50.0251162,-20.1194629],[-50.0280772,-20.1143821],[-50.0382075,-20.1103411],[-50.0405052,-20.1044877],[-50.0341079,-20.091909],[-50.0354105,-20.0843933],[-50.0283168,-20.0782248],[-50.0431602,-20.0765105],[-50.0418856,-20.0707936],[-50.0455715,-20.060076],[-50.0565784,-20.0627189],[-50.0630492,-20.0702601],[-50.0685487,-20.0678495],[-50.0752996,-20.0717025],[-50.0843716,-20.0672931],[-50.0892399,-20.0608995],[-50.0879286,-20.0505093],[-50.0905098,-20.0427721],[-50.0998367,-20.0380155],[-50.1110659,-20.0378079],[-50.1115679,-20.0339388],[-50.1103844,-20.0190338],[-50.103777,-20.0155336],[-50.0979752,-20.0180949],[-50.0977496,-20.0147285],[-50.0886723,-20.0139443],[-50.0857622,-20.0096314],[-50.0755117,-20.0072897],[-50.0736096,-19.9900031],[-50.0698644,-19.9853218],[-50.0607226,-19.984627],[-50.0550928,-19.9804599],[-50.0517715,-19.9641004],[-50.0558242,-19.9517429],[-50.0491787,-19.9395304],[-50.0441315,-19.9164225],[-50.0121875,-19.9267193],[-49.9621547,-19.9202241],[-49.9052179,-19.9374513],[-49.8883369,-19.9453049],[-49.8601579,-19.9443804],[-49.8555733,-19.946825],[-49.8352745,-19.933315],[-49.8004625,-19.931176],[-49.7824562,-19.9244631],[-49.7339569,-19.9261713],[-49.7121496,-19.9312615],[-49.6776257,-19.9295763],[-49.6759759,-19.9328271],[-49.6429297,-19.9322327],[-49.6310256,-19.9312048],[-49.6132293,-19.919973],[-49.5939072,-19.9482631],[-49.5921227,-19.9643464],[-49.5872499,-19.9700603],[-49.5830484,-19.9682186],[-49.5795712,-19.971058],[-49.5667257,-20.0010316],[-49.5574974,-20.0087192],[-49.5501764,-20.0231471],[-49.5512407,-20.0693484],[-49.5597953,-20.0764321],[-49.5589847,-20.0810612],[-49.5666029,-20.0861061],[-49.5750962,-20.0828434],[-49.5810196,-20.0878058],[-49.5939715,-20.0777147],[-49.599104,-20.0774242],[-49.5948022,-20.0872625],[-49.599145,-20.1163657],[-49.6052991,-20.1341307],[-49.6171569,-20.1483389],[-49.6169929,-20.1608973],[-49.6272468,-20.1793745],[-49.634343,-20.1809976],[-49.6401479,-20.173811],[-49.6514162,-20.1802384],[-49.6543839,-20.1704886],[-49.6579401,-20.1780478],[-49.6631399,-20.1715499],[-49.6671774,-20.1771753],[-49.6756402,-20.1755539],[-49.6757621,-20.1806107],[-49.6818663,-20.186759],[-49.688515,-20.1847228],[-49.6920434,-20.1932102],[-49.6868524,-20.201978],[-49.6796556,-20.1999348],[-49.6780713,-20.2030173],[-49.6813976,-20.2035465],[-49.6790479,-20.2062778],[-49.6745786,-20.2052875],[-49.6758254,-20.2092547],[-49.6700094,-20.2151922],[-49.6737934,-20.2215338],[-49.6781504,-20.2181166],[-49.6819236,-20.2236223],[-49.6867764,-20.2234652],[-49.6800238,-20.2315372],[-49.6810648,-20.2347879],[-49.6720459,-20.2418462],[-49.6665192,-20.2407199],[-49.6652864,-20.2363971],[-49.6575942,-20.2461308],[-49.6533874,-20.2440489],[-49.6463825,-20.2467335],[-49.6495062,-20.2540729],[-49.6482765,-20.2600103],[-49.6413866,-20.2634761],[-49.6435697,-20.2691429],[-49.6389816,-20.2748746],[-49.6417669,-20.2778005],[-49.638809,-20.279563],[-49.6389563,-20.2846925],[-49.6426116,-20.2881899],[-49.6385646,-20.287226],[-49.6302585,-20.3071359],[-49.6251516,-20.3067677],[-49.6233644,-20.3009613],[-49.6173572,-20.3047952],[-49.6226334,-20.315175],[-49.6191456,-20.3183644],[-49.614423,-20.3159144],[-49.6125566,-20.3215389],[-49.6201156,-20.3221873],[-49.6346479,-20.3354938],[-49.6376431,-20.3444703],[-49.6549405,-20.354208],[-49.6677556,-20.3672289],[-49.6731198,-20.3852864],[-49.6804052,-20.3925248],[-49.6800969,-20.4035728],[-49.6853706,-20.4145388],[-49.6810601,-20.4287802],[-49.6912495,-20.4410773],[-49.7052433,-20.486819],[-49.7215652,-20.5029476],[-49.739717,-20.5087944],[-49.7417666,-20.5349719],[-49.7504824,-20.5282285],[-49.7609325,-20.5269405],[-49.7737576,-20.5296459],[-49.7903078,-20.528252],[-49.8011931,-20.5316242],[-49.8040988,-20.5375351],[-49.8233339,-20.5502904],[-49.8364295,-20.5659576],[-49.8391124,-20.5740612],[-49.8555614,-20.5771837],[-49.870679,-20.5906653],[-49.864769,-20.5938522],[-49.8631114,-20.6023367],[-49.8394914,-20.6124434],[-49.8311289,-20.6243402],[-49.8295084,-20.6340289],[-49.8401566,-20.644732],[-49.8580118,-20.6536852],[-49.8749578,-20.6671235],[-49.8824543,-20.6867431],[-49.8977388,-20.6999629],[-49.9000432,-20.7099864],[-49.9090098,-20.7065382],[-49.9144354,-20.6989814],[-49.9481847,-20.6994145],[-49.946846,-20.7042901],[-49.9383993,-20.7113227],[-49.9276532,-20.7145736],[-49.9191484,-20.7463941],[-49.9034562,-20.7642076],[-49.9062237,-20.7756851],[-49.9024326,-20.7968244],[-49.9135374,-20.8150362],[-49.9084962,-20.8292322],[-49.9104281,-20.8425086],[-49.9062363,-20.8584417],[-49.9177596,-20.8717917],[-49.9172198,-20.8780337],[-49.9232352,-20.8789569],[-49.9338255,-20.8898129],[-49.9430308,-20.8918247],[-49.947131,-20.9004034],[-49.9613164,-20.9095004],[-49.9751723,-20.9104314],[-49.9831689,-20.933192],[-49.9933798,-20.9497989],[-50.002262,-20.9537394],[-50.0070035,-20.9597185],[-50.0051013,-20.9658922],[-50.0160072,-20.9647684],[-50.0196164,-20.9692252],[-50.0165181,-20.9753134],[-50.0182908,-20.9772769],[-50.0329217,-20.9783901],[-50.023374,-20.9412645],[-50.0319042,-20.9332582],[-50.0363936,-20.9437568],[-50.0459435,-20.9407673],[-50.0506798,-20.931474],[-50.0568162,-20.9398732],[-50.0621449,-20.939256],[-50.06176,-20.9309279],[-50.0655885,-20.9203936],[-50.072638,-20.9137797],[-50.0711837,-20.9104263],[-50.0962565,-20.8860092]]]}},{"type":"Feature","id":"35161","properties":{"cd_regiao_saude":"35161","nm_regiao_saude":"ITAPETININGA","cd_macrorregiao_saude":"3519","nm_macrorregiao_saude":"RRAS8","qt_municipio":13,"qt_populacao_ibge_2022":496205},"geometry":{"type":"Polygon","coordinates":[[[-48.405641,-24.2737756],[-48.4109647,-24.267508],[-48.4296948,-24.2665972],[-48.4364699,-24.2532992],[-48.4352902,-24.2488066],[-48.4414042,-24.2450278],[-48.4358274,-24.2340093],[-48.4381271,-24.2258481],[-48.4419682,-24.2293683],[-48.4494698,-24.2288158],[-48.447395,-24.2200444],[-48.4493822,-24.215216],[-48.4447582,-24.215408],[-48.4367231,-24.2020764],[-48.4343416,-24.1885823],[-48.427679,-24.1856883],[-48.4219743,-24.1876233],[-48.4209459,-24.1801951],[-48.4268839,-24.1831394],[-48.4358887,-24.1741196],[-48.4457002,-24.1715555],[-48.4609429,-24.1751987],[-48.4726727,-24.1715555],[-48.4767141,-24.1646298],[-48.4731561,-24.1566187],[-48.4817666,-24.152781],[-48.4899711,-24.1534715],[-48.4906763,-24.14866],[-48.4959436,-24.1457198],[-48.4972076,-24.1486374],[-48.4995979,-24.1420672],[-48.5057469,-24.1383681],[-48.5204193,-24.1398882],[-48.5318228,-24.1284197],[-48.5283632,-24.127497],[-48.5303371,-24.1214494],[-48.5463837,-24.1157762],[-48.5462309,-24.1085059],[-48.5696041,-24.0905433],[-48.5689301,-24.0840411],[-48.5753399,-24.0760666],[-48.5763836,-24.0621466],[-48.5733423,-24.0578949],[-48.5805583,-24.0569678],[-48.5826252,-24.0484677],[-48.5784255,-24.0425684],[-48.5730745,-24.048379],[-48.570176,-24.0477716],[-48.5684828,-24.030717],[-48.5743298,-24.0249555],[-48.5688236,-24.027322],[-48.5637804,-24.0235612],[-48.5561849,-24.0245931],[-48.5527157,-24.0183718],[-48.5586833,-24.0190998],[-48.5538907,-24.0117921],[-48.5601038,-24.007649],[-48.5545283,-24.0078037],[-48.5487795,-23.9998617],[-48.5518377,-23.9948897],[-48.5546131,-23.9968935],[-48.5622198,-23.9947385],[-48.5655171,-23.98484],[-48.5695071,-23.9869369],[-48.5695171,-23.983378],[-48.5774785,-23.9834976],[-48.5798114,-23.9860435],[-48.5866652,-23.9743036],[-48.5793095,-23.973916],[-48.5763395,-23.9696852],[-48.5810325,-23.9655863],[-48.5757488,-23.9643625],[-48.5739339,-23.9603055],[-48.5672305,-23.9619883],[-48.5609464,-23.9595873],[-48.5626955,-23.954421],[-48.5604841,-23.9508297],[-48.5668296,-23.9474035],[-48.5657606,-23.9451902],[-48.5588857,-23.9455435],[-48.554662,-23.9409711],[-48.5499813,-23.9407921],[-48.5472969,-23.9378906],[-48.5516577,-23.9346918],[-48.4752331,-23.89037],[-48.4659678,-23.8884199],[-48.4526773,-23.8930291],[-48.4313806,-23.8924982],[-48.4170358,-23.875441],[-48.4008428,-23.8671413],[-48.4028934,-23.8612604],[-48.3958226,-23.8634395],[-48.3831306,-23.8594599],[-48.3723264,-23.8499756],[-48.358078,-23.8438507],[-48.3493927,-23.8361902],[-48.3490612,-23.8311386],[-48.353679,-23.8244174],[-48.361226,-23.8234317],[-48.3649059,-23.8289528],[-48.3586188,-23.8320237],[-48.3612284,-23.8360633],[-48.365547,-23.8355574],[-48.3744934,-23.8134717],[-48.3523367,-23.8068036],[-48.3582098,-23.8035143],[-48.3661102,-23.8043861],[-48.3688218,-23.7970953],[-48.3831656,-23.7910969],[-48.3845653,-23.7856633],[-48.3752423,-23.7809901],[-48.3795994,-23.7776105],[-48.3936094,-23.7812246],[-48.4002318,-23.7774187],[-48.3939741,-23.7757804],[-48.3911416,-23.7715093],[-48.4004612,-23.7643027],[-48.3985645,-23.7622201],[-48.3920533,-23.7659247],[-48.3847871,-23.7637583],[-48.3857321,-23.7596626],[-48.3832184,-23.7587841],[-48.3723287,-23.7653242],[-48.3810942,-23.7567722],[-48.3997132,-23.7600008],[-48.4003617,-23.7548854],[-48.3919413,-23.7541644],[-48.391123,-23.751596],[-48.408399,-23.7492004],[-48.4073927,-23.7453761],[-48.4031074,-23.7450668],[-48.4062054,-23.7358304],[-48.3966399,-23.7403451],[-48.3949858,-23.7443262],[-48.3893405,-23.7413125],[-48.3963239,-23.7346459],[-48.3965405,-23.7215169],[-48.4076107,-23.7193934],[-48.4073362,-23.7150051],[-48.4128646,-23.7152275],[-48.4142979,-23.7088038],[-48.4220045,-23.7128651],[-48.4237918,-23.7085207],[-48.4290121,-23.7082907],[-48.4375327,-23.7020263],[-48.4366479,-23.6975492],[-48.4432397,-23.6957265],[-48.4376035,-23.6870113],[-48.4438303,-23.683461],[-48.437139,-23.6815476],[-48.4381941,-23.6771679],[-48.4582436,-23.6694524],[-48.4561998,-23.6630642],[-48.4624818,-23.6602063],[-48.4615528,-23.6574192],[-48.4587657,-23.6590915],[-48.4627827,-23.6536146],[-48.4597213,-23.6536146],[-48.4599159,-23.6510663],[-48.463057,-23.6519865],[-48.4617917,-23.6497126],[-48.4648088,-23.6488632],[-48.4621545,-23.646952],[-48.4685781,-23.6471821],[-48.4685781,-23.6504912],[-48.4720288,-23.6523847],[-48.4728649,-23.6495511],[-48.4756697,-23.6525329],[-48.4775455,-23.6414464],[-48.4742914,-23.6421171],[-48.4743337,-23.6388805],[-48.4696133,-23.6368587],[-48.4733472,-23.63585],[-48.4693567,-23.6348679],[-48.4722765,-23.6273648],[-48.4764705,-23.6262057],[-48.4736037,-23.621764],[-48.4772226,-23.6220649],[-48.4729401,-23.6136239],[-48.4774478,-23.6119106],[-48.4770033,-23.6094415],[-48.4850663,-23.6122126],[-48.4853925,-23.6092422],[-48.4922641,-23.6106178],[-48.4971132,-23.6064419],[-48.500829,-23.5971246],[-48.4927368,-23.5917946],[-48.4918572,-23.578002],[-48.4961532,-23.5735042],[-48.4935294,-23.5692092],[-48.4965554,-23.5643252],[-48.5043228,-23.5596258],[-48.5010856,-23.5559572],[-48.5063855,-23.5486443],[-48.5121279,-23.5479055],[-48.5141264,-23.5599389],[-48.5223384,-23.5597485],[-48.5216527,-23.5443066],[-48.5289081,-23.5405904],[-48.5493275,-23.5390459],[-48.5496265,-23.5483843],[-48.5402467,-23.5423084],[-48.5337629,-23.5560071],[-48.5474845,-23.5587726],[-48.5561291,-23.5534477],[-48.5601009,-23.5543684],[-48.5681529,-23.5673455],[-48.5634189,-23.5751199],[-48.5830854,-23.5756017],[-48.5880821,-23.5708288],[-48.5963622,-23.571097],[-48.600274,-23.573951],[-48.5949334,-23.5812807],[-48.5999594,-23.5854202],[-48.6092457,-23.5823245],[-48.6072718,-23.5749431],[-48.6127154,-23.5698867],[-48.6155046,-23.5614609],[-48.6296571,-23.5596172],[-48.6303789,-23.5457743],[-48.6223958,-23.5423271],[-48.6217687,-23.5382132],[-48.6341608,-23.5390834],[-48.6432978,-23.5443835],[-48.6519276,-23.5385714],[-48.6473324,-23.5220963],[-48.644623,-23.5206954],[-48.6363998,-23.5264376],[-48.6328761,-23.5223141],[-48.633913,-23.5109323],[-48.6245379,-23.4971187],[-48.629722,-23.4885459],[-48.6151731,-23.4908137],[-48.6313424,-23.4746222],[-48.6427411,-23.4718918],[-48.6533732,-23.43049],[-48.6493693,-23.4221657],[-48.6563149,-23.4140575],[-48.656098,-23.4096452],[-48.6414746,-23.4097528],[-48.6360088,-23.4053376],[-48.6331238,-23.3978751],[-48.634972,-23.3861724],[-48.6318217,-23.3659404],[-48.6279332,-23.3563704],[-48.6323401,-23.3442863],[-48.6474606,-23.3290778],[-48.6247878,-23.3256116],[-48.6036526,-23.3162115],[-48.5905088,-23.314921],[-48.5790202,-23.2965978],[-48.5674959,-23.2965667],[-48.5540976,-23.2793638],[-48.5483374,-23.2810449],[-48.5370618,-23.2731957],[-48.5182105,-23.2701698],[-48.5121924,-23.2719351],[-48.5078155,-23.2669643],[-48.5044245,-23.2697722],[-48.4915389,-23.2611333],[-48.4652557,-23.2662453],[-48.4518634,-23.2725353],[-48.4428673,-23.2700113],[-48.4360667,-23.2733929],[-48.4185853,-23.2625298],[-48.4060447,-23.2676308],[-48.4011228,-23.2750806],[-48.4011878,-23.2875251],[-48.3928757,-23.2911163],[-48.3739638,-23.2915701],[-48.3601458,-23.3030053],[-48.3591437,-23.2969749],[-48.3638723,-23.2917986],[-48.3564623,-23.2866124],[-48.3518735,-23.2894086],[-48.3477732,-23.2827676],[-48.334974,-23.2836117],[-48.3421175,-23.2700008],[-48.310476,-23.2649028],[-48.2995287,-23.2577906],[-48.2904073,-23.2601357],[-48.2874854,-23.264288],[-48.2769071,-23.2653484],[-48.2731334,-23.2737022],[-48.2768437,-23.2841259],[-48.2732662,-23.2884141],[-48.2608464,-23.2772423],[-48.2517865,-23.280971],[-48.2414317,-23.2802347],[-48.2376174,-23.2905482],[-48.2291907,-23.2924891],[-48.2248742,-23.299207],[-48.2148848,-23.2973916],[-48.2112434,-23.3031629],[-48.2032981,-23.2963859],[-48.1941079,-23.2947418],[-48.1834869,-23.2817579],[-48.1840987,-23.2763595],[-48.1786855,-23.2721638],[-48.1756171,-23.2744033],[-48.1601217,-23.2606057],[-48.1517878,-23.2652919],[-48.140752,-23.2658645],[-48.1387555,-23.2711956],[-48.1075569,-23.2540588],[-48.0968416,-23.2514224],[-48.0959896,-23.2467978],[-48.0824164,-23.2473201],[-48.0795487,-23.2420571],[-48.069767,-23.240593],[-48.0690004,-23.2321632],[-48.0525191,-23.2314422],[-48.0304269,-23.2225578],[-48.0202939,-23.2279567],[-48.0127519,-23.2234474],[-47.9970692,-23.2238413],[-47.9822192,-23.2196527],[-47.9819099,-23.2156138],[-47.9766558,-23.2145814],[-47.9719666,-23.2086456],[-47.9785898,-23.2017103],[-47.9793086,-23.1887613],[-47.9701269,-23.1890688],[-47.9627167,-23.1830121],[-47.9471125,-23.1812677],[-47.945274,-23.1788784],[-47.9490694,-23.1695504],[-47.9278209,-23.1578068],[-47.9228001,-23.162275],[-47.8911544,-23.1605292],[-47.885096,-23.1642489],[-47.8760669,-23.1600818],[-47.8598446,-23.1717008],[-47.8597706,-23.1757523],[-47.8514769,-23.1728147],[-47.8393914,-23.1744426],[-47.8407786,-23.1721206],[-47.8367908,-23.1686853],[-47.8413868,-23.1629825],[-47.8442106,-23.1641555],[-47.8451199,-23.1591418],[-47.8278925,-23.1502878],[-47.8171405,-23.1526444],[-47.8189123,-23.1324553],[-47.8128631,-23.1372328],[-47.8013849,-23.1389738],[-47.7917108,-23.1530087],[-47.7882506,-23.1458747],[-47.7824916,-23.1445992],[-47.7654052,-23.1271803],[-47.7529158,-23.1217496],[-47.7416468,-23.1394003],[-47.734854,-23.1337966],[-47.7308148,-23.1406876],[-47.7146076,-23.1402583],[-47.7121363,-23.1597798],[-47.6875411,-23.1729735],[-47.6842589,-23.1965266],[-47.6887222,-23.1998277],[-47.6955407,-23.1985479],[-47.6954002,-23.2019043],[-47.7037678,-23.2102452],[-47.706455,-23.2192039],[-47.7017998,-23.2275814],[-47.719665,-23.2344354],[-47.7432273,-23.229874],[-47.7502803,-23.2393095],[-47.7632318,-23.2434306],[-47.7722202,-23.2518232],[-47.7698723,-23.2555003],[-47.7800785,-23.2627403],[-47.7775903,-23.2656098],[-47.7725598,-23.2618878],[-47.7676385,-23.2632276],[-47.7703486,-23.2713292],[-47.77622,-23.2688147],[-47.7779749,-23.270705],[-47.7677859,-23.274004],[-47.7705391,-23.2811208],[-47.7610355,-23.2829616],[-47.7701567,-23.2850131],[-47.7694011,-23.2906747],[-47.7757915,-23.2927402],[-47.7674106,-23.2982164],[-47.7671832,-23.301844],[-47.7624368,-23.3015671],[-47.7692172,-23.3049056],[-47.766386,-23.3100588],[-47.779343,-23.3148347],[-47.7796399,-23.3189948],[-47.767984,-23.3283107],[-47.7602895,-23.3214843],[-47.7568715,-23.3246284],[-47.7579334,-23.3381261],[-47.7464176,-23.329643],[-47.7427707,-23.3332092],[-47.7408395,-23.3298619],[-47.7370332,-23.3315485],[-47.7448914,-23.3435989],[-47.7359405,-23.3577401],[-47.7364673,-23.3509027],[-47.7337734,-23.3493683],[-47.732715,-23.3525283],[-47.7264996,-23.3543864],[-47.7307156,-23.3675214],[-47.7295212,-23.3802113],[-47.724672,-23.3842036],[-47.734127,-23.3898082],[-47.7401253,-23.3904935],[-47.7421144,-23.3875144],[-47.7491096,-23.3921435],[-47.7518624,-23.3996189],[-47.7617119,-23.398774],[-47.7605596,-23.4060537],[-47.7643054,-23.4138175],[-47.7698501,-23.4142805],[-47.7632777,-23.4197577],[-47.7680678,-23.4210272],[-47.7672095,-23.4238024],[-47.7765778,-23.4314235],[-47.7599134,-23.4357486],[-47.7606278,-23.4423291],[-47.7661342,-23.4454789],[-47.774017,-23.4447858],[-47.7755527,-23.4488306],[-47.7823724,-23.4520006],[-47.7832892,-23.448001],[-47.7864087,-23.4489062],[-47.7848151,-23.4656436],[-47.7891602,-23.4706262],[-47.7850542,-23.476709],[-47.8026094,-23.4717246],[-47.8016392,-23.481549],[-47.8072143,-23.4886962],[-47.7994441,-23.4921378],[-47.8025821,-23.4951777],[-47.7990452,-23.4979406],[-47.7957257,-23.4951336],[-47.7893827,-23.4962381],[-47.7952947,-23.4995923],[-47.7869328,-23.5065664],[-47.7929274,-23.5125464],[-47.793199,-23.5177714],[-47.7891086,-23.5204049],[-47.7815045,-23.5190613],[-47.7793698,-23.5283902],[-47.7819903,-23.5301473],[-47.7688869,-23.5459061],[-47.7705488,-23.5508105],[-47.7638797,-23.5608033],[-47.7608944,-23.5597893],[-47.7562409,-23.5651923],[-47.7572593,-23.567224],[-47.7519927,-23.5669252],[-47.7445928,-23.5757554],[-47.7550351,-23.5765071],[-47.7530714,-23.5808565],[-47.7596095,-23.581359],[-47.7651993,-23.5935257],[-47.7537988,-23.5953673],[-47.753522,-23.6069],[-47.7485811,-23.6039494],[-47.7454738,-23.6069012],[-47.7480415,-23.611308],[-47.7437653,-23.6098856],[-47.7411987,-23.6042657],[-47.7319636,-23.6024021],[-47.7364015,-23.6080163],[-47.7309789,-23.6128188],[-47.7379081,-23.6144497],[-47.731811,-23.6156885],[-47.7314644,-23.6202543],[-47.7373789,-23.6245728],[-47.7287698,-23.631113],[-47.7185764,-23.6201573],[-47.7151854,-23.6253008],[-47.7177804,-23.6259467],[-47.7167916,-23.6291414],[-47.7119994,-23.6295973],[-47.7111312,-23.625077],[-47.7086399,-23.6295921],[-47.7059694,-23.628925],[-47.7055453,-23.6367004],[-47.6974153,-23.6340338],[-47.6952404,-23.6373205],[-47.6856657,-23.6396213],[-47.686515,-23.6429288],[-47.6789701,-23.6505265],[-47.6853017,-23.662221],[-47.6831675,-23.6726368],[-47.6795088,-23.6744152],[-47.6817381,-23.6920379],[-47.6668489,-23.690455],[-47.6583367,-23.6790441],[-47.647859,-23.6770001],[-47.6417496,-23.6854955],[-47.6445966,-23.6996716],[-47.6383625,-23.7080892],[-47.6340998,-23.7080222],[-47.6424231,-23.7116464],[-47.657544,-23.7299082],[-47.6615077,-23.7412779],[-47.6653751,-23.7428744],[-47.6817245,-23.7304404],[-47.6864073,-23.7230713],[-47.6971769,-23.7273256],[-47.7007985,-23.7267532],[-47.7008271,-23.7235954],[-47.7064316,-23.7250572],[-47.7100567,-23.7134234],[-47.7147615,-23.7106265],[-47.7244787,-23.7244626],[-47.7429751,-23.7300565],[-47.7464108,-23.7358197],[-47.7543656,-23.7360094],[-47.7577249,-23.7409178],[-47.7668809,-23.7385563],[-47.7710411,-23.742761],[-47.7826056,-23.7349277],[-47.7901358,-23.7555883],[-47.8017665,-23.7617163],[-47.8131114,-23.7600629],[-47.8157072,-23.7659904],[-47.8336121,-23.7560035],[-47.8310665,-23.7525082],[-47.8413734,-23.7537845],[-47.8491672,-23.7492694],[-47.8520655,-23.7505183],[-47.8599781,-23.7770352],[-47.8655529,-23.7819389],[-47.8579008,-23.8027535],[-47.8635098,-23.812843],[-47.859915,-23.820697],[-47.8508233,-23.824396],[-47.8406219,-23.84001],[-47.8445975,-23.8494119],[-47.8336252,-23.868849],[-47.8393685,-23.8667324],[-47.8436664,-23.8723124],[-47.8567413,-23.8737336],[-47.8656908,-23.880141],[-47.8677647,-23.8909612],[-47.8758354,-23.8993355],[-47.87755,-23.9120105],[-47.8745753,-23.9174544],[-47.876841,-23.9223229],[-47.8699271,-23.9286842],[-47.8663534,-23.9381765],[-47.8688044,-23.9443998],[-47.861723,-23.9527163],[-47.8351481,-23.9565623],[-47.828741,-23.950372],[-47.8179621,-23.9527445],[-47.8135887,-23.9597728],[-47.8136672,-23.9701237],[-47.8201352,-23.9754339],[-47.8272549,-23.9884307],[-47.84375,-23.9893687],[-47.8543068,-23.9947477],[-47.8629552,-24.0037402],[-47.8522863,-24.0219695],[-47.8597677,-24.0244052],[-47.8632993,-24.0334195],[-47.869037,-24.0293051],[-47.8683207,-24.043658],[-47.8723086,-24.0497216],[-47.8788024,-24.051959],[-47.8886962,-24.0483655],[-47.8904237,-24.0577396],[-47.8799127,-24.0597903],[-47.8857666,-24.0636596],[-47.8927579,-24.0650781],[-47.8960933,-24.0619709],[-47.9057033,-24.065844],[-47.9070223,-24.0698259],[-47.9036086,-24.0745007],[-47.8949127,-24.0775201],[-47.9019456,-24.0938113],[-47.9056319,-24.0932174],[-47.917393,-24.1005449],[-47.9382211,-24.0994693],[-47.93895,-24.1042959],[-47.9455563,-24.1090865],[-47.9465439,-24.1175321],[-47.9505084,-24.120109],[-47.9577925,-24.1153688],[-47.980779,-24.1133823],[-48.0087538,-24.1354029],[-48.0174068,-24.1286469],[-48.0241575,-24.134689],[-48.0499221,-24.1378952],[-48.0572788,-24.1473854],[-48.0507222,-24.1566659],[-48.0601391,-24.1591346],[-48.0569456,-24.1636419],[-48.0597185,-24.1833593],[-48.0667288,-24.1831787],[-48.0818549,-24.1933805],[-48.0846688,-24.191162],[-48.0943539,-24.1935414],[-48.0939916,-24.2007399],[-48.0986009,-24.2020712],[-48.1144613,-24.1997286],[-48.1180485,-24.1948455],[-48.1247491,-24.1974233],[-48.1412615,-24.1945189],[-48.1435008,-24.2006875],[-48.1384425,-24.2085947],[-48.1462121,-24.2131533],[-48.1436856,-24.2205043],[-48.1468236,-24.2261163],[-48.143734,-24.2277146],[-48.1449141,-24.231696],[-48.1483642,-24.2331966],[-48.1482247,-24.2293423],[-48.1543473,-24.22925],[-48.1546109,-24.2322508],[-48.1711126,-24.2450401],[-48.1967875,-24.2548165],[-48.2002862,-24.2617067],[-48.2049442,-24.2632899],[-48.23835,-24.2638283],[-48.2434739,-24.2594767],[-48.2528954,-24.2578359],[-48.2632539,-24.2733534],[-48.2836153,-24.2839889],[-48.2750267,-24.2963987],[-48.2818337,-24.2982522],[-48.2921282,-24.2943474],[-48.2998659,-24.3067833],[-48.3054564,-24.3045374],[-48.3181686,-24.3136597],[-48.3292349,-24.3118842],[-48.3299433,-24.3036702],[-48.3242584,-24.2955405],[-48.3256006,-24.2919495],[-48.3394625,-24.2928579],[-48.3424375,-24.2866329],[-48.3523254,-24.2880235],[-48.3599551,-24.2823798],[-48.3812506,-24.3030232],[-48.3885918,-24.306394],[-48.3942382,-24.2969326],[-48.3938547,-24.2921891],[-48.3985436,-24.2906128],[-48.3997385,-24.2853244],[-48.4064398,-24.2837533],[-48.4083784,-24.2778134],[-48.405641,-24.2737756]]]}},{"type":"Feature","id":"35162","properties":{"cd_regiao_saude":"35162","nm_regiao_saude":"ITAPEVA","cd_macrorregiao_saude":"3519","nm_macrorregiao_saude":"RRAS8","qt_municipio":15,"qt_populacao_ibge_2022":273248},"geometry":{"type":"Polygon","coordinates":[[[-48.9099285,-24.6707158],[-48.9101915,-24.6779471],[-48.9152604,-24.6829124],[-48.922427,-24.6751869],[-48.9424746,-24.6722761],[-48.9495988,-24.6748469],[-48.9551018,-24.6840877],[-48.9610329,-24.6845132],[-48.9622021,-24.6741686],[-48.9749268,-24.671667],[-48.9744299,-24.6668335],[-48.978627,-24.6649743],[-48.9878588,-24.6659022],[-48.9909288,-24.6552439],[-49.0007072,-24.6553425],[-49.009427,-24.6603693],[-49.0106767,-24.6559755],[-49.0054025,-24.6391326],[-48.9992665,-24.6378551],[-49.0046777,-24.6332389],[-49.0183748,-24.6426165],[-49.0322088,-24.6338314],[-49.0400336,-24.6368465],[-49.0409828,-24.6432817],[-49.0328746,-24.6419422],[-49.0345676,-24.65005],[-49.0395081,-24.6533647],[-49.0373997,-24.6604197],[-49.0455082,-24.6660999],[-49.0518457,-24.6806952],[-49.0644047,-24.6860254],[-49.0701504,-24.6839649],[-49.0746749,-24.6734165],[-49.0798327,-24.6726088],[-49.0844055,-24.6729752],[-49.0852443,-24.6799337],[-49.0970872,-24.6818741],[-49.1000938,-24.676325],[-49.1055909,-24.6747117],[-49.1089408,-24.6765485],[-49.1088747,-24.6858485],[-49.1115946,-24.6883523],[-49.1223742,-24.6824507],[-49.1261732,-24.6841763],[-49.1360713,-24.6752471],[-49.1625231,-24.6713832],[-49.1698477,-24.6756039],[-49.1805445,-24.671653],[-49.187123,-24.6736981],[-49.1944598,-24.6830575],[-49.2050114,-24.6859624],[-49.2048454,-24.6975047],[-49.2148307,-24.702228],[-49.2232588,-24.6985849],[-49.2573996,-24.69645],[-49.2627586,-24.6925384],[-49.2756811,-24.6943759],[-49.2941625,-24.6758825],[-49.3053976,-24.6736498],[-49.3050182,-24.6690339],[-49.3120154,-24.6635327],[-49.2998835,-24.6540421],[-49.3016669,-24.6498324],[-49.3097351,-24.6457611],[-49.3063758,-24.6428519],[-49.3164281,-24.6389985],[-49.3133774,-24.6379902],[-49.3140712,-24.6320664],[-49.3070756,-24.6217381],[-49.3146246,-24.6142646],[-49.313128,-24.6047037],[-49.3084023,-24.6034858],[-49.3035971,-24.5969487],[-49.3165653,-24.5879751],[-49.3123524,-24.5860697],[-49.3108722,-24.5809954],[-49.3135482,-24.5699884],[-49.3176777,-24.5666395],[-49.3146385,-24.562451],[-49.3159894,-24.5555089],[-49.3097861,-24.553413],[-49.3055731,-24.5463919],[-49.3028266,-24.5501273],[-49.2925311,-24.55289],[-49.2922598,-24.5443015],[-49.280272,-24.5372649],[-49.2879631,-24.5270642],[-49.287117,-24.5142033],[-49.296462,-24.5018955],[-49.2842845,-24.494821],[-49.2695737,-24.4923101],[-49.2712203,-24.4833329],[-49.2638512,-24.4744273],[-49.2545682,-24.4739196],[-49.2537376,-24.4704536],[-49.2469227,-24.469098],[-49.2489272,-24.464674],[-49.2453174,-24.4651093],[-49.2453364,-24.4584137],[-49.2535489,-24.4557445],[-49.2505178,-24.4454195],[-49.2532326,-24.4359366],[-49.2406832,-24.4220148],[-49.2355492,-24.4095521],[-49.2430967,-24.4018887],[-49.2502344,-24.4138649],[-49.2535003,-24.4050385],[-49.2378191,-24.3790201],[-49.2012106,-24.3427002],[-49.2059465,-24.338254],[-49.2242872,-24.3402284],[-49.2312127,-24.3303952],[-49.2488757,-24.3305126],[-49.2504366,-24.3193643],[-49.2581573,-24.3168559],[-49.2611247,-24.312403],[-49.2698211,-24.307175],[-49.2734999,-24.3083918],[-49.274712,-24.3054811],[-49.2811169,-24.3096577],[-49.2838089,-24.3080629],[-49.290793,-24.2937264],[-49.2887126,-24.291794],[-49.2986741,-24.2878085],[-49.295206,-24.2854305],[-49.301235,-24.2763039],[-49.2987099,-24.2680565],[-49.3026241,-24.2591402],[-49.3086736,-24.2586697],[-49.3053741,-24.251431],[-49.3127059,-24.2433968],[-49.3196237,-24.2438065],[-49.322678,-24.2359764],[-49.3506772,-24.2208009],[-49.3559578,-24.2145123],[-49.3557624,-24.2090737],[-49.3415441,-24.203122],[-49.3465094,-24.1924135],[-49.3398259,-24.1747945],[-49.3403453,-24.1571793],[-49.3324594,-24.1501208],[-49.3367954,-24.1449095],[-49.3365663,-24.1375819],[-49.3418757,-24.1383886],[-49.3435273,-24.1350818],[-49.3614279,-24.1281116],[-49.3649331,-24.1238557],[-49.3621555,-24.1200951],[-49.3708465,-24.1143834],[-49.3779931,-24.1180929],[-49.3869328,-24.1158706],[-49.3891,-24.1196287],[-49.3939486,-24.1141034],[-49.4091526,-24.1082562],[-49.4050025,-24.1035759],[-49.4078182,-24.0979276],[-49.4048821,-24.0958494],[-49.4219878,-24.0921714],[-49.427012,-24.087278],[-49.4300107,-24.088536],[-49.4315369,-24.081083],[-49.4290126,-24.0780374],[-49.4353899,-24.0750948],[-49.4297862,-24.0687088],[-49.4389829,-24.0687478],[-49.4378235,-24.0587863],[-49.4498477,-24.0564217],[-49.4575401,-24.0494852],[-49.4626573,-24.0381674],[-49.4634431,-24.0274358],[-49.4737593,-24.0273149],[-49.4743817,-24.0200597],[-49.4796049,-24.0194396],[-49.4815674,-24.0240563],[-49.4871537,-24.0245998],[-49.4900451,-24.0201132],[-49.4861554,-24.0166329],[-49.4920688,-24.0142649],[-49.4834869,-24.011922],[-49.480571,-24.0061714],[-49.4861806,-24.0065759],[-49.486405,-24.0004387],[-49.4922699,-23.9933786],[-49.4981248,-23.9938083],[-49.4936847,-23.9775958],[-49.5044735,-23.9677187],[-49.5107702,-23.9719562],[-49.5167568,-23.9701225],[-49.5137065,-23.9643974],[-49.4996675,-23.9592098],[-49.5056688,-23.9548441],[-49.5039222,-23.9471733],[-49.5102468,-23.9478598],[-49.5138758,-23.9444224],[-49.5210997,-23.9461018],[-49.5244665,-23.9351531],[-49.5103722,-23.9371559],[-49.508382,-23.9325393],[-49.5154003,-23.9304826],[-49.5116047,-23.9258999],[-49.5235972,-23.9162336],[-49.5269897,-23.9224293],[-49.5307614,-23.9225118],[-49.532208,-23.9301059],[-49.5464334,-23.9231107],[-49.5569897,-23.9227307],[-49.5544645,-23.9152973],[-49.5631719,-23.9123424],[-49.5695187,-23.899465],[-49.5773781,-23.8974383],[-49.5736015,-23.877955],[-49.5780117,-23.8795547],[-49.5853486,-23.890429],[-49.5919281,-23.8748562],[-49.6024638,-23.8682819],[-49.5989064,-23.8584938],[-49.6101252,-23.8531914],[-49.6105692,-23.8502484],[-49.5975455,-23.849373],[-49.5954818,-23.8467992],[-49.6080379,-23.8393796],[-49.5985289,-23.8367922],[-49.5866731,-23.8422604],[-49.5926634,-23.8370502],[-49.5930077,-23.830302],[-49.587494,-23.8271395],[-49.5726784,-23.8270468],[-49.5624279,-23.8184852],[-49.5600689,-23.8119307],[-49.5631045,-23.8019314],[-49.5596818,-23.7936084],[-49.5472396,-23.7905314],[-49.5365116,-23.7936624],[-49.5313238,-23.7995756],[-49.5227993,-23.8010608],[-49.5211559,-23.8069429],[-49.5174819,-23.8030332],[-49.5093457,-23.8042928],[-49.502905,-23.7980329],[-49.509326,-23.7903266],[-49.5086839,-23.7861362],[-49.4988154,-23.7887228],[-49.4706851,-23.7709084],[-49.4560156,-23.7800198],[-49.4418379,-23.7785037],[-49.4324829,-23.7832471],[-49.4270417,-23.781926],[-49.4262377,-23.7859889],[-49.4185142,-23.7851947],[-49.4138678,-23.7834948],[-49.3972406,-23.7635611],[-49.3828732,-23.7585868],[-49.3790137,-23.7620591],[-49.3823253,-23.7626922],[-49.3835882,-23.7694282],[-49.3808935,-23.7727016],[-49.3755126,-23.7723776],[-49.3735244,-23.771716],[-49.3760724,-23.7673361],[-49.3719305,-23.7686127],[-49.3671655,-23.7603917],[-49.3648548,-23.759337],[-49.3645092,-23.7626198],[-49.3614444,-23.7595486],[-49.3568537,-23.765173],[-49.3628464,-23.7703686],[-49.3554656,-23.7724551],[-49.3559248,-23.7748141],[-49.3506946,-23.772111],[-49.3461541,-23.7770311],[-49.3409171,-23.776525],[-49.3342068,-23.7815455],[-49.3418726,-23.7709152],[-49.3427111,-23.7584436],[-49.3370994,-23.7530425],[-49.3375386,-23.7493432],[-49.3121323,-23.7373638],[-49.2949358,-23.7360968],[-49.2861014,-23.7273967],[-49.2762051,-23.725012],[-49.274843,-23.7221374],[-49.263439,-23.7212733],[-49.2561632,-23.7109314],[-49.2474928,-23.7104192],[-49.2446046,-23.7052512],[-49.2341437,-23.7082496],[-49.2190821,-23.706563],[-49.1962718,-23.7132464],[-49.1677834,-23.6937808],[-49.1585164,-23.6938082],[-49.1525136,-23.6984937],[-49.1404018,-23.7011467],[-49.1415814,-23.7120809],[-49.1327337,-23.7214747],[-49.0327924,-23.6775923],[-49.0256789,-23.6503506],[-49.0119551,-23.6436699],[-49.0068942,-23.6328249],[-48.9969767,-23.6422044],[-48.9895684,-23.640924],[-48.9785872,-23.6309574],[-48.9783178,-23.6234093],[-48.9521489,-23.621103],[-48.9464267,-23.6241808],[-48.9358981,-23.6208767],[-48.9251536,-23.626426],[-48.9237821,-23.6238049],[-48.9052839,-23.6211645],[-48.8894567,-23.6123604],[-48.8673433,-23.6081465],[-48.8411225,-23.5935226],[-48.8208569,-23.6064309],[-48.8184056,-23.6167319],[-48.8024695,-23.6374316],[-48.795593,-23.6413327],[-48.7866398,-23.6385938],[-48.7809569,-23.6428024],[-48.7734221,-23.6349613],[-48.766728,-23.6135899],[-48.7578917,-23.6150573],[-48.7315951,-23.6086005],[-48.7208448,-23.6002013],[-48.6976041,-23.6025126],[-48.6886052,-23.5982421],[-48.6779753,-23.5876263],[-48.6554554,-23.5963352],[-48.6502103,-23.5911716],[-48.6229066,-23.5944449],[-48.6185216,-23.5876725],[-48.6134046,-23.5878505],[-48.612217,-23.5929117],[-48.608469,-23.590694],[-48.6110063,-23.5881593],[-48.6095336,-23.5817826],[-48.5999594,-23.5854202],[-48.5960661,-23.5839206],[-48.5997627,-23.5722671],[-48.5888302,-23.5706099],[-48.5830854,-23.5756017],[-48.5667337,-23.5762499],[-48.5628638,-23.5738907],[-48.5681529,-23.5673455],[-48.5623216,-23.5555161],[-48.5561291,-23.5534477],[-48.5465506,-23.5588138],[-48.5337629,-23.5560071],[-48.5402467,-23.5423084],[-48.5496265,-23.5483843],[-48.5493275,-23.5390459],[-48.5289081,-23.5405904],[-48.5204014,-23.5457013],[-48.5223384,-23.5597485],[-48.5141264,-23.5599389],[-48.5121279,-23.5479055],[-48.5069518,-23.54837],[-48.5010856,-23.5559572],[-48.5043228,-23.5596258],[-48.4935294,-23.5692092],[-48.4962192,-23.5730847],[-48.4918572,-23.578002],[-48.4927368,-23.5917946],[-48.5008998,-23.5977174],[-48.4928481,-23.6103347],[-48.4853925,-23.6092422],[-48.4850663,-23.6122126],[-48.4782309,-23.6092317],[-48.4729401,-23.6136239],[-48.4772226,-23.6220649],[-48.4736037,-23.621764],[-48.4764705,-23.6262057],[-48.4722765,-23.6273648],[-48.4693567,-23.6348679],[-48.4733472,-23.63585],[-48.4696133,-23.6368587],[-48.4743337,-23.6388805],[-48.4742914,-23.6421171],[-48.4775455,-23.6414464],[-48.4756697,-23.6525329],[-48.4728649,-23.6495511],[-48.4720288,-23.6523847],[-48.4685781,-23.6504912],[-48.4685781,-23.6471821],[-48.4621545,-23.646952],[-48.4648088,-23.6488632],[-48.4617917,-23.6497126],[-48.463057,-23.6519865],[-48.4599159,-23.6510663],[-48.4597213,-23.6536146],[-48.4627827,-23.6536146],[-48.4587657,-23.6590915],[-48.4615528,-23.6574192],[-48.4624818,-23.6602063],[-48.4561998,-23.6630642],[-48.4582436,-23.6694524],[-48.4381941,-23.6771679],[-48.437139,-23.6815476],[-48.4438303,-23.683461],[-48.4376035,-23.6870113],[-48.4432397,-23.6957265],[-48.4366479,-23.6975492],[-48.4375327,-23.7020263],[-48.4290121,-23.7082907],[-48.4237918,-23.7085207],[-48.4220045,-23.7128651],[-48.4142979,-23.7088038],[-48.4128646,-23.7152275],[-48.4073362,-23.7150051],[-48.4076107,-23.7193934],[-48.3965405,-23.7215169],[-48.3963239,-23.7346459],[-48.3893405,-23.7413125],[-48.3949858,-23.7443262],[-48.3966399,-23.7403451],[-48.4062054,-23.7358304],[-48.4031074,-23.7450668],[-48.4073927,-23.7453761],[-48.408399,-23.7492004],[-48.391123,-23.751596],[-48.3919413,-23.7541644],[-48.4003617,-23.7548854],[-48.3997132,-23.7600008],[-48.3810942,-23.7567722],[-48.3723287,-23.7653242],[-48.3832184,-23.7587841],[-48.3857321,-23.7596626],[-48.3847871,-23.7637583],[-48.3920533,-23.7659247],[-48.3985645,-23.7622201],[-48.4004612,-23.7643027],[-48.3911416,-23.7715093],[-48.3939741,-23.7757804],[-48.4002318,-23.7774187],[-48.3936094,-23.7812246],[-48.3806161,-23.7772126],[-48.3752898,-23.7805706],[-48.3845653,-23.7856633],[-48.3831656,-23.7910969],[-48.3688218,-23.7970953],[-48.3661102,-23.8043861],[-48.3582098,-23.8035143],[-48.3523367,-23.8068036],[-48.3744934,-23.8134717],[-48.3667679,-23.8337012],[-48.3634159,-23.8362924],[-48.3596487,-23.8345262],[-48.3586128,-23.8312109],[-48.3649059,-23.8289528],[-48.361226,-23.8234317],[-48.353679,-23.8244174],[-48.3487326,-23.8317619],[-48.3493927,-23.8361902],[-48.358078,-23.8438507],[-48.3723264,-23.8499756],[-48.3821752,-23.8589923],[-48.3958226,-23.8634395],[-48.4028934,-23.8612604],[-48.4008428,-23.8671413],[-48.4170358,-23.875441],[-48.4313806,-23.8924982],[-48.4526773,-23.8930291],[-48.4647796,-23.888516],[-48.4720781,-23.8892527],[-48.5516577,-23.9346918],[-48.5478934,-23.9393186],[-48.5668679,-23.9469836],[-48.5604841,-23.9508297],[-48.5626955,-23.954421],[-48.5609464,-23.9595873],[-48.5672305,-23.9619883],[-48.5739339,-23.9603055],[-48.5757488,-23.9643625],[-48.5810325,-23.9655863],[-48.5763395,-23.9696852],[-48.5793095,-23.973916],[-48.5866652,-23.9743036],[-48.5798114,-23.9860435],[-48.5774785,-23.9834976],[-48.5695171,-23.983378],[-48.5695071,-23.9869369],[-48.5655171,-23.98484],[-48.5622198,-23.9947385],[-48.5546131,-23.9968935],[-48.5518377,-23.9948897],[-48.5487795,-23.9998617],[-48.5545283,-24.0078037],[-48.5601038,-24.007649],[-48.5538907,-24.0117921],[-48.5586833,-24.0190998],[-48.5527157,-24.0183718],[-48.5561849,-24.0245931],[-48.5637804,-24.0235612],[-48.5688236,-24.027322],[-48.5743298,-24.0249555],[-48.5684828,-24.030717],[-48.570176,-24.0477716],[-48.5730745,-24.048379],[-48.5784255,-24.0425684],[-48.5826252,-24.0484677],[-48.5805583,-24.0569678],[-48.5733423,-24.0578949],[-48.5763836,-24.0621466],[-48.5753399,-24.0760666],[-48.5689301,-24.0840411],[-48.5696041,-24.0905433],[-48.5462309,-24.1085059],[-48.5463837,-24.1157762],[-48.5303371,-24.1214494],[-48.5283632,-24.127497],[-48.5318228,-24.1284197],[-48.5204193,-24.1398882],[-48.5057469,-24.1383681],[-48.4995979,-24.1420672],[-48.4972076,-24.1486374],[-48.4959436,-24.1457198],[-48.4906763,-24.14866],[-48.4899711,-24.1534715],[-48.4817666,-24.152781],[-48.4731561,-24.1566187],[-48.4767141,-24.1646298],[-48.4726727,-24.1715555],[-48.4609429,-24.1751987],[-48.4457002,-24.1715555],[-48.4358887,-24.1741196],[-48.4268839,-24.1831394],[-48.4209459,-24.1801951],[-48.4219743,-24.1876233],[-48.427679,-24.1856883],[-48.4343416,-24.1885823],[-48.4367231,-24.2020764],[-48.4447582,-24.215408],[-48.4495567,-24.2157803],[-48.447395,-24.2200444],[-48.4492478,-24.2291866],[-48.4419682,-24.2293683],[-48.4381271,-24.2258481],[-48.4358274,-24.2340093],[-48.4414042,-24.2450278],[-48.4352902,-24.2488066],[-48.4364699,-24.2532992],[-48.4311233,-24.2637477],[-48.4520127,-24.2633412],[-48.4537444,-24.2553013],[-48.4588889,-24.2526233],[-48.4646689,-24.2734285],[-48.452642,-24.2843329],[-48.4551246,-24.2949553],[-48.4651456,-24.286067],[-48.4706796,-24.2885629],[-48.4724649,-24.2853155],[-48.4759803,-24.2895579],[-48.4961069,-24.2800942],[-48.5034934,-24.2880698],[-48.5007391,-24.2938668],[-48.5038386,-24.303127],[-48.514254,-24.3059009],[-48.5157245,-24.3097981],[-48.5216281,-24.3089322],[-48.5232975,-24.3198429],[-48.5299134,-24.3171426],[-48.5341077,-24.3207883],[-48.5389071,-24.3177939],[-48.5401461,-24.3129579],[-48.5488171,-24.3059981],[-48.5521103,-24.289757],[-48.5606116,-24.2875861],[-48.5673964,-24.2980923],[-48.5906796,-24.3150783],[-48.6008857,-24.3330756],[-48.6051733,-24.3322122],[-48.6080271,-24.338737],[-48.5937246,-24.3425766],[-48.5848177,-24.3394776],[-48.5784213,-24.332785],[-48.5775332,-24.3376961],[-48.5675934,-24.336375],[-48.5612944,-24.3407876],[-48.544114,-24.334214],[-48.5360685,-24.3473893],[-48.5142379,-24.3380955],[-48.501791,-24.3479947],[-48.5052933,-24.3555765],[-48.4907286,-24.3699783],[-48.4921,-24.3774877],[-48.4899416,-24.3770801],[-48.4948902,-24.3852438],[-48.493299,-24.3875344],[-48.497617,-24.3895809],[-48.5027149,-24.3871155],[-48.5042844,-24.3961217],[-48.5078565,-24.3943103],[-48.5108657,-24.4025702],[-48.5171272,-24.402177],[-48.5177187,-24.4075439],[-48.5207106,-24.4068976],[-48.5228144,-24.4115009],[-48.517428,-24.4205847],[-48.5244436,-24.4217343],[-48.5359122,-24.4343862],[-48.5495645,-24.4404587],[-48.5735136,-24.4337638],[-48.5808894,-24.4379799],[-48.5866886,-24.4348419],[-48.5940419,-24.4427311],[-48.6132396,-24.4530637],[-48.6145838,-24.4579265],[-48.6180582,-24.4429826],[-48.6302714,-24.4371778],[-48.6320165,-24.4465827],[-48.6286824,-24.4500457],[-48.6316047,-24.4578287],[-48.6452289,-24.4595995],[-48.654634,-24.4560909],[-48.6564192,-24.4607405],[-48.6735251,-24.4733965],[-48.6745842,-24.4784048],[-48.6682571,-24.476913],[-48.6670315,-24.4798209],[-48.6739125,-24.4887043],[-48.6878459,-24.4947984],[-48.6878754,-24.5008023],[-48.7153552,-24.5114345],[-48.7250401,-24.5185802],[-48.7278857,-24.5275535],[-48.7606602,-24.5466226],[-48.777631,-24.5523811],[-48.779634,-24.5562875],[-48.7891836,-24.5581521],[-48.7812209,-24.5648902],[-48.7894769,-24.572096],[-48.7817737,-24.5789356],[-48.7838035,-24.5845843],[-48.7797892,-24.5906687],[-48.771071,-24.5867208],[-48.7530349,-24.588817],[-48.7493372,-24.6048644],[-48.7452185,-24.6107153],[-48.7390713,-24.6123045],[-48.7346368,-24.6219838],[-48.7387321,-24.6256882],[-48.7326811,-24.6302109],[-48.7321817,-24.6403262],[-48.7600419,-24.645793],[-48.7674137,-24.6567314],[-48.7795126,-24.6650568],[-48.8043159,-24.6672627],[-48.8108084,-24.6749745],[-48.8207877,-24.6572918],[-48.8273144,-24.6544533],[-48.8404009,-24.6649768],[-48.853309,-24.656163],[-48.8585049,-24.6576999],[-48.8563388,-24.6647032],[-48.8472364,-24.6711191],[-48.8519011,-24.6750054],[-48.8653947,-24.6673262],[-48.8695416,-24.6696744],[-48.9099285,-24.6707158]]]}},{"type":"Feature","id":"35163","properties":{"cd_regiao_saude":"35163","nm_regiao_saude":"SOROCABA","cd_macrorregiao_saude":"3519","nm_macrorregiao_saude":"RRAS8","qt_municipio":20,"qt_populacao_ibge_2022":1780501},"geometry":{"type":"Polygon","coordinates":[[[-47.3559206,-24.0221249],[-47.355774,-24.0295561],[-47.3630375,-24.0317731],[-47.3683385,-24.042737],[-47.3718749,-24.0416266],[-47.3769459,-24.0484953],[-47.3859879,-24.0497831],[-47.3892791,-24.055048],[-47.4161084,-24.0614904],[-47.417094,-24.0661142],[-47.4215415,-24.0686291],[-47.4274548,-24.0686653],[-47.4378451,-24.0574864],[-47.4481778,-24.0534791],[-47.4491059,-24.0504866],[-47.4519545,-24.0515635],[-47.4543615,-24.0561344],[-47.4630673,-24.0601607],[-47.4650531,-24.076327],[-47.4773281,-24.0813234],[-47.4823231,-24.0744992],[-47.4922383,-24.0702213],[-47.493805,-24.0587045],[-47.5029058,-24.0497857],[-47.5122671,-24.0464015],[-47.5301936,-24.046449],[-47.5430044,-24.0372014],[-47.5536699,-24.0369096],[-47.554426,-24.0404197],[-47.562186,-24.0391371],[-47.570456,-24.0780219],[-47.5828118,-24.0754528],[-47.5919308,-24.0884169],[-47.5960099,-24.0797849],[-47.597459,-24.0855671],[-47.6213597,-24.1060228],[-47.6231304,-24.1119739],[-47.6284538,-24.1139879],[-47.6338617,-24.1128546],[-47.6360295,-24.0996885],[-47.6301537,-24.0876312],[-47.6303241,-24.0757033],[-47.6203133,-24.068345],[-47.6219266,-24.0641223],[-47.6154541,-24.0595621],[-47.6137533,-24.0446841],[-47.6229744,-24.0413731],[-47.6256255,-24.0343053],[-47.6368163,-24.0381232],[-47.6378877,-24.0438176],[-47.6409103,-24.0395306],[-47.6532555,-24.0447205],[-47.6609886,-24.0403916],[-47.6734558,-24.0413167],[-47.6803041,-24.0452615],[-47.6850945,-24.0565705],[-47.7024776,-24.0737813],[-47.7089771,-24.0715918],[-47.7251312,-24.0809281],[-47.7256592,-24.0896022],[-47.7357805,-24.1029897],[-47.7235017,-24.1065195],[-47.7258554,-24.1105948],[-47.7219662,-24.1132288],[-47.7247138,-24.1181054],[-47.7367738,-24.1252031],[-47.743846,-24.120847],[-47.7507098,-24.1227949],[-47.7583581,-24.130716],[-47.7727305,-24.1344468],[-47.7756963,-24.1277452],[-47.7870027,-24.1302477],[-47.7925169,-24.1350926],[-47.8017874,-24.1349532],[-47.8086161,-24.130771],[-47.8274617,-24.1335381],[-47.8314739,-24.1217902],[-47.8499478,-24.1167265],[-47.8584954,-24.1226028],[-47.8632815,-24.1139506],[-47.8566986,-24.1021471],[-47.8615192,-24.089583],[-47.8677763,-24.0864045],[-47.8680783,-24.0764935],[-47.8769876,-24.0808621],[-47.8948323,-24.0793149],[-47.9070223,-24.0698259],[-47.9057033,-24.065844],[-47.8968262,-24.0621439],[-47.8927579,-24.0650781],[-47.8799127,-24.0597903],[-47.8904237,-24.0577396],[-47.8886962,-24.0483655],[-47.8788024,-24.051959],[-47.8723086,-24.0497216],[-47.8683207,-24.043658],[-47.869037,-24.0293051],[-47.8632993,-24.0334195],[-47.8597677,-24.0244052],[-47.8528787,-24.0229771],[-47.8530087,-24.0178208],[-47.8575926,-24.0167249],[-47.8574462,-24.0122644],[-47.8631343,-24.0047295],[-47.8603525,-24.0003456],[-47.84375,-23.9893687],[-47.8272549,-23.9884307],[-47.8201352,-23.9754339],[-47.8136672,-23.9701237],[-47.8135887,-23.9597728],[-47.8179621,-23.9527445],[-47.828741,-23.950372],[-47.8351481,-23.9565623],[-47.861723,-23.9527163],[-47.8688044,-23.9443998],[-47.8663534,-23.9381765],[-47.8699271,-23.9286842],[-47.876841,-23.9223229],[-47.8745753,-23.9174544],[-47.87755,-23.9120105],[-47.8758354,-23.8993355],[-47.8677647,-23.8909612],[-47.8656908,-23.880141],[-47.8567413,-23.8737336],[-47.8436664,-23.8723124],[-47.8393685,-23.8667324],[-47.8336252,-23.868849],[-47.8445975,-23.8494119],[-47.8406219,-23.84001],[-47.8508233,-23.824396],[-47.859915,-23.820697],[-47.8635098,-23.812843],[-47.8579008,-23.8027535],[-47.8655529,-23.7819389],[-47.8599781,-23.7770352],[-47.8515229,-23.7497818],[-47.8413734,-23.7537845],[-47.8308578,-23.7526015],[-47.8336121,-23.7560035],[-47.8157072,-23.7659904],[-47.8131114,-23.7600629],[-47.8017665,-23.7617163],[-47.7901358,-23.7555883],[-47.7826056,-23.7349277],[-47.7710411,-23.742761],[-47.7668809,-23.7385563],[-47.7577249,-23.7409178],[-47.7543656,-23.7360094],[-47.7464108,-23.7358197],[-47.7429751,-23.7300565],[-47.7244787,-23.7244626],[-47.7147615,-23.7106265],[-47.7100567,-23.7134234],[-47.7064316,-23.7250572],[-47.7008271,-23.7235954],[-47.7007985,-23.7267532],[-47.6971769,-23.7273256],[-47.6864073,-23.7230713],[-47.6817245,-23.7304404],[-47.6653751,-23.7428744],[-47.6615077,-23.7412779],[-47.657544,-23.7299082],[-47.6424231,-23.7116464],[-47.6340531,-23.7078954],[-47.6383625,-23.7080892],[-47.6445966,-23.6996716],[-47.6417496,-23.6854955],[-47.647859,-23.6770001],[-47.6583367,-23.6790441],[-47.6668489,-23.690455],[-47.6817381,-23.6920379],[-47.6795088,-23.6744152],[-47.6831675,-23.6726368],[-47.6853017,-23.662221],[-47.6789701,-23.6505265],[-47.686515,-23.6429288],[-47.6856657,-23.6396213],[-47.6952404,-23.6373205],[-47.6959787,-23.6346555],[-47.6974153,-23.6340338],[-47.7055453,-23.6367004],[-47.7059694,-23.628925],[-47.7086399,-23.6295921],[-47.7111312,-23.625077],[-47.7119994,-23.6295973],[-47.7167916,-23.6291414],[-47.7177804,-23.6259467],[-47.7151854,-23.6253008],[-47.7185764,-23.6201573],[-47.7287698,-23.631113],[-47.7373789,-23.6245728],[-47.7314644,-23.6202543],[-47.731811,-23.6156885],[-47.7379081,-23.6144497],[-47.7309789,-23.6128188],[-47.7364015,-23.6080163],[-47.7319636,-23.6024021],[-47.7411987,-23.6042657],[-47.7437653,-23.6098856],[-47.7480415,-23.611308],[-47.7454738,-23.6069012],[-47.7485811,-23.6039494],[-47.753522,-23.6069],[-47.7537988,-23.5953673],[-47.7651993,-23.5935257],[-47.7596095,-23.581359],[-47.7530714,-23.5808565],[-47.7550351,-23.5765071],[-47.7445928,-23.5757554],[-47.7519927,-23.5669252],[-47.7572593,-23.567224],[-47.7562409,-23.5651923],[-47.7608944,-23.5597893],[-47.7638797,-23.5608033],[-47.7705488,-23.5508105],[-47.7688869,-23.5459061],[-47.7819903,-23.5301473],[-47.7793698,-23.5283902],[-47.7815045,-23.5190613],[-47.7891086,-23.5204049],[-47.793199,-23.5177714],[-47.7929274,-23.5125464],[-47.7869328,-23.5065664],[-47.7952947,-23.4995923],[-47.7893827,-23.4962381],[-47.7957257,-23.4951336],[-47.7990452,-23.4979406],[-47.8025821,-23.4951777],[-47.7994441,-23.4921378],[-47.8072143,-23.4886962],[-47.8016392,-23.481549],[-47.8026094,-23.4717246],[-47.7850542,-23.476709],[-47.7891602,-23.4706262],[-47.7848151,-23.4656436],[-47.7864087,-23.4489062],[-47.7832892,-23.448001],[-47.7823724,-23.4520006],[-47.7755527,-23.4488306],[-47.774017,-23.4447858],[-47.7661342,-23.4454789],[-47.7606278,-23.4423291],[-47.7599134,-23.4357486],[-47.7765778,-23.4314235],[-47.7672095,-23.4238024],[-47.7680678,-23.4210272],[-47.7632777,-23.4197577],[-47.7698501,-23.4142805],[-47.7643054,-23.4138175],[-47.7605596,-23.4060537],[-47.7617119,-23.398774],[-47.7518624,-23.3996189],[-47.7491096,-23.3921435],[-47.7421144,-23.3875144],[-47.7401253,-23.3904935],[-47.734127,-23.3898082],[-47.724672,-23.3842036],[-47.7295212,-23.3802113],[-47.7307156,-23.3675214],[-47.7264996,-23.3543864],[-47.732715,-23.3525283],[-47.7337734,-23.3493683],[-47.7364673,-23.3509027],[-47.7359405,-23.3577401],[-47.7448914,-23.3435989],[-47.7370332,-23.3315485],[-47.7408395,-23.3298619],[-47.7427707,-23.3332092],[-47.7464176,-23.329643],[-47.7579334,-23.3381261],[-47.7568715,-23.3246284],[-47.7602895,-23.3214843],[-47.767984,-23.3283107],[-47.7796399,-23.3189948],[-47.779343,-23.3148347],[-47.766386,-23.3100588],[-47.7692172,-23.3049056],[-47.7624368,-23.3015671],[-47.7671832,-23.301844],[-47.7674106,-23.2982164],[-47.7757915,-23.2927402],[-47.7694011,-23.2906747],[-47.7701567,-23.2850131],[-47.7610355,-23.2829616],[-47.7705391,-23.2811208],[-47.7677859,-23.274004],[-47.7779749,-23.270705],[-47.77622,-23.2688147],[-47.7703486,-23.2713292],[-47.7676385,-23.2632276],[-47.7725598,-23.2618878],[-47.7775903,-23.2656098],[-47.7799981,-23.2624709],[-47.7698723,-23.2555003],[-47.7722202,-23.2518232],[-47.7632318,-23.2434306],[-47.7502803,-23.2393095],[-47.7432273,-23.229874],[-47.719665,-23.2344354],[-47.7017998,-23.2275814],[-47.706455,-23.2192039],[-47.7037678,-23.2102452],[-47.6954002,-23.2019043],[-47.6955407,-23.1985479],[-47.6887222,-23.1998277],[-47.6841018,-23.1952346],[-47.6884527,-23.1716962],[-47.7137748,-23.1574153],[-47.7139763,-23.1406738],[-47.7308148,-23.1406876],[-47.734854,-23.1337966],[-47.7416468,-23.1394003],[-47.7494273,-23.1292916],[-47.7510147,-23.1220766],[-47.7654052,-23.1271803],[-47.7824916,-23.1445992],[-47.7882506,-23.1458747],[-47.7917108,-23.1530087],[-47.8013849,-23.1389738],[-47.8128631,-23.1372328],[-47.8362294,-23.1243022],[-47.8347871,-23.1223422],[-47.8201217,-23.1255588],[-47.8134128,-23.1229605],[-47.814753,-23.113561],[-47.806983,-23.1127153],[-47.8096419,-23.1080177],[-47.8064258,-23.1051447],[-47.8216029,-23.0855029],[-47.8269773,-23.0844449],[-47.8308551,-23.0892319],[-47.8383284,-23.0866912],[-47.8384417,-23.0822079],[-47.8264204,-23.080655],[-47.8213329,-23.0724125],[-47.7918814,-23.0489985],[-47.7900452,-23.0428916],[-47.7612444,-23.0372777],[-47.7677085,-23.0296142],[-47.7837572,-23.0325809],[-47.792054,-23.0175974],[-47.7820244,-23.0145427],[-47.76692,-23.0150665],[-47.747617,-23.0017014],[-47.7571633,-22.9978093],[-47.7811385,-23.0091385],[-47.7823243,-23.003969],[-47.7657005,-22.9863116],[-47.7659915,-22.979994],[-47.7725118,-22.9755442],[-47.78969,-22.9806971],[-47.7966514,-22.9782131],[-47.8057724,-22.9826232],[-47.817074,-22.977753],[-47.816289,-22.9629017],[-47.8254024,-22.9501025],[-47.8267049,-22.9422235],[-47.8204067,-22.9428887],[-47.8227696,-22.9359385],[-47.8195907,-22.9300857],[-47.8232871,-22.9249796],[-47.8169404,-22.9213954],[-47.8121272,-22.9225514],[-47.8105542,-22.9168211],[-47.8138044,-22.9160236],[-47.8144163,-22.9091001],[-47.8122265,-22.9051508],[-47.8069741,-22.9043131],[-47.8099749,-22.8913994],[-47.8061864,-22.8862982],[-47.8088846,-22.8777451],[-47.8069049,-22.876904],[-47.7633276,-22.9039959],[-47.7575741,-22.9143641],[-47.7602476,-22.922151],[-47.745903,-22.9328325],[-47.7225267,-22.9332349],[-47.7225768,-22.9197056],[-47.7143193,-22.912017],[-47.7011879,-22.918663],[-47.6985071,-22.9311979],[-47.6778839,-22.958519],[-47.6772565,-22.9684666],[-47.6717119,-22.9724464],[-47.6699929,-22.9817993],[-47.6657544,-22.9841951],[-47.6638127,-22.9904703],[-47.6682988,-22.9937805],[-47.6600447,-22.9975655],[-47.6613125,-23.0283772],[-47.653992,-23.035938],[-47.652073,-23.043204],[-47.645315,-23.040406],[-47.629074,-23.043669],[-47.6315,-23.054841],[-47.6264173,-23.0759739],[-47.6131208,-23.0688294],[-47.5929378,-23.0763828],[-47.6041994,-23.0873228],[-47.6086872,-23.0992636],[-47.5813895,-23.1037254],[-47.5727765,-23.0983448],[-47.5674278,-23.0986781],[-47.5632346,-23.0906857],[-47.5530373,-23.0986261],[-47.5303594,-23.101395],[-47.5286261,-23.0948139],[-47.5097134,-23.0913723],[-47.5012506,-23.0943232],[-47.4927075,-23.102317],[-47.4803925,-23.1249962],[-47.46939,-23.123977],[-47.4650262,-23.1280615],[-47.4683647,-23.1166617],[-47.4653002,-23.1098863],[-47.4517575,-23.1059964],[-47.4339425,-23.1061102],[-47.4282105,-23.1010927],[-47.4202759,-23.1132218],[-47.4115361,-23.1200514],[-47.415593,-23.1269648],[-47.4141961,-23.1334692],[-47.422911,-23.1490118],[-47.4233624,-23.1567921],[-47.4185396,-23.1686776],[-47.4130734,-23.1647057],[-47.3983404,-23.1618413],[-47.387648,-23.152866],[-47.378093,-23.152491],[-47.372606,-23.144455],[-47.36178,-23.141475],[-47.35204,-23.132759],[-47.349642,-23.117754],[-47.34208,-23.117187],[-47.339276,-23.111153],[-47.328608,-23.114123],[-47.320776,-23.124363],[-47.300718,-23.112773],[-47.305624,-23.133952],[-47.299017,-23.13952],[-47.29231,-23.155982],[-47.287027,-23.157654],[-47.2748,-23.151604],[-47.270271,-23.145582],[-47.260271,-23.146819],[-47.2553,-23.156452],[-47.257563,-23.169052],[-47.245354,-23.182815],[-47.212648,-23.182455],[-47.195376,-23.186159],[-47.1918432,-23.192349],[-47.1789479,-23.1964408],[-47.1566285,-23.2019471],[-47.1299684,-23.2032119],[-47.1277146,-23.2143962],[-47.1160354,-23.2250587],[-47.1290741,-23.2438598],[-47.1417397,-23.2538902],[-47.1763552,-23.2572275],[-47.1823823,-23.2480433],[-47.1909835,-23.2461014],[-47.1913559,-23.2700938],[-47.1864465,-23.2850567],[-47.1799727,-23.2938666],[-47.1684842,-23.2940109],[-47.1667567,-23.3041622],[-47.1612867,-23.3076691],[-47.1617821,-23.3115911],[-47.1666191,-23.3125045],[-47.1614648,-23.3205446],[-47.1737557,-23.3256009],[-47.1710859,-23.3378464],[-47.1654349,-23.3427677],[-47.1420732,-23.3491097],[-47.1367999,-23.3586429],[-47.1380534,-23.3690752],[-47.1317447,-23.3749375],[-47.1323781,-23.3820533],[-47.1176721,-23.3766394],[-47.1216229,-23.4035267],[-47.1052398,-23.4017764],[-47.1009242,-23.4045824],[-47.0960909,-23.398391],[-47.0902757,-23.403057],[-47.0831697,-23.4015962],[-47.081736,-23.3813248],[-47.0907337,-23.3864004],[-47.1011014,-23.3868215],[-47.1053189,-23.3716636],[-47.1026101,-23.3694847],[-47.0946348,-23.3712291],[-47.0962258,-23.3673952],[-47.0923733,-23.3627177],[-47.0921906,-23.3561799],[-47.0878128,-23.3532304],[-47.0821401,-23.3575883],[-47.0704385,-23.3590185],[-47.0658041,-23.3577848],[-47.0663202,-23.3545194],[-47.057073,-23.3572472],[-47.0447843,-23.3511113],[-47.0399482,-23.3580504],[-47.0387472,-23.3690202],[-47.0295203,-23.3736569],[-47.0301163,-23.3786584],[-47.0368917,-23.3789998],[-47.0426254,-23.3867469],[-47.0361237,-23.3990847],[-47.0395887,-23.4038253],[-47.0374115,-23.411833],[-47.041209,-23.4161985],[-47.0412444,-23.4222704],[-47.035528,-23.4272473],[-47.037571,-23.435529],[-47.031566,-23.441016],[-47.010532,-23.445723],[-47.010404,-23.454799],[-47.013989,-23.457648],[-47.011652,-23.464285],[-47.017211,-23.472587],[-47.013662,-23.478064],[-47.017842,-23.483691],[-47.013295,-23.485471],[-47.001299,-23.505308],[-46.993703,-23.508334],[-46.996998,-23.521966],[-46.9909324,-23.5278682],[-47.013164,-23.536354],[-47.012225,-23.550085],[-47.006126,-23.554358],[-47.020508,-23.567361],[-47.029898,-23.568089],[-47.024499,-23.579607],[-47.0320503,-23.5832552],[-47.031181,-23.5889544],[-47.0412205,-23.6105741],[-47.0493929,-23.6188388],[-47.0561783,-23.6187033],[-47.059791,-23.629032],[-47.058989,-23.639732],[-47.064696,-23.645463],[-47.072657,-23.645367],[-47.074503,-23.652491],[-47.082221,-23.653533],[-47.081944,-23.664251],[-47.084756,-23.667156],[-47.076672,-23.673305],[-47.075984,-23.680787],[-47.0621606,-23.6824693],[-47.0594382,-23.7019594],[-47.0624598,-23.708631],[-47.0525716,-23.7203992],[-47.0471748,-23.7350571],[-47.0332567,-23.7374606],[-47.0322432,-23.7430481],[-47.0362733,-23.7535987],[-47.0346597,-23.7578962],[-47.0286012,-23.7573594],[-47.0335325,-23.7674574],[-47.023152,-23.775075],[-47.019268,-23.788647],[-47.008589,-23.79185],[-47.000501,-23.801683],[-46.993183,-23.80345],[-46.985566,-23.800642],[-46.986368,-23.808267],[-47.007068,-23.815637],[-47.015122,-23.814487],[-47.017564,-23.821327],[-47.013039,-23.825096],[-47.012608,-23.830741],[-47.014787,-23.835596],[-47.021714,-23.836072],[-47.028693,-23.846215],[-47.038526,-23.835291],[-47.0511035,-23.844187],[-47.0595799,-23.8429777],[-47.066045,-23.8379674],[-47.0659032,-23.8434899],[-47.072649,-23.841852],[-47.1029705,-23.8488482],[-47.1075387,-23.8482914],[-47.1103329,-23.8424237],[-47.1172621,-23.8411486],[-47.1180626,-23.8497531],[-47.1234574,-23.8531051],[-47.1253738,-23.8606325],[-47.1298253,-23.8612821],[-47.1300172,-23.869326],[-47.1323181,-23.8694218],[-47.1331296,-23.873325],[-47.1266397,-23.8744611],[-47.1272993,-23.876592],[-47.1332161,-23.8792411],[-47.1324869,-23.884448],[-47.1396797,-23.8899273],[-47.1366348,-23.8898013],[-47.1349254,-23.8943573],[-47.1442635,-23.9014422],[-47.1384953,-23.9049422],[-47.1427077,-23.9117997],[-47.1561578,-23.9212582],[-47.1600035,-23.9355852],[-47.1757494,-23.9318069],[-47.1794427,-23.9373471],[-47.1827385,-23.9303174],[-47.1880229,-23.9310897],[-47.1913352,-23.9280988],[-47.1889898,-23.9395908],[-47.1942751,-23.9419589],[-47.2004468,-23.9391512],[-47.2008669,-23.9490867],[-47.19373,-23.9534207],[-47.195553,-23.9581882],[-47.2032319,-23.9593685],[-47.2085219,-23.964861],[-47.2046673,-23.9714084],[-47.200828,-23.9689056],[-47.20109,-23.9733787],[-47.1939578,-23.974705],[-47.1946122,-23.9820637],[-47.1887141,-23.9910786],[-47.1949701,-23.9922589],[-47.2003714,-24.0007994],[-47.2113411,-24.0018482],[-47.2206333,-24.0106352],[-47.219556,-24.0135281],[-47.2246827,-24.0150819],[-47.2305935,-24.0123924],[-47.2335105,-24.0173831],[-47.2384923,-24.0163051],[-47.2452513,-24.022425],[-47.2503375,-24.0206359],[-47.2544247,-24.0240259],[-47.2568888,-24.0214926],[-47.2545556,-24.0064491],[-47.2633403,-24.0058116],[-47.2605642,-24.0140345],[-47.2723271,-24.0175926],[-47.277652,-24.011163],[-47.2824437,-24.0150351],[-47.2861637,-24.0140074],[-47.2860255,-24.006392],[-47.3018344,-24.0116367],[-47.3103628,-24.0089812],[-47.3163907,-24.017053],[-47.3251425,-24.0175098],[-47.3285745,-24.014573],[-47.3329793,-24.0180982],[-47.3344298,-24.0127189],[-47.3402707,-24.0131369],[-47.3559206,-24.0221249]]]}},{"type":"Feature","id":"35171","properties":{"cd_regiao_saude":"35171","nm_regiao_saude":"ALTO VALE DO PARAIBA","cd_macrorregiao_saude":"3526","nm_macrorregiao_saude":"RRAS17","qt_municipio":8,"qt_populacao_ibge_2022":1086313},"geometry":{"type":"Polygon","coordinates":[[[-45.6948141,-23.6308281],[-45.7059471,-23.60159],[-45.7153279,-23.608783],[-45.721454,-23.6063361],[-45.7239168,-23.598178],[-45.7334344,-23.6031548],[-45.7437527,-23.6020893],[-45.7340867,-23.5930682],[-45.7339321,-23.5867135],[-45.7403813,-23.5850474],[-45.730937,-23.5744871],[-45.7415361,-23.5721523],[-45.7461274,-23.5661283],[-45.741247,-23.5613615],[-45.7470908,-23.5546333],[-45.7460907,-23.5398288],[-45.7539806,-23.531966],[-45.754198,-23.5261875],[-45.7605365,-23.5240092],[-45.7619432,-23.5184805],[-45.7558845,-23.5113349],[-45.7720752,-23.507153],[-45.7884429,-23.5091507],[-45.7911483,-23.5063271],[-45.7876036,-23.4958056],[-45.789277,-23.4926537],[-45.7964433,-23.491218],[-45.8133395,-23.4996701],[-45.8183034,-23.4896354],[-45.835352,-23.4828678],[-45.836548,-23.4752911],[-45.8402627,-23.4721117],[-45.8467439,-23.4741286],[-45.8521024,-23.4807965],[-45.865799,-23.4833465],[-45.882723,-23.4953912],[-45.8876884,-23.4924814],[-45.8901398,-23.4963969],[-45.8989794,-23.4986477],[-45.9040639,-23.5053104],[-45.9174514,-23.5057898],[-45.9215181,-23.5005331],[-45.9393777,-23.4943655],[-45.946605,-23.4959732],[-45.9497086,-23.5005082],[-45.961241,-23.4986482],[-45.9616508,-23.4963364],[-45.9557529,-23.4937993],[-45.956984,-23.4888292],[-45.9683534,-23.4754522],[-45.9569044,-23.4686072],[-45.9522487,-23.4497456],[-45.9595915,-23.4425348],[-45.9670468,-23.4273669],[-45.9765369,-23.4284718],[-45.9797063,-23.4184134],[-45.9839418,-23.4204634],[-45.9911867,-23.4175201],[-46.0014247,-23.3861069],[-46.0105398,-23.3842725],[-46.015694,-23.3911748],[-46.0222132,-23.3876312],[-46.0266103,-23.3921001],[-46.041287,-23.3843571],[-46.0605729,-23.3577916],[-46.0635062,-23.3588264],[-46.0678272,-23.3549706],[-46.0679671,-23.3487667],[-46.0737088,-23.3421546],[-46.0799663,-23.3415073],[-46.098993,-23.326004],[-46.098649,-23.309239],[-46.101475,-23.308598],[-46.102696,-23.302993],[-46.113814,-23.299335],[-46.113807,-23.285691],[-46.119359,-23.285482],[-46.12339,-23.290215],[-46.127315,-23.287191],[-46.136674,-23.287507],[-46.145215,-23.273663],[-46.150958,-23.274343],[-46.153543,-23.265825],[-46.145746,-23.256827],[-46.156941,-23.25492],[-46.157508,-23.2423],[-46.153199,-23.235705],[-46.165017,-23.235146],[-46.170229,-23.230155],[-46.174416,-23.231124],[-46.183962,-23.224183],[-46.189094,-23.224376],[-46.196283,-23.218793],[-46.196077,-23.210269],[-46.202375,-23.207817],[-46.204882,-23.209674],[-46.218589,-23.197434],[-46.224675,-23.196238],[-46.227907,-23.189245],[-46.24425,-23.185888],[-46.250595,-23.189007],[-46.263589,-23.184861],[-46.259621,-23.180014],[-46.261423,-23.173826],[-46.2562043,-23.1723288],[-46.2569649,-23.1595547],[-46.2471255,-23.1551028],[-46.2352344,-23.1354433],[-46.2260462,-23.1368976],[-46.2267483,-23.1279248],[-46.2215501,-23.1230164],[-46.2184944,-23.1237989],[-46.2182,-23.117261],[-46.214259,-23.11442],[-46.215061,-23.108424],[-46.208866,-23.106682],[-46.204872,-23.084424],[-46.194808,-23.077932],[-46.180331,-23.079393],[-46.173526,-23.070825],[-46.16144,-23.066122],[-46.158941,-23.049925],[-46.140472,-23.038841],[-46.141986,-23.028503],[-46.133942,-23.026244],[-46.125167,-23.008991],[-46.0944,-22.997241],[-46.08656,-22.985005],[-46.081454,-22.985104],[-46.077697,-22.977276],[-46.067217,-22.980196],[-46.063635,-22.974571],[-46.051582,-22.967793],[-46.049096,-22.954915],[-46.053231,-22.949978],[-46.048634,-22.932793],[-46.042557,-22.926391],[-46.041,-22.915445],[-46.0443,-22.905334],[-46.050676,-22.902325],[-46.050675,-22.896975],[-46.027192,-22.884899],[-46.018734,-22.888459],[-46.012793,-22.88599],[-46.007734,-22.889383],[-46.001451,-22.880036],[-45.990384,-22.876021],[-45.993092,-22.86981],[-45.974743,-22.868097],[-45.973461,-22.863117],[-45.964191,-22.855422],[-45.960332,-22.858242],[-45.951145,-22.845879],[-45.938812,-22.846471],[-45.923912,-22.831974],[-45.923196,-22.824997],[-45.912302,-22.816378],[-45.904626,-22.819654],[-45.909057,-22.829299],[-45.903875,-22.836944],[-45.893673,-22.838954],[-45.891156,-22.845774],[-45.894211,-22.848925],[-45.894321,-22.856944],[-45.88938,-22.860639],[-45.888762,-22.875975],[-45.879767,-22.875454],[-45.8638522,-22.8687103],[-45.8573023,-22.8587281],[-45.8572787,-22.851179],[-45.8500817,-22.846924],[-45.8481273,-22.8378307],[-45.8417401,-22.8331835],[-45.8294911,-22.834889],[-45.823366,-22.829887],[-45.8151872,-22.8344032],[-45.809802,-22.8293866],[-45.80285,-22.8337934],[-45.8005945,-22.8476294],[-45.7908539,-22.858606],[-45.7703197,-22.8468074],[-45.7669649,-22.8423465],[-45.7680281,-22.8359588],[-45.762859,-22.837821],[-45.7587334,-22.8355213],[-45.7589023,-22.8425512],[-45.7540678,-22.8476701],[-45.7569528,-22.8498013],[-45.7565361,-22.8680404],[-45.7514691,-22.8770413],[-45.7442914,-22.8791882],[-45.7368576,-22.8910875],[-45.7118244,-22.8891034],[-45.6801577,-22.8788807],[-45.6666124,-22.8777568],[-45.6679912,-22.8848146],[-45.6770484,-22.8967084],[-45.6751323,-22.9004067],[-45.6843291,-22.907202],[-45.6833495,-22.9106892],[-45.6751672,-22.9149887],[-45.6724643,-22.9237221],[-45.6959874,-22.9394909],[-45.7058253,-22.9486194],[-45.7094592,-22.9569904],[-45.725088,-22.9694458],[-45.7185428,-22.9873555],[-45.7112303,-22.9900061],[-45.7133764,-23.0097789],[-45.7027147,-23.0072304],[-45.6974137,-23.0265009],[-45.6783434,-23.0364116],[-45.6741198,-23.0460594],[-45.6712229,-23.0417211],[-45.672867,-23.0355583],[-45.6649255,-23.0385156],[-45.6662642,-23.0303282],[-45.6450522,-23.0604386],[-45.6398373,-23.0631157],[-45.6374899,-23.0745246],[-45.6309596,-23.0813073],[-45.6318336,-23.0871873],[-45.6361724,-23.0899465],[-45.6291232,-23.1012979],[-45.6296509,-23.1154615],[-45.6240255,-23.1208882],[-45.610619,-23.1237586],[-45.5937633,-23.1340815],[-45.5949461,-23.1450903],[-45.6204188,-23.1740498],[-45.6161431,-23.1809514],[-45.6246222,-23.1848069],[-45.6282244,-23.1933462],[-45.6407502,-23.1960316],[-45.6354065,-23.2046586],[-45.6216406,-23.2050711],[-45.621482,-23.2109945],[-45.6261641,-23.218667],[-45.6157085,-23.2303264],[-45.6121589,-23.2471773],[-45.624144,-23.2597901],[-45.6276091,-23.2684294],[-45.6353292,-23.2712784],[-45.6437099,-23.2796379],[-45.6426425,-23.2872113],[-45.6455546,-23.2911182],[-45.644132,-23.2951341],[-45.6328194,-23.2911897],[-45.6303245,-23.2968023],[-45.5726126,-23.3251797],[-45.5690915,-23.3230846],[-45.5662138,-23.3285729],[-45.5677955,-23.3362306],[-45.5641178,-23.3420452],[-45.5670177,-23.3447634],[-45.5753198,-23.3428164],[-45.5775039,-23.3639646],[-45.572879,-23.3694089],[-45.5649189,-23.3696502],[-45.5571974,-23.3744137],[-45.5378329,-23.3661193],[-45.537704,-23.3730105],[-45.5475637,-23.3846353],[-45.5494302,-23.396017],[-45.5581508,-23.4058985],[-45.5669057,-23.4084888],[-45.5622477,-23.4134743],[-45.5631127,-23.4193122],[-45.5670431,-23.4178369],[-45.569804,-23.4214927],[-45.5637973,-23.4267753],[-45.5619109,-23.4426059],[-45.5542249,-23.4527172],[-45.5467232,-23.4549473],[-45.537361,-23.4529069],[-45.521875,-23.4586654],[-45.5247892,-23.4626098],[-45.5247307,-23.4682302],[-45.5215319,-23.4699111],[-45.5229695,-23.4783196],[-45.5159276,-23.4853404],[-45.5128752,-23.4825515],[-45.5095803,-23.4840413],[-45.507562,-23.501991],[-45.4990888,-23.5090371],[-45.4978885,-23.5193012],[-45.5042033,-23.5339899],[-45.4984133,-23.5393248],[-45.4881043,-23.5401727],[-45.4829417,-23.5511696],[-45.4834262,-23.5598024],[-45.459257,-23.5647568],[-45.4529778,-23.560754],[-45.4500325,-23.5646616],[-45.4569924,-23.5770282],[-45.4680927,-23.5788787],[-45.4701532,-23.5822761],[-45.4745298,-23.5796727],[-45.4766374,-23.5733406],[-45.4835496,-23.5758358],[-45.4875329,-23.5724801],[-45.5239416,-23.6049008],[-45.5267467,-23.6008243],[-45.5310449,-23.6020194],[-45.5399754,-23.5967682],[-45.5440451,-23.5982643],[-45.5524143,-23.6071759],[-45.5535037,-23.6142963],[-45.5606329,-23.6239601],[-45.5695874,-23.6312431],[-45.573067,-23.6387749],[-45.5786613,-23.6413332],[-45.5807986,-23.6467894],[-45.5872267,-23.6458726],[-45.6029516,-23.6541202],[-45.6184349,-23.6521306],[-45.6321404,-23.6568846],[-45.6329282,-23.6451527],[-45.6266834,-23.6414685],[-45.6217446,-23.6303856],[-45.63577,-23.6253351],[-45.6372773,-23.621874],[-45.6568498,-23.625813],[-45.6670258,-23.6203521],[-45.6695158,-23.6293138],[-45.6756319,-23.63122],[-45.6795538,-23.62753],[-45.6921729,-23.6370331],[-45.7025395,-23.6368513],[-45.6948141,-23.6308281]]]}},{"type":"Feature","id":"35172","properties":{"cd_regiao_saude":"35172","nm_regiao_saude":"CIRCUITO DA FE E VALE HISTORICO","cd_macrorregiao_saude":"3526","nm_macrorregiao_saude":"RRAS17","qt_municipio":17,"qt_populacao_ibge_2022":454993},"geometry":{"type":"Polygon","coordinates":[[[-45.3388029,-22.9449243],[-45.3326433,-22.9099792],[-45.3415118,-22.9000777],[-45.3537547,-22.8724861],[-45.338832,-22.8600179],[-45.3317418,-22.8620142],[-45.3238768,-22.855647],[-45.3316316,-22.8457588],[-45.3461442,-22.8519401],[-45.3430226,-22.8407371],[-45.3313539,-22.836106],[-45.3376349,-22.8280412],[-45.3417598,-22.8286307],[-45.3417875,-22.8204757],[-45.3389126,-22.8181703],[-45.3414304,-22.8115804],[-45.3490966,-22.815109],[-45.3519255,-22.806256],[-45.3644591,-22.8001391],[-45.345994,-22.7886416],[-45.3558537,-22.7843744],[-45.3811115,-22.7857964],[-45.398779,-22.7820132],[-45.4056226,-22.7663886],[-45.3968477,-22.7496112],[-45.3984207,-22.7450805],[-45.4122988,-22.7337563],[-45.4216023,-22.7310443],[-45.4292065,-22.7200085],[-45.4261801,-22.7139479],[-45.4303809,-22.7093375],[-45.4403259,-22.7112274],[-45.4388114,-22.7026569],[-45.4255307,-22.6922193],[-45.4240533,-22.6805009],[-45.4103717,-22.6741645],[-45.4027604,-22.6659045],[-45.3999859,-22.6536803],[-45.3864322,-22.6486325],[-45.3812515,-22.6423095],[-45.3705979,-22.6373159],[-45.3609582,-22.6387614],[-45.3489536,-22.6265112],[-45.335797,-22.6227518],[-45.332962,-22.6176392],[-45.2938527,-22.6136686],[-45.27424,-22.6162385],[-45.2614069,-22.6071156],[-45.2642158,-22.604573],[-45.2571265,-22.5902992],[-45.2601729,-22.5820534],[-45.2409372,-22.57574],[-45.2230954,-22.5636307],[-45.2123522,-22.5628717],[-45.203737,-22.5572993],[-45.1780456,-22.5498769],[-45.1645153,-22.5379287],[-45.1667624,-22.5306902],[-45.1600093,-22.5169168],[-45.1395955,-22.5016931],[-45.1034025,-22.4903084],[-45.0911255,-22.4830978],[-45.0826458,-22.4863677],[-45.0606871,-22.4725544],[-45.0405443,-22.4692716],[-45.0284034,-22.4631977],[-45.0251489,-22.4648714],[-45.0271499,-22.4702268],[-45.0097893,-22.4663687],[-44.9982363,-22.4691644],[-44.9918141,-22.4661729],[-44.9658591,-22.4751928],[-44.9599255,-22.4666598],[-44.9400702,-22.4526691],[-44.9140901,-22.455064],[-44.9082583,-22.4521574],[-44.8978411,-22.4529103],[-44.8897308,-22.432124],[-44.8752899,-22.4285655],[-44.8715058,-22.4240858],[-44.8595994,-22.4230432],[-44.8545114,-22.4280013],[-44.8396837,-22.4272319],[-44.8329526,-22.4309899],[-44.8241342,-22.4193369],[-44.8079839,-22.4141112],[-44.8096523,-22.4058742],[-44.8058366,-22.4039121],[-44.7937922,-22.4090768],[-44.7784846,-22.4088969],[-44.7700824,-22.4155261],[-44.7553337,-22.4152692],[-44.7339428,-22.4328958],[-44.7288103,-22.4486145],[-44.7242174,-22.4508307],[-44.7233116,-22.4621492],[-44.717696,-22.4673591],[-44.7227656,-22.473381],[-44.7249689,-22.4837938],[-44.7200743,-22.4927715],[-44.7122661,-22.4928222],[-44.7112537,-22.4962598],[-44.7102411,-22.5011104],[-44.7136896,-22.5030789],[-44.7127903,-22.509367],[-44.7171774,-22.5104766],[-44.7162208,-22.5142362],[-44.6988657,-22.5114658],[-44.6974633,-22.5180336],[-44.6888605,-22.5198073],[-44.6710072,-22.5366647],[-44.6699265,-22.5392683],[-44.6771244,-22.5475284],[-44.6774261,-22.5615001],[-44.6615327,-22.5509361],[-44.6503527,-22.5570132],[-44.6480853,-22.5524939],[-44.6444276,-22.5555986],[-44.6416234,-22.5602024],[-44.6423682,-22.5776348],[-44.6471202,-22.5846413],[-44.6434484,-22.6004855],[-44.6461165,-22.6033866],[-44.6402486,-22.6080579],[-44.6330988,-22.6093274],[-44.6229872,-22.6051234],[-44.6107974,-22.6173843],[-44.6046058,-22.6137009],[-44.602076,-22.6077715],[-44.5969551,-22.6099938],[-44.5918319,-22.623548],[-44.5836567,-22.6262132],[-44.574057,-22.6017336],[-44.5640868,-22.6119927],[-44.5550854,-22.6102569],[-44.550279,-22.6037612],[-44.5375378,-22.6181941],[-44.5329941,-22.6158361],[-44.5263039,-22.6192916],[-44.5378125,-22.6330384],[-44.5350049,-22.638107],[-44.5312314,-22.6394967],[-44.5345328,-22.6330881],[-44.5322718,-22.6307277],[-44.5156,-22.6301066],[-44.5085884,-22.640947],[-44.4959382,-22.6228748],[-44.4911442,-22.6206857],[-44.49299,-22.6180119],[-44.485175,-22.6110516],[-44.488916,-22.6091756],[-44.4849038,-22.6039018],[-44.4784696,-22.6128489],[-44.4648767,-22.6159696],[-44.4546092,-22.6094686],[-44.4467258,-22.6105125],[-44.4452766,-22.6063303],[-44.4314745,-22.5986518],[-44.4154394,-22.6021044],[-44.4066197,-22.6088484],[-44.3981514,-22.6029024],[-44.4059457,-22.5989991],[-44.4049285,-22.5914322],[-44.4096505,-22.5884303],[-44.4035226,-22.5880292],[-44.4002478,-22.5821908],[-44.3957023,-22.5815621],[-44.3923701,-22.572494],[-44.3823978,-22.5734942],[-44.3712139,-22.5804062],[-44.3638457,-22.5779555],[-44.3598084,-22.5811739],[-44.3704205,-22.5897465],[-44.3657534,-22.5940385],[-44.3598616,-22.5930541],[-44.3627449,-22.6059103],[-44.3598427,-22.6093869],[-44.3611903,-22.6128418],[-44.3560237,-22.6148993],[-44.3491951,-22.6090313],[-44.35183,-22.6002366],[-44.3501484,-22.5953142],[-44.3452391,-22.5966393],[-44.3473842,-22.5909061],[-44.3449903,-22.5878487],[-44.3336628,-22.5911033],[-44.3264885,-22.5884476],[-44.3153902,-22.5976896],[-44.313263,-22.5957672],[-44.2954297,-22.5984626],[-44.2952778,-22.6017062],[-44.2856906,-22.609731],[-44.2833338,-22.6043817],[-44.2687356,-22.5987743],[-44.2603379,-22.6095906],[-44.2533882,-22.6124709],[-44.2482354,-22.6064857],[-44.2326383,-22.6091546],[-44.2263691,-22.60456],[-44.219364,-22.6175366],[-44.2148989,-22.6142026],[-44.2100339,-22.6156073],[-44.2074259,-22.6120217],[-44.2039458,-22.615971],[-44.2043678,-22.6263438],[-44.1985025,-22.6304905],[-44.1912054,-22.6299349],[-44.1842763,-22.6372991],[-44.1910602,-22.6450583],[-44.1901268,-22.648584],[-44.1714498,-22.6594284],[-44.1613652,-22.6782584],[-44.168086,-22.6830924],[-44.1674243,-22.6871396],[-44.176813,-22.6926214],[-44.1738608,-22.702108],[-44.1760611,-22.7056579],[-44.1852319,-22.7120183],[-44.2037069,-22.7174175],[-44.1989603,-22.7352873],[-44.2093514,-22.7370254],[-44.218331,-22.7323715],[-44.2270465,-22.733739],[-44.2351117,-22.7451433],[-44.2424999,-22.7486509],[-44.2387775,-22.7557248],[-44.2504728,-22.7575675],[-44.2519766,-22.764692],[-44.2571054,-22.766283],[-44.2585747,-22.7707009],[-44.2544581,-22.7739323],[-44.2571028,-22.77803],[-44.2537561,-22.7807563],[-44.2565232,-22.7874906],[-44.2478638,-22.7908714],[-44.2424915,-22.7882331],[-44.2401407,-22.792658],[-44.2463792,-22.8039661],[-44.2613115,-22.8062592],[-44.2695162,-22.8274112],[-44.2676787,-22.8292436],[-44.2722526,-22.8321075],[-44.2833648,-22.8361567],[-44.2856575,-22.8282432],[-44.2965216,-22.8278766],[-44.3164591,-22.839077],[-44.3224344,-22.8496667],[-44.320518,-22.8399149],[-44.325274,-22.8377612],[-44.3322733,-22.8429659],[-44.3399905,-22.8413955],[-44.3413651,-22.8455031],[-44.3742233,-22.8580862],[-44.3874379,-22.8564878],[-44.3920592,-22.8524946],[-44.4005357,-22.8550975],[-44.4031495,-22.848539],[-44.4106793,-22.846359],[-44.4181953,-22.8481123],[-44.4326643,-22.8610755],[-44.4332925,-22.8688376],[-44.4376446,-22.8731],[-44.4661916,-22.8853713],[-44.4707232,-22.876151],[-44.4773299,-22.873616],[-44.4760269,-22.8678008],[-44.4801342,-22.8665045],[-44.4753333,-22.8572393],[-44.4787208,-22.8508682],[-44.4849432,-22.846201],[-44.4954126,-22.8469563],[-44.5052785,-22.8515493],[-44.5184214,-22.8653248],[-44.5306093,-22.868087],[-44.538896,-22.8736969],[-44.54499,-22.8806736],[-44.5436516,-22.8849451],[-44.5559534,-22.8880917],[-44.5624033,-22.8836494],[-44.5698635,-22.8840013],[-44.5757295,-22.8780175],[-44.5828922,-22.8837348],[-44.5928091,-22.8844396],[-44.5997787,-22.8907685],[-44.6073108,-22.885237],[-44.6227174,-22.9009468],[-44.6353676,-22.9063947],[-44.6396724,-22.9155878],[-44.658994,-22.9279312],[-44.6716121,-22.9220663],[-44.6733324,-22.9179578],[-44.6872237,-22.9325197],[-44.6877348,-22.93677],[-44.6957166,-22.9320538],[-44.7035452,-22.936102],[-44.706635,-22.9316064],[-44.7134344,-22.9298754],[-44.7278651,-22.9418204],[-44.7438207,-22.9472056],[-44.7517661,-22.9626382],[-44.7493697,-22.9699733],[-44.7567901,-22.9743199],[-44.7552595,-22.9803125],[-44.7593433,-22.9790954],[-44.7648405,-22.9833138],[-44.7767395,-22.9780555],[-44.7918982,-22.9818759],[-44.7929014,-22.9934132],[-44.8025363,-22.9987771],[-44.7996352,-23.0064787],[-44.7928499,-23.0103139],[-44.7986354,-23.0202623],[-44.796554,-23.0269492],[-44.8019625,-23.0315875],[-44.8022084,-23.0487801],[-44.8118946,-23.0545164],[-44.8072727,-23.0637929],[-44.8147955,-23.0676772],[-44.8114029,-23.0713648],[-44.8188437,-23.0914584],[-44.8125338,-23.0916878],[-44.8128779,-23.0982273],[-44.8088133,-23.0994729],[-44.8164345,-23.1078315],[-44.8105998,-23.1155346],[-44.8148938,-23.1204023],[-44.8144185,-23.1274662],[-44.8192535,-23.1315963],[-44.8160575,-23.1403156],[-44.8254815,-23.143741],[-44.821253,-23.1535255],[-44.8244162,-23.1626873],[-44.828448,-23.1620153],[-44.8345613,-23.1671288],[-44.8429035,-23.1666863],[-44.8448539,-23.1723899],[-44.8527373,-23.1738977],[-44.8604567,-23.180978],[-44.8727325,-23.1825022],[-44.8768324,-23.1944879],[-44.8749001,-23.1967461],[-44.8921834,-23.2113936],[-44.9030501,-23.2021496],[-44.9113614,-23.2031616],[-44.9164757,-23.1987341],[-44.9177844,-23.2037314],[-44.9317093,-23.2093012],[-44.9433975,-23.2297408],[-44.9536908,-23.2342277],[-44.9613541,-23.2450422],[-44.9671013,-23.2453867],[-44.9714292,-23.2328686],[-44.9844604,-23.2295989],[-44.9873113,-23.2365078],[-44.9954587,-23.2396305],[-44.9944224,-23.2506303],[-45.0030657,-23.2539754],[-45.0176255,-23.2697238],[-45.0102713,-23.2835468],[-45.0135959,-23.2901793],[-45.0087172,-23.3012309],[-45.0096107,-23.3061137],[-45.0194377,-23.3070577],[-45.0340511,-23.3146188],[-45.0409288,-23.3126429],[-45.0451118,-23.3152785],[-45.0486112,-23.3097559],[-45.0570833,-23.3123088],[-45.0679172,-23.3048988],[-45.0678084,-23.300317],[-45.0943988,-23.3158147],[-45.1029199,-23.3114614],[-45.1005826,-23.3168219],[-45.109054,-23.3238732],[-45.1246709,-23.3164061],[-45.125657,-23.3036993],[-45.1192632,-23.2920033],[-45.1080187,-23.2840263],[-45.1135077,-23.2712279],[-45.1030566,-23.2592327],[-45.1060285,-23.2535324],[-45.1006158,-23.246088],[-45.1062587,-23.2355854],[-45.1238817,-23.2388412],[-45.1248673,-23.2337768],[-45.1289054,-23.2341577],[-45.1335052,-23.2190871],[-45.1414843,-23.2162014],[-45.1335714,-23.2039663],[-45.1462095,-23.1875051],[-45.1412428,-23.1749047],[-45.1308055,-23.1671825],[-45.1301604,-23.1546013],[-45.1362404,-23.1273844],[-45.1422501,-23.1254909],[-45.1442885,-23.1107896],[-45.1526467,-23.1044625],[-45.1473185,-23.1025437],[-45.1457751,-23.0980466],[-45.1389859,-23.0994171],[-45.1393208,-23.0947504],[-45.1349643,-23.0927985],[-45.1316825,-23.0835597],[-45.1273787,-23.0826351],[-45.1369728,-23.0757532],[-45.1360201,-23.0710668],[-45.1399525,-23.0695105],[-45.137477,-23.0622841],[-45.1269586,-23.0573123],[-45.1242263,-23.0489666],[-45.1390965,-23.0487623],[-45.140187,-23.0460701],[-45.1464008,-23.0455705],[-45.1462343,-23.0367458],[-45.151986,-23.0350767],[-45.154455,-23.0285534],[-45.159513,-23.0327901],[-45.1628537,-23.0313039],[-45.162497,-23.0210983],[-45.1603213,-23.0174423],[-45.1563815,-23.0176397],[-45.157328,-23.0098383],[-45.1679814,-23.0048555],[-45.1815581,-23.00831],[-45.1870166,-23.0032986],[-45.1915639,-23.0047548],[-45.1914782,-22.9995664],[-45.1956021,-22.9984261],[-45.2119356,-23.0027303],[-45.2163431,-22.9995164],[-45.2343867,-23.0011127],[-45.2455595,-22.9987964],[-45.2666345,-23.0168402],[-45.2942232,-23.0270804],[-45.2982371,-23.0227424],[-45.3066673,-23.0253722],[-45.3275427,-23.0164272],[-45.3283348,-23.0041699],[-45.334189,-22.9937713],[-45.3212599,-22.9756513],[-45.3256672,-22.9658867],[-45.3322601,-22.9613118],[-45.3388029,-22.9449243]]]}},{"type":"Feature","id":"35173","properties":{"cd_regiao_saude":"35173","nm_regiao_saude":"LITORAL NORTE","cd_macrorregiao_saude":"3526","nm_macrorregiao_saude":"RRAS17","qt_municipio":4,"qt_populacao_ibge_2022":344383},"geometry":{"type":"MultiPolygon","coordinates":[[[[-45.6913113,-24.0909018],[-45.6879263,-24.0984776],[-45.6796809,-24.0972283],[-45.706277,-24.1131721],[-45.7065899,-24.1104593],[-45.7019754,-24.1096785],[-45.7039837,-24.1059071],[-45.7009789,-24.106232],[-45.6919395,-24.096714],[-45.6913113,-24.0909018]]],[[[-45.70161,-24.0958596],[-45.7022865,-24.095588],[-45.7018075,-24.0954892],[-45.70161,-24.0958596]]],[[[-45.7043774,-24.0939546],[-45.7053072,-24.0936288],[-45.704236,-24.0935364],[-45.7043774,-24.0939546]]],[[[-45.6584111,-24.0889646],[-45.6590989,-24.0889464],[-45.6583138,-24.0886896],[-45.6584111,-24.0889646]]],[[[-45.6629769,-24.0836529],[-45.6635231,-24.0827674],[-45.6631847,-24.0825395],[-45.6629769,-24.0836529]]],[[[-45.7165597,-24.079347],[-45.7170091,-24.0802605],[-45.7172165,-24.0801124],[-45.7165597,-24.079347]]],[[[-45.7167029,-24.0766706],[-45.7181004,-24.0766064],[-45.7167029,-24.0761521],[-45.7167029,-24.0766706]]],[[[-45.6553667,-24.0749195],[-45.6560518,-24.0769204],[-45.6562182,-24.0768989],[-45.6553667,-24.0749195]]],[[[-45.7741227,-23.8608559],[-45.7770824,-23.8686491],[-45.7813665,-23.8709345],[-45.7869762,-23.8684672],[-45.7846545,-23.8596997],[-45.7781045,-23.8577688],[-45.7741227,-23.8608559]]],[[[-45.4170644,-23.8533308],[-45.4179159,-23.8531067],[-45.4168941,-23.8531946],[-45.4170644,-23.8533308]]],[[[-45.5214279,-23.8466496],[-45.5221763,-23.8537034],[-45.5253933,-23.856279],[-45.5265218,-23.8500596],[-45.5214279,-23.8466496]]],[[[-45.4430721,-23.8313925],[-45.4438082,-23.8321331],[-45.4439555,-23.8313033],[-45.4430721,-23.8313925]]],[[[-45.3924149,-23.8289323],[-45.3924151,-23.8300877],[-45.3935108,-23.8301255],[-45.3924149,-23.8289323]]],[[[-45.4129083,-23.8279154],[-45.413023,-23.8280938],[-45.4133822,-23.8283333],[-45.4129083,-23.8279154]]],[[[-45.5425407,-23.8277414],[-45.5411799,-23.828375],[-45.5426835,-23.8288658],[-45.5425407,-23.8277414]]],[[[-45.4701575,-23.8236608],[-45.4698441,-23.8237525],[-45.4701651,-23.8239283],[-45.4701575,-23.8236608]]],[[[-45.406269,-23.8161808],[-45.4063633,-23.8163999],[-45.4064779,-23.8162674],[-45.406269,-23.8161808]]],[[[-45.4067327,-23.8149273],[-45.4067862,-23.8154547],[-45.4075276,-23.8148738],[-45.4067327,-23.8149273]]],[[[-45.4057519,-23.813842],[-45.4058512,-23.8142394],[-45.4062869,-23.8136637],[-45.4057519,-23.813842]]],[[[-45.668067,-23.8033261],[-45.6701434,-23.8070175],[-45.6714801,-23.8072787],[-45.668067,-23.8033261]]],[[[-45.7203002,-23.7986985],[-45.7148072,-23.8033651],[-45.7163052,-23.8062702],[-45.7261853,-23.8022957],[-45.7203002,-23.7986985]]],[[[-45.7046699,-23.7868964],[-45.7109197,-23.7899029],[-45.7176626,-23.7935449],[-45.711093,-23.7871598],[-45.7046699,-23.7868964]]],[[[-45.7989338,-23.7728046],[-45.8004028,-23.7737591],[-45.8007323,-23.7730715],[-45.7989338,-23.7728046]]],[[[-45.7464423,-23.7716912],[-45.7472534,-23.7718801],[-45.746636,-23.771326],[-45.7464423,-23.7716912]]],[[[-45.7533927,-23.7694637],[-45.7537614,-23.7697553],[-45.7537638,-23.7694481],[-45.7533927,-23.7694637]]],[[[-45.5225371,-23.8298343],[-45.5397046,-23.828832],[-45.533392,-23.8233564],[-45.5346228,-23.8183072],[-45.5444862,-23.8090723],[-45.5547411,-23.8104052],[-45.552069,-23.8050294],[-45.5566095,-23.8010978],[-45.5540365,-23.7971275],[-45.5601955,-23.7925316],[-45.5875578,-23.7926744],[-45.5967838,-23.7987046],[-45.6158193,-23.7992353],[-45.6178218,-23.8041223],[-45.6231068,-23.8050813],[-45.6266185,-23.7999921],[-45.6240498,-23.7958314],[-45.6245079,-23.7914886],[-45.6275285,-23.790738],[-45.6255157,-23.7871012],[-45.6330928,-23.7836395],[-45.6421305,-23.7845787],[-45.6406421,-23.781893],[-45.6436035,-23.7775924],[-45.6478926,-23.7801667],[-45.6492324,-23.7779915],[-45.6582287,-23.778973],[-45.6659314,-23.7859501],[-45.664078,-23.7789858],[-45.6727562,-23.7748018],[-45.6844531,-23.7753068],[-45.6848767,-23.7784862],[-45.692613,-23.7827354],[-45.696845,-23.780337],[-45.6949866,-23.7749292],[-45.7093247,-23.7706864],[-45.7175248,-23.7746348],[-45.7401193,-23.7676597],[-45.7523328,-23.767653],[-45.757041,-23.7706355],[-45.7624323,-23.7675648],[-45.7614796,-23.7640919],[-45.7675158,-23.7624323],[-45.8041089,-23.7698726],[-45.8017337,-23.7629406],[-45.8077114,-23.7591072],[-45.8424023,-23.758196],[-45.794878,-23.715684],[-45.799599,-23.693202],[-45.796058,-23.682972],[-45.791386,-23.683131],[-45.786411,-23.678394],[-45.777657,-23.683061],[-45.763488,-23.671053],[-45.7416925,-23.6681687],[-45.7336567,-23.656421],[-45.7277672,-23.6556672],[-45.7138286,-23.6430399],[-45.7074982,-23.6447732],[-45.7025395,-23.6368513],[-45.6921729,-23.6370331],[-45.6795538,-23.62753],[-45.6756319,-23.63122],[-45.6695158,-23.6293138],[-45.6670258,-23.6203521],[-45.6568498,-23.625813],[-45.6372773,-23.621874],[-45.63577,-23.6253351],[-45.6224025,-23.629096],[-45.6266834,-23.6414685],[-45.6329282,-23.6451527],[-45.6318525,-23.657148],[-45.6184349,-23.6521306],[-45.6029516,-23.6541202],[-45.5872267,-23.6458726],[-45.5807986,-23.6467894],[-45.5786613,-23.6413332],[-45.573067,-23.6387749],[-45.5695874,-23.6312431],[-45.5606329,-23.6239601],[-45.5535037,-23.6142963],[-45.5524143,-23.6071759],[-45.5440451,-23.5982643],[-45.5399754,-23.5967682],[-45.5310449,-23.6020194],[-45.5267467,-23.6008243],[-45.5239416,-23.6049008],[-45.4875329,-23.5724801],[-45.4835496,-23.5758358],[-45.4766374,-23.5733406],[-45.4706022,-23.5823444],[-45.4624212,-23.5770741],[-45.4551713,-23.5777005],[-45.4508523,-23.5695461],[-45.4459472,-23.5688179],[-45.4439083,-23.5560602],[-45.4307949,-23.552854],[-45.4249943,-23.5483022],[-45.4212997,-23.5569845],[-45.4141055,-23.5601614],[-45.3843924,-23.5553347],[-45.3721173,-23.5480835],[-45.3703806,-23.5419214],[-45.3640526,-23.544675],[-45.3556292,-23.5398819],[-45.3497367,-23.5477558],[-45.3422341,-23.5480757],[-45.3416207,-23.5375776],[-45.3335115,-23.5300174],[-45.3278831,-23.5316094],[-45.3249285,-23.5291688],[-45.3235248,-23.5231211],[-45.3185365,-23.5200619],[-45.3200318,-23.5162555],[-45.3161106,-23.5067746],[-45.3088276,-23.5049035],[-45.3107645,-23.5002026],[-45.306996,-23.496021],[-45.2883394,-23.4850846],[-45.2666427,-23.4819209],[-45.2416334,-23.4645266],[-45.2214961,-23.4555159],[-45.201628,-23.4523061],[-45.1760793,-23.4400362],[-45.1745796,-23.4315028],[-45.1784793,-23.4252468],[-45.173134,-23.4154206],[-45.1768717,-23.414085],[-45.1663103,-23.4104412],[-45.1696819,-23.3976911],[-45.1750382,-23.395168],[-45.1643036,-23.3920978],[-45.1636443,-23.3886925],[-45.1473409,-23.3801634],[-45.1425519,-23.3724471],[-45.1445038,-23.3658327],[-45.1397139,-23.3601575],[-45.1338653,-23.3635484],[-45.1174213,-23.3548842],[-45.09849,-23.3590535],[-45.0933538,-23.3515642],[-45.0812888,-23.3501188],[-45.0760804,-23.3449686],[-45.0726231,-23.3494413],[-45.0683339,-23.3481422],[-45.0678064,-23.3422948],[-45.0777795,-23.32764],[-45.0704732,-23.3234398],[-45.0750416,-23.3198536],[-45.0718352,-23.3144011],[-45.0742276,-23.3042341],[-45.0678084,-23.300317],[-45.0679172,-23.3048988],[-45.0570833,-23.3123088],[-45.0480903,-23.3098553],[-45.0445116,-23.3153179],[-45.0099252,-23.3065596],[-45.0087172,-23.3012309],[-45.0135959,-23.2901793],[-45.0102713,-23.2835468],[-45.0176255,-23.2697238],[-45.0030657,-23.2539754],[-44.9944224,-23.2506303],[-44.9952678,-23.2393833],[-44.9873113,-23.2365078],[-44.9839684,-23.2294922],[-44.9714292,-23.2328686],[-44.9671013,-23.2453867],[-44.9613541,-23.2450422],[-44.9536908,-23.2342277],[-44.9433975,-23.2297408],[-44.9317093,-23.2093012],[-44.9177844,-23.2037314],[-44.9161807,-23.1985811],[-44.9113614,-23.2031616],[-44.9030501,-23.2021496],[-44.8929112,-23.2114864],[-44.8826453,-23.2027127],[-44.8834824,-23.2110079],[-44.8801147,-23.2133097],[-44.8893206,-23.2265949],[-44.8859508,-23.2357903],[-44.8808676,-23.2365899],[-44.8706477,-23.2495651],[-44.8521219,-23.2488988],[-44.8421302,-23.2557224],[-44.8364313,-23.2558349],[-44.8399931,-23.2633896],[-44.8284829,-23.2695571],[-44.8288486,-23.2762455],[-44.8237589,-23.2806923],[-44.8267208,-23.2916214],[-44.8071498,-23.2834855],[-44.8053644,-23.2900491],[-44.7874214,-23.2991069],[-44.7867846,-23.3100876],[-44.7783744,-23.3150353],[-44.7816111,-23.3258969],[-44.7762573,-23.3323878],[-44.7771502,-23.3384988],[-44.759944,-23.3412275],[-44.7564282,-23.3502079],[-44.7357554,-23.3656372],[-44.7280809,-23.368932],[-44.7237744,-23.3673482],[-44.728123,-23.370277],[-44.7505718,-23.3660388],[-44.7850628,-23.3780342],[-44.7826279,-23.3739208],[-44.7845657,-23.3704665],[-44.7965921,-23.3689812],[-44.8021546,-23.373127],[-44.7996733,-23.3755984],[-44.8061261,-23.3791766],[-44.826407,-23.3837788],[-44.8264406,-23.3876147],[-44.8319935,-23.3849453],[-44.8420106,-23.3881448],[-44.8436791,-23.3830655],[-44.8385705,-23.3793993],[-44.8400047,-23.3751725],[-44.8368651,-23.3695881],[-44.8498705,-23.3610747],[-44.8651678,-23.3569588],[-44.8747311,-23.3644119],[-44.8822311,-23.3633165],[-44.8847834,-23.3697528],[-44.8906838,-23.3724796],[-44.8921704,-23.3698204],[-44.8873068,-23.364964],[-44.8907438,-23.3590191],[-44.8826319,-23.3515604],[-44.882841,-23.346394],[-44.8876425,-23.3387171],[-44.9080106,-23.3340716],[-44.9210299,-23.3509196],[-44.9421504,-23.3570614],[-44.9484896,-23.3640644],[-44.9493341,-23.3786443],[-44.9607634,-23.3804544],[-44.9630947,-23.3863447],[-44.9717599,-23.3895316],[-44.9706115,-23.3939457],[-44.977653,-23.4006219],[-44.9812156,-23.4011615],[-44.9833552,-23.3971173],[-44.9927748,-23.3973092],[-45.0088565,-23.4059326],[-45.0089813,-23.4124719],[-45.0124903,-23.4130623],[-45.0135206,-23.4182588],[-45.0230138,-23.4187483],[-45.023046,-23.4142264],[-45.032271,-23.4138516],[-45.0388709,-23.4230715],[-45.0420005,-23.4219915],[-45.0446918,-23.4257844],[-45.048058,-23.4250715],[-45.0449426,-23.4210475],[-45.0481058,-23.4176833],[-45.0597009,-23.4187274],[-45.0646387,-23.4261322],[-45.0593866,-23.4300907],[-45.0686085,-23.432609],[-45.0693773,-23.4371313],[-45.0671639,-23.4467816],[-45.0600439,-23.4563112],[-45.0551072,-23.4591894],[-45.0444663,-23.4493588],[-45.0375774,-23.4478792],[-45.0348834,-23.4596695],[-45.017945,-23.4608555],[-45.0304713,-23.4626704],[-45.0324471,-23.4656664],[-45.0465732,-23.4613551],[-45.0521548,-23.4679773],[-45.0562677,-23.4649241],[-45.0626812,-23.4679464],[-45.0736901,-23.4854517],[-45.0726431,-23.4932912],[-45.0667985,-23.4928993],[-45.0810538,-23.5090345],[-45.0817543,-23.5215421],[-45.0859923,-23.5131447],[-45.0833508,-23.4961175],[-45.0876433,-23.49353],[-45.0985862,-23.4927214],[-45.1044262,-23.4980979],[-45.1029214,-23.4900612],[-45.1067935,-23.4886937],[-45.1102844,-23.4955217],[-45.1240668,-23.5028795],[-45.1075322,-23.5079064],[-45.1105461,-23.5128357],[-45.1069218,-23.5143433],[-45.1088617,-23.517018],[-45.1057174,-23.523646],[-45.1126631,-23.5264433],[-45.113169,-23.5196207],[-45.1204105,-23.5213787],[-45.121706,-23.5163267],[-45.1324406,-23.5094193],[-45.1387257,-23.5109315],[-45.1345621,-23.5066324],[-45.1377984,-23.501516],[-45.1457427,-23.5019212],[-45.1437499,-23.4999223],[-45.1466214,-23.4965921],[-45.1602159,-23.5000272],[-45.165503,-23.4928987],[-45.1690817,-23.4927892],[-45.1748998,-23.5006593],[-45.1711337,-23.5026361],[-45.1726722,-23.5118616],[-45.1661363,-23.5126623],[-45.1664419,-23.515801],[-45.1626923,-23.5168689],[-45.1666633,-23.5212857],[-45.1660244,-23.5293309],[-45.1620155,-23.5320466],[-45.1576559,-23.5294355],[-45.1620132,-23.5418945],[-45.1692114,-23.5392038],[-45.1744267,-23.5430185],[-45.1783385,-23.5377921],[-45.1865226,-23.5405745],[-45.1896047,-23.5332932],[-45.1866205,-23.5288728],[-45.1904133,-23.5216192],[-45.1948747,-23.5203112],[-45.2096669,-23.5236327],[-45.2274935,-23.5371263],[-45.2298263,-23.550934],[-45.222829,-23.5514705],[-45.2188863,-23.5576133],[-45.2143785,-23.5560521],[-45.2189909,-23.5593658],[-45.2180161,-23.5625903],[-45.2148188,-23.5654963],[-45.210888,-23.5639603],[-45.2095718,-23.5647578],[-45.2154068,-23.5686209],[-45.2101542,-23.5706962],[-45.2076898,-23.5782984],[-45.2109628,-23.582735],[-45.2159935,-23.5805484],[-45.2286508,-23.5840834],[-45.2305579,-23.5816892],[-45.241331,-23.5878676],[-45.244225,-23.5937286],[-45.2530183,-23.5945362],[-45.2527777,-23.5914347],[-45.2572602,-23.5895997],[-45.2632638,-23.5966401],[-45.2610328,-23.5918762],[-45.2640153,-23.5888392],[-45.2704396,-23.5891969],[-45.2726537,-23.5864209],[-45.2784216,-23.5882544],[-45.2801305,-23.5844762],[-45.2764905,-23.5775057],[-45.2787821,-23.5740659],[-45.2850822,-23.5723269],[-45.2933087,-23.5749133],[-45.297614,-23.5722414],[-45.3114123,-23.5756653],[-45.3280714,-23.5848181],[-45.3434037,-23.600672],[-45.3573437,-23.6243306],[-45.3690326,-23.6303586],[-45.3777657,-23.6244983],[-45.3882545,-23.6347035],[-45.3975017,-23.629494],[-45.400487,-23.6231952],[-45.4098406,-23.625985],[-45.420496,-23.6387196],[-45.4271585,-23.6542252],[-45.4301285,-23.6881325],[-45.4271883,-23.7093312],[-45.4196571,-23.7258581],[-45.3971344,-23.7236626],[-45.398766,-23.7367442],[-45.4124827,-23.7536692],[-45.396868,-23.7805715],[-45.3995387,-23.7960833],[-45.3963893,-23.8071916],[-45.3986873,-23.8078516],[-45.3961392,-23.8089483],[-45.3990493,-23.8103524],[-45.39658,-23.810712],[-45.4005544,-23.8140019],[-45.4065297,-23.8095921],[-45.4087772,-23.815476],[-45.4049222,-23.8199816],[-45.4120825,-23.8248456],[-45.4192787,-23.8240031],[-45.4212158,-23.8283135],[-45.4322562,-23.8331346],[-45.4319897,-23.8295354],[-45.4397877,-23.8266598],[-45.4463627,-23.8330666],[-45.4471266,-23.8273044],[-45.4656723,-23.8191011],[-45.4783408,-23.8283756],[-45.4900736,-23.8300656],[-45.4912822,-23.8374371],[-45.4992825,-23.8385833],[-45.5026446,-23.8426375],[-45.5097762,-23.8402148],[-45.5145665,-23.8420755],[-45.5120072,-23.8322092],[-45.5228436,-23.8332028],[-45.5225371,-23.8298343]]],[[[-45.3008856,-23.922734],[-45.3003424,-23.9222797],[-45.3002338,-23.9225019],[-45.3008856,-23.922734]]],[[[-45.2966251,-23.9197684],[-45.2982498,-23.9206338],[-45.296565,-23.9194565],[-45.2966251,-23.9197684]]],[[[-45.297034,-23.9187441],[-45.2963723,-23.9192774],[-45.2969253,-23.9192133],[-45.297034,-23.9187441]]],[[[-45.3254965,-23.917959],[-45.3223954,-23.9146308],[-45.325457,-23.9194898],[-45.3254965,-23.917959]]],[[[-45.2629258,-23.8878103],[-45.2644152,-23.8899346],[-45.2650706,-23.8886622],[-45.2629258,-23.8878103]]],[[[-45.2590623,-23.8892359],[-45.2597159,-23.888482],[-45.2585457,-23.888266],[-45.2590623,-23.8892359]]],[[[-45.2865605,-23.8601205],[-45.2859581,-23.8605797],[-45.2869704,-23.8608858],[-45.2865605,-23.8601205]]],[[[-45.2781142,-23.8500914],[-45.2772691,-23.8514949],[-45.2789849,-23.8509557],[-45.2781142,-23.8500914]]],[[[-45.3258042,-23.9119213],[-45.339323,-23.9208193],[-45.3390583,-23.9241471],[-45.3404085,-23.9254029],[-45.3451166,-23.923507],[-45.3429733,-23.9199485],[-45.3475029,-23.9160817],[-45.3572937,-23.9278012],[-45.3642858,-23.9304503],[-45.3981482,-23.932605],[-45.4078725,-23.9385004],[-45.4227026,-23.9384316],[-45.4280613,-23.9411808],[-45.4443223,-23.9341456],[-45.4514091,-23.9224489],[-45.4596366,-23.9158025],[-45.4621339,-23.88853],[-45.4576619,-23.884659],[-45.4516883,-23.8849005],[-45.4410422,-23.8715297],[-45.4348726,-23.870203],[-45.4300722,-23.8601756],[-45.4176217,-23.8593568],[-45.4137543,-23.847835],[-45.4024312,-23.8423401],[-45.3763443,-23.8183597],[-45.3726816,-23.8194333],[-45.36569,-23.8088909],[-45.3634668,-23.7872847],[-45.3583655,-23.7850311],[-45.3589776,-23.7771777],[-45.3524015,-23.7729057],[-45.3488717,-23.7653508],[-45.351377,-23.759311],[-45.3478043,-23.7480404],[-45.3493898,-23.7425399],[-45.343366,-23.7366347],[-45.3414736,-23.7277895],[-45.3292482,-23.7223197],[-45.3185977,-23.7234825],[-45.3086282,-23.7316879],[-45.2932283,-23.7331658],[-45.2910679,-23.7373426],[-45.27695,-23.7348806],[-45.274269,-23.738638],[-45.2676531,-23.7397037],[-45.2672556,-23.743328],[-45.2630831,-23.7415605],[-45.2558742,-23.7498879],[-45.2600534,-23.7578368],[-45.2575986,-23.7621846],[-45.2458367,-23.7614913],[-45.2385072,-23.7674986],[-45.2343335,-23.7765102],[-45.2298332,-23.7763327],[-45.2351596,-23.7821082],[-45.232532,-23.7850682],[-45.2375128,-23.7955889],[-45.2367333,-23.8018367],[-45.2422038,-23.8077491],[-45.2410763,-23.8121617],[-45.2368553,-23.8104976],[-45.2388172,-23.8191652],[-45.2483861,-23.8248302],[-45.2434504,-23.8278878],[-45.2446544,-23.8317241],[-45.2382804,-23.8303905],[-45.2393566,-23.8342983],[-45.2441682,-23.8361668],[-45.2412902,-23.8387141],[-45.232639,-23.835618],[-45.2268079,-23.837111],[-45.2385439,-23.8430436],[-45.2444684,-23.8373201],[-45.2738816,-23.838699],[-45.2807166,-23.8439682],[-45.2816834,-23.8497251],[-45.2868893,-23.8515278],[-45.2888895,-23.8584315],[-45.2854274,-23.8632635],[-45.2909311,-23.8661357],[-45.288854,-23.873698],[-45.2704227,-23.8744379],[-45.2687915,-23.8794824],[-45.2778645,-23.8842435],[-45.2742023,-23.8859152],[-45.2728638,-23.8923249],[-45.2615215,-23.8921418],[-45.2484783,-23.9032372],[-45.2441756,-23.9009425],[-45.2454855,-23.8962774],[-45.2413698,-23.8921902],[-45.2348777,-23.9006168],[-45.2289671,-23.898338],[-45.2231795,-23.9034729],[-45.2263096,-23.9078459],[-45.2345648,-23.9063905],[-45.2379,-23.908917],[-45.235531,-23.9192026],[-45.2379464,-23.9253194],[-45.2322409,-23.9309911],[-45.2369589,-23.9348898],[-45.2357542,-23.9439107],[-45.2265116,-23.9427129],[-45.2348887,-23.949898],[-45.240545,-23.9627376],[-45.2518398,-23.9680822],[-45.2685279,-23.9652845],[-45.2684938,-23.9622261],[-45.2795159,-23.9535627],[-45.2872038,-23.941308],[-45.2818022,-23.9358721],[-45.2801251,-23.928477],[-45.2911072,-23.9105886],[-45.3028584,-23.9155887],[-45.304375,-23.907975],[-45.3205332,-23.916511],[-45.3213681,-23.9143714],[-45.3258042,-23.9119213]]],[[[-45.154313,-23.8262133],[-45.1533169,-23.82851],[-45.155892,-23.828605],[-45.154313,-23.8262133]]],[[[-45.2294378,-23.8122116],[-45.2261153,-23.8132904],[-45.2283261,-23.8144447],[-45.2294378,-23.8122116]]],[[[-45.1377451,-23.790814],[-45.1401223,-23.7970655],[-45.1149325,-23.8038059],[-45.117188,-23.8122729],[-45.1213032,-23.8137899],[-45.1324183,-23.8093069],[-45.1470621,-23.8176192],[-45.1479406,-23.8136915],[-45.1564497,-23.8104537],[-45.1569735,-23.8043282],[-45.1606547,-23.8017794],[-45.148004,-23.7913988],[-45.1377451,-23.790814]]],[[[-45.2933909,-23.595167],[-45.2809998,-23.5928168],[-45.2827254,-23.6011073],[-45.2955747,-23.6016167],[-45.2933909,-23.595167]]],[[[-45.3092748,-23.5860502],[-45.3102447,-23.5870481],[-45.3104024,-23.5859827],[-45.3092748,-23.5860502]]],[[[-45.3123662,-23.5841181],[-45.3109485,-23.581284],[-45.3104506,-23.5837457],[-45.3123662,-23.5841181]]],[[[-45.1577546,-23.5599946],[-45.1449261,-23.5710899],[-45.1514947,-23.568232],[-45.1572929,-23.5736144],[-45.1580062,-23.5707077],[-45.1626803,-23.5699629],[-45.1577546,-23.5599946]]],[[[-45.0769188,-23.562027],[-45.077587,-23.5647601],[-45.0793789,-23.5634054],[-45.0769188,-23.562027]]],[[[-45.1519495,-23.5591699],[-45.1507729,-23.5582278],[-45.1509765,-23.5596603],[-45.1519495,-23.5591699]]],[[[-45.155235,-23.550761],[-45.155393,-23.5500203],[-45.1550473,-23.5500203],[-45.155235,-23.550761]]],[[[-45.2159797,-23.5485638],[-45.2167176,-23.5509744],[-45.2189982,-23.5505385],[-45.2159797,-23.5485638]]],[[[-45.1555971,-23.5479238],[-45.1548605,-23.5468976],[-45.1544045,-23.548334],[-45.1555971,-23.5479238]]],[[[-45.0763152,-23.5290878],[-45.0777514,-23.5361051],[-45.0698722,-23.539614],[-45.0640614,-23.5386283],[-45.0592019,-23.5268562],[-45.0508482,-23.5276633],[-45.0445511,-23.5315032],[-45.0454604,-23.5345181],[-45.0392627,-23.5343019],[-45.0408107,-23.5411871],[-45.04973,-23.5459634],[-45.0567155,-23.5455456],[-45.0652163,-23.5555115],[-45.0777006,-23.5612394],[-45.0819026,-23.5540132],[-45.0776505,-23.54621],[-45.0835777,-23.5387676],[-45.0797008,-23.5337043],[-45.0806737,-23.526167],[-45.0763152,-23.5290878]]],[[[-45.1540844,-23.534046],[-45.1543659,-23.5338682],[-45.1538276,-23.5335127],[-45.1540844,-23.534046]]],[[[-45.2104355,-23.5331454],[-45.213794,-23.5331313],[-45.2142943,-23.5318861],[-45.212195,-23.5316765],[-45.2104355,-23.5331454]]],[[[-45.1026377,-23.4987368],[-45.1019503,-23.499021],[-45.1023269,-23.4996648],[-45.1026377,-23.4987368]]],[[[-45.052755,-23.468396],[-45.0521547,-23.4682552],[-45.0525597,-23.4686489],[-45.052755,-23.468396]]],[[[-45.058346,-23.468316],[-45.0587013,-23.4678886],[-45.0581379,-23.4678662],[-45.058346,-23.468316]]],[[[-45.0150116,-23.7403216],[-45.0166901,-23.7489613],[-45.00844,-23.7474967],[-45.0070271,-23.7516964],[-45.0147512,-23.7612577],[-45.0187653,-23.7585847],[-45.0172729,-23.7507073],[-45.0238479,-23.7462758],[-45.0232374,-23.7404696],[-45.0150116,-23.7403216]]],[[[-45.0328528,-23.7396419],[-45.0323674,-23.7375853],[-45.0293646,-23.7370014],[-45.0328528,-23.7396419]]],[[[-45.0225142,-23.7394646],[-45.0253797,-23.7371675],[-45.0209252,-23.7343824],[-45.020228,-23.737051],[-45.0225142,-23.7394646]]],[[[-45.0247315,-23.5499663],[-45.0242931,-23.549923],[-45.024652,-23.5500405],[-45.0247315,-23.5499663]]],[[[-45.0263365,-23.5441153],[-45.0293652,-23.5486219],[-45.0329854,-23.5482194],[-45.0263365,-23.5441153]]],[[[-45.0232329,-23.5435614],[-45.0227984,-23.5434182],[-45.0231193,-23.5436849],[-45.0232329,-23.5435614]]],[[[-45.0420477,-23.5187181],[-45.0410468,-23.5163113],[-45.0398975,-23.5169712],[-45.0420477,-23.5187181]]],[[[-44.9024423,-23.4273383],[-44.9051182,-23.4258347],[-44.9011531,-23.4242638],[-44.9024423,-23.4273383]]],[[[-44.8598407,-23.4228324],[-44.8618678,-23.4228827],[-44.8597972,-23.4216886],[-44.8598407,-23.4228324]]],[[[-44.852268,-23.4086853],[-44.8536723,-23.4163617],[-44.8495413,-23.4209772],[-44.8535968,-23.426601],[-44.8596421,-23.4251299],[-44.8543641,-23.4201197],[-44.855752,-23.4164284],[-44.852268,-23.4086853]]],[[[-45.0080319,-23.4132859],[-45.0086231,-23.4136873],[-45.0084579,-23.4130142],[-45.0080319,-23.4132859]]],[[[-44.935541,-23.4122858],[-44.9360558,-23.412629],[-44.9361026,-23.4125432],[-44.935541,-23.4122858]]],[[[-44.8504718,-23.4040494],[-44.8495333,-23.4048375],[-44.8503444,-23.405326],[-44.8504718,-23.4040494]]],[[[-44.897333,-23.4029447],[-44.897268,-23.402417],[-44.8970574,-23.4034205],[-44.897333,-23.4029447]]],[[[-44.8555889,-23.3987105],[-44.8564372,-23.3999368],[-44.8566591,-23.399818],[-44.8555889,-23.3987105]]],[[[-44.8520804,-23.4031977],[-44.8541964,-23.3981003],[-44.8471884,-23.3945279],[-44.846687,-23.3963041],[-44.8520804,-23.4031977]]],[[[-44.9387154,-23.3907906],[-44.9383579,-23.3909128],[-44.9388727,-23.3911104],[-44.9387154,-23.3907906]]],[[[-44.8882527,-23.3895364],[-44.8880259,-23.3881863],[-44.8870247,-23.3888529],[-44.8882527,-23.3895364]]],[[[-44.9364015,-23.3883455],[-44.9382821,-23.3870494],[-44.9359047,-23.3870008],[-44.9364015,-23.3883455]]],[[[-44.9465815,-23.3827799],[-44.9403886,-23.3836152],[-44.9428908,-23.3869801],[-44.9508291,-23.388438],[-44.9465815,-23.3827799]]],[[[-44.9348846,-23.3848917],[-44.9352225,-23.3846395],[-44.9348924,-23.3846187],[-44.9348846,-23.3848917]]],[[[-44.8874549,-23.3846947],[-44.8889883,-23.3838275],[-44.8871356,-23.3838681],[-44.8874549,-23.3846947]]],[[[-44.8979893,-23.3758334],[-44.9037564,-23.3797504],[-44.9071214,-23.380237],[-44.9027891,-23.3752441],[-44.8979893,-23.3758334]]],[[[-44.8929193,-23.3526758],[-44.8927446,-23.3533269],[-44.8930611,-23.3532274],[-44.8929193,-23.3526758]]],[[[-44.9025792,-23.3516343],[-44.9048782,-23.3524478],[-44.9029489,-23.3510259],[-44.9025792,-23.3516343]]],[[[-44.9089382,-23.3364075],[-44.9081349,-23.3373167],[-44.9088789,-23.3373882],[-44.9089382,-23.3364075]]]]}},{"type":"Feature","id":"35174","properties":{"cd_regiao_saude":"35174","nm_regiao_saude":"VALE DO PARAIBA/REGIAO SERRANA","cd_macrorregiao_saude":"3526","nm_macrorregiao_saude":"RRAS17","qt_municipio":10,"qt_populacao_ibge_2022":620034},"geometry":{"type":"Polygon","coordinates":[[[-45.4548595,-23.5617679],[-45.4603847,-23.5646793],[-45.4834262,-23.5598024],[-45.4829417,-23.5511696],[-45.4881043,-23.5401727],[-45.4984133,-23.5393248],[-45.5042033,-23.5339899],[-45.4978885,-23.5193012],[-45.4990888,-23.5090371],[-45.507562,-23.501991],[-45.5095803,-23.4840413],[-45.5128752,-23.4825515],[-45.5159276,-23.4853404],[-45.5229695,-23.4783196],[-45.5215319,-23.4699111],[-45.5247307,-23.4682302],[-45.5247892,-23.4626098],[-45.521875,-23.4586654],[-45.537361,-23.4529069],[-45.5467232,-23.4549473],[-45.5542249,-23.4527172],[-45.5619109,-23.4426059],[-45.5637973,-23.4267753],[-45.569804,-23.4214927],[-45.5670431,-23.4178369],[-45.5631127,-23.4193122],[-45.5622477,-23.4134743],[-45.5669057,-23.4084888],[-45.5581508,-23.4058985],[-45.5494302,-23.396017],[-45.5475637,-23.3846353],[-45.537704,-23.3730105],[-45.5378329,-23.3661193],[-45.5571974,-23.3744137],[-45.5649189,-23.3696502],[-45.572879,-23.3694089],[-45.5775039,-23.3639646],[-45.5753198,-23.3428164],[-45.5670177,-23.3447634],[-45.5641178,-23.3420452],[-45.5677955,-23.3362306],[-45.5662138,-23.3285729],[-45.5690915,-23.3230846],[-45.5726126,-23.3251797],[-45.6303245,-23.2968023],[-45.6328194,-23.2911897],[-45.644132,-23.2951341],[-45.6455546,-23.2911182],[-45.6426425,-23.2872113],[-45.6437099,-23.2796379],[-45.6353292,-23.2712784],[-45.6276091,-23.2684294],[-45.624144,-23.2597901],[-45.6121589,-23.2471773],[-45.6157085,-23.2303264],[-45.6261641,-23.218667],[-45.621482,-23.2109945],[-45.6216406,-23.2050711],[-45.6354065,-23.2046586],[-45.6407502,-23.1960316],[-45.6282244,-23.1933462],[-45.6246222,-23.1848069],[-45.6161431,-23.1809514],[-45.6204188,-23.1740498],[-45.605359,-23.1597222],[-45.6054739,-23.1559908],[-45.5930042,-23.1399596],[-45.5941546,-23.1333323],[-45.6115562,-23.1233626],[-45.6240255,-23.1208882],[-45.6296509,-23.1154615],[-45.6291232,-23.1012979],[-45.6361724,-23.0899465],[-45.6318336,-23.0871873],[-45.6309596,-23.0813073],[-45.6374899,-23.0745246],[-45.6398373,-23.0631157],[-45.6450522,-23.0604386],[-45.6659253,-23.0305776],[-45.6649255,-23.0385156],[-45.672867,-23.0355583],[-45.6712229,-23.0417211],[-45.6741198,-23.0460594],[-45.6783434,-23.0364116],[-45.6974137,-23.0265009],[-45.7027147,-23.0072304],[-45.7133764,-23.0097789],[-45.7112303,-22.9900061],[-45.7185428,-22.9873555],[-45.725088,-22.9694458],[-45.7094592,-22.9569904],[-45.7058253,-22.9486194],[-45.6959874,-22.9394909],[-45.6724643,-22.9237221],[-45.6751672,-22.9149887],[-45.6833495,-22.9106892],[-45.6843291,-22.907202],[-45.6751323,-22.9004067],[-45.6770484,-22.8967084],[-45.6679912,-22.8848146],[-45.6666124,-22.8777568],[-45.6801577,-22.8788807],[-45.7118244,-22.8891034],[-45.7368576,-22.8910875],[-45.7442914,-22.8791882],[-45.7514691,-22.8770413],[-45.7565361,-22.8680404],[-45.7569528,-22.8498013],[-45.7540678,-22.8476701],[-45.7589023,-22.8425512],[-45.7582281,-22.8359535],[-45.7680281,-22.8359588],[-45.7709451,-22.8059268],[-45.7590213,-22.8010296],[-45.7549173,-22.7929122],[-45.7429038,-22.795357],[-45.7417069,-22.8079167],[-45.7287746,-22.8101865],[-45.7227755,-22.8163174],[-45.7135809,-22.8147857],[-45.7143286,-22.8086291],[-45.7203074,-22.8082659],[-45.722249,-22.8029856],[-45.7303336,-22.7985942],[-45.729029,-22.7852375],[-45.7224947,-22.7794601],[-45.7168032,-22.7799792],[-45.7119176,-22.7732277],[-45.7134122,-22.7569472],[-45.7177547,-22.7551815],[-45.71732,-22.7481412],[-45.7304415,-22.7264803],[-45.7279413,-22.72404],[-45.7325571,-22.7220027],[-45.7588906,-22.7216814],[-45.7759654,-22.7320942],[-45.782014,-22.7317897],[-45.7956339,-22.7390214],[-45.8058373,-22.7369777],[-45.8198219,-22.7232996],[-45.8179915,-22.7113676],[-45.811641,-22.6987077],[-45.7878589,-22.6933565],[-45.7788831,-22.6835668],[-45.7610778,-22.6772422],[-45.7554836,-22.671074],[-45.7505519,-22.6712425],[-45.7428067,-22.6591669],[-45.7322301,-22.6568356],[-45.7161828,-22.6619924],[-45.6939927,-22.6517099],[-45.6979552,-22.6497703],[-45.6996645,-22.6424264],[-45.7087168,-22.6394678],[-45.7174694,-22.6210098],[-45.728845,-22.6204796],[-45.7307129,-22.6118817],[-45.7374289,-22.6085387],[-45.7345997,-22.597449],[-45.7275893,-22.5943281],[-45.7267937,-22.587023],[-45.7171972,-22.5821051],[-45.7184548,-22.5779914],[-45.6954392,-22.5863386],[-45.6797214,-22.5734188],[-45.6605737,-22.5778408],[-45.6630756,-22.5866995],[-45.6588596,-22.5981101],[-45.6644041,-22.6000843],[-45.6681336,-22.6096474],[-45.6661076,-22.6126952],[-45.675537,-22.6262052],[-45.6744187,-22.6306991],[-45.6810783,-22.6363357],[-45.6661848,-22.6512012],[-45.6477,-22.6482337],[-45.6181281,-22.6379141],[-45.6050788,-22.6204322],[-45.589993,-22.619058],[-45.5847791,-22.6155087],[-45.5879976,-22.6104226],[-45.5765196,-22.6017027],[-45.5727192,-22.6093168],[-45.563659,-22.6127483],[-45.5553554,-22.626441],[-45.5599393,-22.6276023],[-45.5728336,-22.6412242],[-45.5773265,-22.6405282],[-45.5843695,-22.6516886],[-45.573577,-22.6569701],[-45.5447906,-22.6508388],[-45.5399082,-22.6525798],[-45.533047,-22.6467543],[-45.524931,-22.6468747],[-45.5164596,-22.6414302],[-45.4991285,-22.6250112],[-45.4888005,-22.6287852],[-45.4747742,-22.5995099],[-45.4785442,-22.5911184],[-45.4812854,-22.5911954],[-45.4738566,-22.5888942],[-45.4517085,-22.6063504],[-45.4480514,-22.6046127],[-45.4374929,-22.6117418],[-45.4355472,-22.6183207],[-45.4129317,-22.6222155],[-45.4130965,-22.6285036],[-45.4087962,-22.6334894],[-45.4117392,-22.6410638],[-45.4087439,-22.6440779],[-45.4105211,-22.651671],[-45.3999859,-22.6536803],[-45.4009545,-22.6611363],[-45.4094976,-22.6735241],[-45.4240533,-22.6805009],[-45.4255307,-22.6922193],[-45.4388114,-22.7026569],[-45.4403259,-22.7112274],[-45.4303809,-22.7093375],[-45.4261801,-22.7139479],[-45.4292065,-22.7200085],[-45.4216023,-22.7310443],[-45.4122988,-22.7337563],[-45.3984207,-22.7450805],[-45.3968477,-22.7496112],[-45.4056226,-22.7663886],[-45.398779,-22.7820132],[-45.3811115,-22.7857964],[-45.3558537,-22.7843744],[-45.345994,-22.7886416],[-45.3644591,-22.8001391],[-45.3519255,-22.806256],[-45.3490966,-22.815109],[-45.3414304,-22.8115804],[-45.3389126,-22.8181703],[-45.3417875,-22.8204757],[-45.3417598,-22.8286307],[-45.3376349,-22.8280412],[-45.3313539,-22.836106],[-45.3430226,-22.8407371],[-45.3461442,-22.8519401],[-45.3316316,-22.8457588],[-45.3238768,-22.855647],[-45.3317418,-22.8620142],[-45.338832,-22.8600179],[-45.3537547,-22.8724861],[-45.3415118,-22.9000777],[-45.3318211,-22.9123904],[-45.336534,-22.9215106],[-45.3341058,-22.9288653],[-45.3380971,-22.9351423],[-45.3388029,-22.9449243],[-45.3322601,-22.9613118],[-45.3256672,-22.9658867],[-45.3212599,-22.9756513],[-45.334189,-22.9937713],[-45.3283348,-23.0041699],[-45.3276582,-23.0163164],[-45.3169057,-23.0228616],[-45.3061201,-23.0253711],[-45.2982371,-23.0227424],[-45.2942232,-23.0270804],[-45.2666345,-23.0168402],[-45.2455595,-22.9987964],[-45.2343867,-23.0011127],[-45.2163431,-22.9995164],[-45.2119356,-23.0027303],[-45.1956021,-22.9984261],[-45.1914782,-22.9995664],[-45.1915639,-23.0047548],[-45.1870166,-23.0032986],[-45.1815581,-23.00831],[-45.1679814,-23.0048555],[-45.157328,-23.0098383],[-45.1563815,-23.0176397],[-45.1603213,-23.0174423],[-45.162497,-23.0210983],[-45.1628537,-23.0313039],[-45.159513,-23.0327901],[-45.154455,-23.0285534],[-45.151986,-23.0350767],[-45.1462343,-23.0367458],[-45.1464008,-23.0455705],[-45.140187,-23.0460701],[-45.1390965,-23.0487623],[-45.1242263,-23.0489666],[-45.1269586,-23.0573123],[-45.137477,-23.0622841],[-45.1399525,-23.0695105],[-45.1360201,-23.0710668],[-45.1369728,-23.0757532],[-45.1273787,-23.0826351],[-45.1316825,-23.0835597],[-45.1349643,-23.0927985],[-45.1393208,-23.0947504],[-45.1389859,-23.0994171],[-45.1457751,-23.0980466],[-45.1473185,-23.1025437],[-45.1526467,-23.1044625],[-45.1442885,-23.1107896],[-45.1422501,-23.1254909],[-45.1362404,-23.1273844],[-45.1301604,-23.1546013],[-45.1308055,-23.1671825],[-45.1412428,-23.1749047],[-45.1462095,-23.1875051],[-45.1335714,-23.2039663],[-45.1414843,-23.2162014],[-45.1335052,-23.2190871],[-45.1289054,-23.2341577],[-45.1248673,-23.2337768],[-45.1238817,-23.2388412],[-45.1062587,-23.2355854],[-45.1006158,-23.246088],[-45.1060285,-23.2535324],[-45.1030566,-23.2592327],[-45.1135077,-23.2712279],[-45.1080187,-23.2840263],[-45.1192632,-23.2920033],[-45.125657,-23.3036993],[-45.1247323,-23.3161167],[-45.109054,-23.3238732],[-45.1005826,-23.3168219],[-45.1029199,-23.3114614],[-45.0947449,-23.3159121],[-45.0742276,-23.3042341],[-45.0718352,-23.3144011],[-45.0750416,-23.3198536],[-45.0704732,-23.3234398],[-45.0777795,-23.32764],[-45.0678064,-23.3422948],[-45.0679792,-23.3477076],[-45.0726231,-23.3494413],[-45.0760804,-23.3449686],[-45.0812888,-23.3501188],[-45.0933538,-23.3515642],[-45.09849,-23.3590535],[-45.1174213,-23.3548842],[-45.1338653,-23.3635484],[-45.1397139,-23.3601575],[-45.1445038,-23.3658327],[-45.1425519,-23.3724471],[-45.1473409,-23.3801634],[-45.1636443,-23.3886925],[-45.1643036,-23.3920978],[-45.1750382,-23.395168],[-45.1696819,-23.3976911],[-45.1663103,-23.4104412],[-45.1768717,-23.414085],[-45.173134,-23.4154206],[-45.1784793,-23.4252468],[-45.1745796,-23.4315028],[-45.1760793,-23.4400362],[-45.201628,-23.4523061],[-45.2214961,-23.4555159],[-45.2416334,-23.4645266],[-45.2666427,-23.4819209],[-45.2883394,-23.4850846],[-45.306996,-23.496021],[-45.3107645,-23.5002026],[-45.3088276,-23.5049035],[-45.3161106,-23.5067746],[-45.3200318,-23.5162555],[-45.3185365,-23.5200619],[-45.3235248,-23.5231211],[-45.3249285,-23.5291688],[-45.3278831,-23.5316094],[-45.3335115,-23.5300174],[-45.3416207,-23.5375776],[-45.3422341,-23.5480757],[-45.3497367,-23.5477558],[-45.3556292,-23.5398819],[-45.3640526,-23.544675],[-45.3703806,-23.5419214],[-45.3721173,-23.5480835],[-45.3843924,-23.5553347],[-45.4141055,-23.5601614],[-45.4212997,-23.5569845],[-45.4254441,-23.5484155],[-45.4307949,-23.552854],[-45.4439083,-23.5560602],[-45.4459472,-23.5688179],[-45.4508523,-23.5695461],[-45.4555951,-23.5777173],[-45.4572236,-23.5743991],[-45.4500325,-23.5646616],[-45.4548595,-23.5617679]]]}}]}