{"type":"Topology","objects":{"regioes_saude":{"geometries":[{"properties":{"cd_regiao_saude":"35011","nm_regiao_saude":"ALTO DO TIETE","cd_macrorregiao_saude":"3525","nm_macrorregiao_saude":"RRAS2","qt_municipio":11,"qt_populacao_ibge_2022":2918916},"type":"Polygon","arcs":[[-79,0,-120,1,-118,2,-116,3,-114,4,-112,5,-33,6,-504,7,-502,8,-1550,9,-1548,10,-1546,11,-1544,12,-1542,13,-1540,14,-1538,15,-1536,16,-1597,17,-291,18,-289,19,-287,20,-285,21,-283,22,-81,23]],"id":"35011"},{"properties":{"cd_regiao_saude":"35012","nm_regiao_saude":"FRANCO DA ROCHA","cd_macrorregiao_saude":"3524","nm_macrorregiao_saude":"RRAS3","qt_municipio":5,"qt_populacao_ibge_2022":591562},"type":"Polygon","arcs":[[-108,24,-106,25,-70,26,-562,27,-560,28,-558,29,-556,30,-506,31,32,33,-110,34]],"id":"35012"},{"properties":{"cd_regiao_saude":"35013","nm_regiao_saude":"MANANCIAIS","cd_macrorregiao_saude":"3523","nm_macrorregiao_saude":"RRAS4","qt_municipio":8,"qt_populacao_ibge_2022":1118024},"type":"Polygon","arcs":[[-985,35,-983,36,-1530,37,-1528,38,-1526,39,-1524,40,-1522,41,-1520,42,-1518,43,-1516,44,-1514,45,-1512,46,-62,47,-60,48,-58,49,-74,50,-100,51,-98,52,-96,53,-94,54,-267,55,-265,56]],"id":"35013"},{"properties":{"cd_regiao_saude":"35014","nm_regiao_saude":"ROTA DOS BANDEIRANTES","cd_macrorregiao_saude":"3522","nm_macrorregiao_saude":"RRAS5","qt_municipio":7,"qt_populacao_ibge_2022":1954889},"type":"Polygon","arcs":[[57,58,59,60,61,62,-1510,63,-1508,64,-1506,65,-1504,66,-536,67,-534,68,69,70,-104,71,-102,72,73,74]],"id":"35014"},{"properties":{"cd_regiao_saude":"35015","nm_regiao_saude":"GRANDE ABC","cd_macrorregiao_saude":"3534","nm_macrorregiao_saude":"RRAS1","qt_municipio":7,"qt_populacao_ibge_2022":2696530},"type":"Polygon","arcs":[[75,-124,76,-122,77,78,79,80,81,-281,82,-279,83,-87,84,-126]],"id":"35015"},{"properties":{"cd_regiao_saude":"35016","nm_regiao_saude":"SAO PAULO","cd_macrorregiao_saude":"3521","nm_macrorregiao_saude":"RRAS6","qt_municipio":1,"qt_populacao_ibge_2022":11451999},"type":"Polygon","arcs":[[85,86,87,-277,88,-275,89,-273,90,-271,91,-269,92,93,94,95,96,97,98,99,100,101,102,103,104,105,106,107,108,109,110,111,112,113,114,115,116,117,118,119,120,121,122,123,124,125]],"id":"35016"},{"properties":{"cd_regiao_saude":"35021","nm_regiao_saude":"CENTRAL DO DRS II","cd_macrorregiao_saude":"3536","nm_macrorregiao_saude":"RRAS19","qt_municipio":11,"qt_populacao_ibge_2022":298249},"type":"Polygon","arcs":[[-635,126,-153,127,-151,128,-1237,129,-1235,130,-1233,131,-1323,132,-1321,133,-1319,134,-1317,135,-1315,136,-166,137,-164,138,-641,139,-639,140,-637,141]],"id":"35021"},{"properties":{"cd_regiao_saude":"35022","nm_regiao_saude":"LAGOS DO DRS II","cd_macrorregiao_saude":"3536","nm_macrorregiao_saude":"RRAS19","qt_municipio":12,"qt_populacao_ibge_2022":197605},"type":"Polygon","arcs":[[142,-868,143,-866,144,-864,145,-1220,146,-1225,147,-1223,148,-1239,149,150,151,152,153,-633,154,-870]],"id":"35022"},{"properties":{"cd_regiao_saude":"35023","nm_regiao_saude":"CONSORCIOS DO DRS II","cd_macrorregiao_saude":"3536","nm_macrorregiao_saude":"RRAS19","qt_municipio":17,"qt_populacao_ibge_2022":263703},"type":"Polygon","arcs":[[-470,155,-750,156,-748,157,-746,158,-744,159,-742,160,-740,161,-738,162,163,164,165,166,-1313,167,-1347,168,-1292,169,-1290,170,-1312,171,-474,172,-472,173]],"id":"35023"},{"properties":{"cd_regiao_saude":"35031","nm_regiao_saude":"CENTRAL DO DRS III","cd_macrorregiao_saude":"3535","nm_macrorregiao_saude":"RRAS18","qt_municipio":8,"qt_populacao_ibge_2022":314890},"type":"Polygon","arcs":[[-224,174,-439,175,-437,176,-435,177,-227,178,-225,179,-247,180,-245,181,-1022,182,-1020,183,-1042,184,-1040,185,-1038,186,-205,187,-203,188,-201,189,-199,190,-197,191,-195,192]],"id":"35031"},{"properties":{"cd_regiao_saude":"35032","nm_regiao_saude":"CORACAO DO DRS III","cd_macrorregiao_saude":"3535","nm_macrorregiao_saude":"RRAS18","qt_municipio":6,"qt_populacao_ibge_2022":390525},"type":"Polygon","arcs":[[193,194,195,196,197,198,199,200,201,202,203,204,205,-1036,206,-1034,207,-1032,208,-1030,209,-1028,210,-1133,211,-774,212,-772,213,-770,214,-856,215,-854,216,-852,217,-449,218,-447,219,-445,220,-443,221,-441,222,223]],"id":"35032"},{"properties":{"cd_regiao_saude":"35033","nm_regiao_saude":"NOROESTE DO DRS III","cd_macrorregiao_saude":"3535","nm_macrorregiao_saude":"RRAS18","qt_municipio":10,"qt_populacao_ibge_2022":286891},"type":"Polygon","arcs":[[224,225,226,227,-433,228,-431,229,-429,230,-380,231,-378,232,-376,233,-1182,234,-1218,235,-1216,236,-1214,237,-1212,238,-1210,239,-1001,240,-999,241,-997,242,-1024,243,244,245,246,247]],"id":"35033"},{"properties":{"cd_regiao_saude":"35041","nm_regiao_saude":"BAIXADA SANTISTA","cd_macrorregiao_saude":"3520","nm_macrorregiao_saude":"RRAS7","qt_municipio":9,"qt_populacao_ibge_2022":1805531},"type":"MultiPolygon","arcs":[[[248]],[[249]],[[250]],[[251]],[[252]],[[253]],[[254]],[[255]],[[256]],[[257]],[[258]],[[259]],[[-993,260,-991,261,-989,262,-987,263,264,265,266,267,268,269,270,271,272,273,274,275,276,277,278,279,280,281,282,283,284,285,286,287,288,289,290,291,-1595,292]],[[293]],[[294]],[[295]],[[296]],[[297]],[[298]],[[299]],[[300]],[[301]],[[302]],[[303]],[[304]],[[305]],[[306]],[[307]],[[308]],[[309]],[[310]],[[311]],[[312]],[[313]],[[314]],[[315]],[[316]]],"id":"35041"},{"properties":{"cd_regiao_saude":"35051","nm_regiao_saude":"NORTE - BARRETOS","cd_macrorregiao_saude":"3530","nm_macrorregiao_saude":"RRAS13","qt_municipio":10,"qt_populacao_ibge_2022":285684},"type":"Polygon","arcs":[[317,-1262,318,-1260,319,-1258,320,-1256,321,-1254,322,-616,323,-614,324,-612,325,-598,326,-596,327,-340,328,-338,329,-336,330,-1200]],"id":"35051"},{"properties":{"cd_regiao_saude":"35052","nm_regiao_saude":"SUL - BARRETOS","cd_macrorregiao_saude":"3530","nm_macrorregiao_saude":"RRAS13","qt_municipio":8,"qt_populacao_ibge_2022":142795},"type":"Polygon","arcs":[[-1004,331,-1206,332,-1204,333,-1202,334,335,336,337,338,339,340,-594,341,-592,342,-1012,343,-1010,344,-1008,345,-1006,346]],"id":"35052"},{"properties":{"cd_regiao_saude":"35061","nm_regiao_saude":"VALE DO JURUMIRIM","cd_macrorregiao_saude":"3518","nm_macrorregiao_saude":"RRAS9","qt_municipio":17,"qt_populacao_ibge_2022":303615},"type":"Polygon","arcs":[[-1404,347,-1402,348,-1400,349,-1398,350,-1396,351,-1394,352,-723,353,-721,354,-719,355,-717,356,-392,357,-390,358,-388,359,-398,360,-1368,361,-1366,362,-1364,363,-1362,364,-1410,365,-1408,366,-1406,367]],"id":"35061"},{"properties":{"cd_regiao_saude":"35062","nm_regiao_saude":"BAURU","cd_macrorregiao_saude":"3518","nm_macrorregiao_saude":"RRAS9","qt_municipio":18,"qt_populacao_ibge_2022":644731},"type":"Polygon","arcs":[[-713,368,-693,369,-691,370,-689,371,-484,372,-482,373,-480,374,375,376,377,378,379,380,-427,381,-425,382,-462,383,-404,384,-402,385,-400,386,387,388,389,390,391,392,-715,393]],"id":"35062"},{"properties":{"cd_regiao_saude":"35063","nm_regiao_saude":"POLO CUESTA","cd_macrorregiao_saude":"3518","nm_macrorregiao_saude":"RRAS9","qt_municipio":13,"qt_populacao_ibge_2022":302784},"type":"Polygon","arcs":[[394,-1372,395,-1370,396,397,398,399,400,401,402,403,404,-460,405,-458,406,-809,407,-807,408,-805,409,-803,410,-801,411,-799,412,-797,413,-795,414,-1486,415,-1484,416,-1482,417,-1480,418,-1478,419,-1382,420,-1380,421,-1378,422,-1376,423,-1374]],"id":"35063"},{"properties":{"cd_regiao_saude":"35064","nm_regiao_saude":"JAU","cd_macrorregiao_saude":"3518","nm_macrorregiao_saude":"RRAS9","qt_municipio":12,"qt_populacao_ibge_2022":324768},"type":"Polygon","arcs":[[424,425,426,427,428,429,430,431,432,433,434,435,436,437,438,439,440,441,442,443,444,445,446,447,448,449,-850,450,-821,451,-819,452,-817,453,-815,454,-813,455,-811,456,457,458,459,460,461,462]],"id":"35064"},{"properties":{"cd_regiao_saude":"35065","nm_regiao_saude":"LINS","cd_macrorregiao_saude":"3518","nm_macrorregiao_saude":"RRAS9","qt_municipio":8,"qt_populacao_ibge_2022":157929},"type":"Polygon","arcs":[[-685,463,-683,464,-681,465,-756,466,-754,467,-752,468,469,470,471,472,473,474,-1310,475,-1308,476,-1306,477,-1184,478,479,480,481,482,483,484,-687,485]],"id":"35065"},{"properties":{"cd_regiao_saude":"35071","nm_regiao_saude":"BRAGANCA","cd_macrorregiao_saude":"3527","nm_macrorregiao_saude":"RRAS16","qt_municipio":11,"qt_populacao_ibge_2022":493718},"type":"Polygon","arcs":[[486,-554,487,-552,488,-550,489,-548,490,-529,491,-527,492,-525,493,-567,494,-565,495,-582,496,-580,497,-578,498,-1554,499,-1552,500,501,502,503,504,505]],"id":"35071"},{"properties":{"cd_regiao_saude":"35072","nm_regiao_saude":"REGIAO METROPOLITANA DE CAMPINAS","cd_macrorregiao_saude":"3528","nm_macrorregiao_saude":"RRAS15","qt_municipio":19,"qt_populacao_ibge_2022":3159035},"type":"Polygon","arcs":[[-1494,506,-838,507,-836,508,-834,509,-832,510,-830,511,-828,512,-792,513,-790,514,-1088,515,-1086,516,-1119,517,-1117,518,-1115,519,-1113,520,-573,521,-571,522,-569,523,524,525,526,527,528,529,-546,530,-544,531,-542,532]],"id":"35072"},{"properties":{"cd_regiao_saude":"35073","nm_regiao_saude":"JUNDIAI","cd_macrorregiao_saude":"3527","nm_macrorregiao_saude":"RRAS16","qt_municipio":7,"qt_populacao_ibge_2022":843633},"type":"Polygon","arcs":[[533,534,535,536,-1502,537,-1500,538,-1498,539,-1496,540,541,542,543,544,545,546,547,548,549,550,551,552,553,554,555,556,557,558,559,560,561,562]],"id":"35073"},{"properties":{"cd_regiao_saude":"35074","nm_regiao_saude":"CIRCUITO DAS AGUAS","cd_macrorregiao_saude":"3528","nm_macrorregiao_saude":"RRAS15","qt_municipio":5,"qt_populacao_ibge_2022":131473},"type":"Polygon","arcs":[[563,564,565,566,567,568,569,570,571,572,573,-1111,574,-1109,575,-1107,576,577,578,579,580,581]],"id":"35074"},{"properties":{"cd_regiao_saude":"35081","nm_regiao_saude":"TRES COLINAS","cd_macrorregiao_saude":"3530","nm_macrorregiao_saude":"RRAS13","qt_municipio":10,"qt_populacao_ibge_2022":424174},"type":"Polygon","arcs":[[-1078,582,-1076,583,-605,584,-603,585,-618,586]],"id":"35081"},{"properties":{"cd_regiao_saude":"35082","nm_regiao_saude":"ALTA ANHANGUERA","cd_macrorregiao_saude":"3530","nm_macrorregiao_saude":"RRAS13","qt_municipio":6,"qt_populacao_ibge_2022":148066},"type":"Polygon","arcs":[[-1070,587,-1054,588,-1052,589,-1014,590,591,592,593,594,595,596,597,598,-610,599,-622,600,-620,601,602,603,604,605,-1074,606,-1072,607]],"id":"35082"},{"properties":{"cd_regiao_saude":"35083","nm_regiao_saude":"ALTA MOGIANA","cd_macrorregiao_saude":"3530","nm_macrorregiao_saude":"RRAS13","qt_municipio":6,"qt_populacao_ibge_2022":111606},"type":"Polygon","arcs":[[608,609,610,611,612,613,614,615,616,617,618,619,620,621]],"id":"35083"},{"properties":{"cd_regiao_saude":"35091","nm_regiao_saude":"ADAMANTINA","cd_macrorregiao_saude":"3533","nm_macrorregiao_saude":"RRAS10","qt_municipio":10,"qt_populacao_ibge_2022":130843},"type":"Polygon","arcs":[[-730,622,-901,623,-899,624,-897,625,-895,626,-893,627,-891,628,-876,629,-874,630,-872,631,632,633,634,635,636,637,638,639,640,641,-736,642,-734,643,-732,644]],"id":"35091"},{"properties":{"cd_regiao_saude":"35092","nm_regiao_saude":"ASSIS","cd_macrorregiao_saude":"3533","nm_macrorregiao_saude":"RRAS10","qt_municipio":12,"qt_populacao_ibge_2022":234483},"type":"Polygon","arcs":[[-914,645,-912,646,-910,647,-932,648,-930,649,-673,650,-671,651,-669,652,-667,653,-665,654,-663,655,-703,656,-701,657,-699,658,-697,659]],"id":"35092"},{"properties":{"cd_regiao_saude":"35093","nm_regiao_saude":"MARILIA","cd_macrorregiao_saude":"3533","nm_macrorregiao_saude":"RRAS10","qt_municipio":19,"qt_populacao_ibge_2022":382161},"type":"Polygon","arcs":[[-707,660,-705,661,662,663,664,665,666,667,668,669,670,671,672,673,-928,674,-926,675,-725,676,-762,677,-760,678,-758,679,680,681,682,683,684,685,686,687,688,689,690,691,692,693,-711,694,-709,695]],"id":"35093"},{"properties":{"cd_regiao_saude":"35094","nm_regiao_saude":"OURINHOS","cd_macrorregiao_saude":"3533","nm_macrorregiao_saude":"RRAS10","qt_municipio":13,"qt_populacao_ibge_2022":230687},"type":"Polygon","arcs":[[696,697,698,699,700,701,702,703,704,705,706,707,708,709,710,711,712,713,714,715,716,717,718,719,720,721,722,723]],"id":"35094"},{"properties":{"cd_regiao_saude":"35095","nm_regiao_saude":"TUPA","cd_macrorregiao_saude":"3533","nm_macrorregiao_saude":"RRAS10","qt_municipio":8,"qt_populacao_ibge_2022":125835},"type":"Polygon","arcs":[[724,725,-924,726,-922,727,-903,728,729,730,731,732,733,734,735,736,737,738,739,740,741,742,743,744,745,746,747,748,749,750,751,752,753,754,755,756,757,758,759,760,761,762]],"id":"35095"},{"properties":{"cd_regiao_saude":"35101","nm_regiao_saude":"ARARAS","cd_macrorregiao_saude":"3529","nm_macrorregiao_saude":"RRAS14","qt_municipio":5,"qt_populacao_ibge_2022":334950},"type":"Polygon","arcs":[[-1096,763,-1094,764,-1092,765,-787,766,-860,767,-858,768,769,770,771,772,773,774,-1131,775,-1129,776,-1127,777,-1125,778,-1123,779,-1104,780,-1102,781,-1100,782,-1098,783]],"id":"35101"},{"properties":{"cd_regiao_saude":"35102","nm_regiao_saude":"LIMEIRA","cd_macrorregiao_saude":"3529","nm_macrorregiao_saude":"RRAS14","qt_municipio":4,"qt_populacao_ibge_2022":357916},"type":"Polygon","arcs":[[-826,784,-842,785,786,787,-1090,788,789,790,791,792]],"id":"35102"},{"properties":{"cd_regiao_saude":"35103","nm_regiao_saude":"PIRACICABA","cd_macrorregiao_saude":"3529","nm_macrorregiao_saude":"RRAS14","qt_municipio":11,"qt_populacao_ibge_2022":605080},"type":"Polygon","arcs":[[-1488,793,794,795,796,797,798,799,800,801,802,803,804,805,806,807,808,809,810,811,812,813,814,815,816,817,818,819,820,821,-848,822,-846,823,-844,824,825,826,827,828,829,830,831,832,833,834,835,836,837,838,-1492,839,-1490,840]],"id":"35103"},{"properties":{"cd_regiao_saude":"35104","nm_regiao_saude":"RIO CLARO","cd_macrorregiao_saude":"3529","nm_macrorregiao_saude":"RRAS14","qt_municipio":6,"qt_populacao_ibge_2022":256792},"type":"Polygon","arcs":[[841,842,843,844,845,846,847,848,849,850,851,852,853,854,855,856,857,858,859,860]],"id":"35104"},{"properties":{"cd_regiao_saude":"35111","nm_regiao_saude":"ALTA PAULISTA","cd_macrorregiao_saude":"3532","nm_macrorregiao_saude":"RRAS11","qt_municipio":12,"qt_populacao_ibge_2022":132622},"type":"Polygon","arcs":[[-936,861,-934,862,863,864,865,866,867,868,869,870,871,872,873,874,875,876,-889,877,-942,878,-940,879,-938,880]],"id":"35111"},{"properties":{"cd_regiao_saude":"35112","nm_regiao_saude":"ALTA SOROCABANA","cd_macrorregiao_saude":"3532","nm_macrorregiao_saude":"RRAS11","qt_municipio":19,"qt_populacao_ibge_2022":405916},"type":"Polygon","arcs":[[-963,881,-961,882,-959,883,-950,884,-948,885,-946,886,-944,887,888,889,890,891,892,893,894,895,896,897,898,899,900,901,902,903,-920,904,-918,905,-916,906],[907]],"id":"35112"},{"properties":{"cd_regiao_saude":"35113","nm_regiao_saude":"ALTO CAPIVARI","cd_macrorregiao_saude":"3532","nm_macrorregiao_saude":"RRAS11","qt_municipio":5,"qt_populacao_ibge_2022":56401},"type":"Polygon","arcs":[[908,909,910,911,912,913,914,915,916,917,918,919,920,921,922,923,924,925,926,927,928,929,930,931]],"id":"35113"},{"properties":{"cd_regiao_saude":"35114","nm_regiao_saude":"EXTREMO OESTE PAULISTA","cd_macrorregiao_saude":"3532","nm_macrorregiao_saude":"RRAS11","qt_municipio":5,"qt_populacao_ibge_2022":88009},"type":"Polygon","arcs":[[-953,932,933,934,935,936,937,938,939,940,941,942,943,944,945,946,947,948,949,-957,950,-955,951]],"id":"35114"},{"properties":{"cd_regiao_saude":"35115","nm_regiao_saude":"PONTAL DO PARANAPANEMA","cd_macrorregiao_saude":"3532","nm_macrorregiao_saude":"RRAS11","qt_municipio":4,"qt_populacao_ibge_2022":63454},"type":"Polygon","arcs":[[952,953,954,955,956,957,958,959,960,961,962,963]],"id":"35115"},{"properties":{"cd_regiao_saude":"35121","nm_regiao_saude":"VALE DO RIBEIRA","cd_macrorregiao_saude":"3520","nm_macrorregiao_saude":"RRAS7","qt_municipio":15,"qt_populacao_ibge_2022":277852},"type":"MultiPolygon","arcs":[[[964]],[[965]],[[966]],[[-1448,967,-1446,968,-1444,969,-1442,970,-1440,971,-1438,972,-1436,973,-1393,974,-1458,975,-1456,976,-1454,977,-1452,978,-1450,979,-1534,980,-1532,981,982,983,984,985,986,987,988,989,990,991,992,993]],[[994]],[[995]]],"id":"35121"},{"properties":{"cd_regiao_saude":"35131","nm_regiao_saude":"HORIZONTE VERDE","cd_macrorregiao_saude":"3530","nm_macrorregiao_saude":"RRAS13","qt_municipio":9,"qt_populacao_ibge_2022":413702},"type":"Polygon","arcs":[[996,997,998,999,1000,1001,-1208,1002,1003,1004,1005,1006,1007,1008,1009,1010,1011,1012,1013,1014,-1050,1015,-1048,1016,-1046,1017,-1044,1018,1019,1020,1021,1022,1023,1024]],"id":"35131"},{"properties":{"cd_regiao_saude":"35132","nm_regiao_saude":"AQUIFERO GUARANI","cd_macrorregiao_saude":"3530","nm_macrorregiao_saude":"RRAS13","qt_municipio":10,"qt_populacao_ibge_2022":915131},"type":"Polygon","arcs":[[-1137,1025,-1135,1026,1027,1028,1029,1030,1031,1032,1033,1034,1035,1036,1037,1038,1039,1040,1041,1042,1043,1044,1045,1046,1047,1048,1049,1050,1051,1052,1053,1054,-1068,1055,-1066,1056,-1064,1057,-1085,1058,-1083,1059,-1141,1060,-1139,1061]],"id":"35132"},{"properties":{"cd_regiao_saude":"35133","nm_regiao_saude":"VALE DAS CACHOEIRAS","cd_macrorregiao_saude":"3530","nm_macrorregiao_saude":"RRAS13","qt_municipio":7,"qt_populacao_ibge_2022":135941},"type":"Polygon","arcs":[[1062,1063,1064,1065,1066,1067,1068,1069,1070,1071,1072,1073,1074,1075,1076,1077,1078,-1171,1079,-1169,1080,-1167,1081,1082,1083,1084]],"id":"35133"},{"properties":{"cd_regiao_saude":"35141","nm_regiao_saude":"BAIXA MOGIANA","cd_macrorregiao_saude":"3528","nm_macrorregiao_saude":"RRAS15","qt_municipio":4,"qt_populacao_ibge_2022":329533},"type":"Polygon","arcs":[[1085,1086,1087,1088,1089,1090,1091,1092,1093,1094,1095,1096,1097,1098,1099,1100,1101,1102,1103,1104,-1121,1105,1106,1107,1108,1109,1110,1111,1112,1113,1114,1115,1116,1117,1118,1119]],"id":"35141"},{"properties":{"cd_regiao_saude":"35142","nm_regiao_saude":"MANTIQUEIRA","cd_macrorregiao_saude":"3528","nm_macrorregiao_saude":"RRAS15","qt_municipio":8,"qt_populacao_ibge_2022":268362},"type":"Polygon","arcs":[[1120,1121,1122,1123,1124,1125,1126,1127,1128,1129,1130,1131,1132,1133,1134,1135,1136,1137,1138,1139,1140,1141,-1165,1142,-1163,1143,-1161,1144,-1159,1145,-1157,1146,-1155,1147,-1181,1148,-1179,1149,-1177,1150,-1175,1151,-1173,1152]],"id":"35142"},{"properties":{"cd_regiao_saude":"35143","nm_regiao_saude":"RIO PARDO","cd_macrorregiao_saude":"3528","nm_macrorregiao_saude":"RRAS15","qt_municipio":8,"qt_populacao_ibge_2022":206531},"type":"Polygon","arcs":[[1153,1154,1155,1156,1157,1158,1159,1160,1161,1162,1163,1164,1165,1166,1167,1168,1169,1170,1171,1172,1173,1174,1175,1176,1177,1178,1179,1180]],"id":"35143"},{"properties":{"cd_regiao_saude":"35151","nm_regiao_saude":"CATANDUVA","cd_macrorregiao_saude":"3531","nm_macrorregiao_saude":"RRAS12","qt_municipio":19,"qt_populacao_ibge_2022":298381},"type":"Polygon","arcs":[[1181,1182,1183,1184,-1304,1185,-1302,1186,-1286,1187,-1284,1188,-1282,1189,-1280,1190,-1278,1191,-1276,1192,-1274,1193,-1272,1194,-1270,1195,-1268,1196,-1266,1197,-1264,1198,1199,1200,1201,1202,1203,1204,1205,1206,1207,1208,1209,1210,1211,1212,1213,1214,1215,1216,1217,1218]],"id":"35151"},{"properties":{"cd_regiao_saude":"35152","nm_regiao_saude":"SANTA FE DO SUL","cd_macrorregiao_saude":"3531","nm_macrorregiao_saude":"RRAS12","qt_municipio":6,"qt_populacao_ibge_2022":52794},"type":"Polygon","arcs":[[1219,1220,-1227,1221]],"id":"35152"},{"properties":{"cd_regiao_saude":"35153","nm_regiao_saude":"JALES","cd_macrorregiao_saude":"3531","nm_macrorregiao_saude":"RRAS12","qt_municipio":16,"qt_populacao_ibge_2022":102341},"type":"Polygon","arcs":[[1222,1223,1224,1225,1226,1227,-1244,1228,-1242,1229,-1327,1230,-1325,1231,1232,1233,1234,1235,1236,1237,1238,1239]],"id":"35153"},{"properties":{"cd_regiao_saude":"35154","nm_regiao_saude":"FERNANDOPOLIS","cd_macrorregiao_saude":"3531","nm_macrorregiao_saude":"RRAS12","qt_municipio":13,"qt_populacao_ibge_2022":121570},"type":"Polygon","arcs":[[-1329,1240,1241,1242,1243,1244,-1337,1245,-1335,1246,-1333,1247,-1331,1248]],"id":"35154"},{"properties":{"cd_regiao_saude":"35155","nm_regiao_saude":"SAO JOSE DO RIO PRETO","cd_macrorregiao_saude":"3531","nm_macrorregiao_saude":"RRAS12","qt_municipio":20,"qt_populacao_ibge_2022":765491},"type":"Polygon","arcs":[[-1298,1249,-1296,1250,-1341,1251,-1339,1252,1253,1254,1255,1256,1257,1258,1259,1260,1261,1262,1263,1264,1265,1266,1267,1268,1269,1270,1271,1272,1273,1274,1275,1276,1277,1278,1279,1280,1281,1282,1283,1284,1285,1286,-1300,1287]],"id":"35155"},{"properties":{"cd_regiao_saude":"35156","nm_regiao_saude":"JOSE BONIFACIO","cd_macrorregiao_saude":"3531","nm_macrorregiao_saude":"RRAS12","qt_municipio":11,"qt_populacao_ibge_2022":101427},"type":"Polygon","arcs":[[1288,1289,1290,1291,1292,-1345,1293,-1343,1294,1295,1296,1297,1298,1299,1300,1301,1302,1303,1304,1305,1306,1307,1308,1309,1310,1311]],"id":"35156"},{"properties":{"cd_regiao_saude":"35157","nm_regiao_saude":"VOTUPORANGA","cd_macrorregiao_saude":"3531","nm_macrorregiao_saude":"RRAS12","qt_municipio":17,"qt_populacao_ibge_2022":198031},"type":"Polygon","arcs":[[1312,1313,1314,1315,1316,1317,1318,1319,1320,1321,1322,1323,1324,1325,1326,1327,1328,1329,1330,1331,1332,1333,1334,1335,1336,1337,1338,1339,1340,1341,1342,1343,1344,1345,1346,1347]],"id":"35157"},{"properties":{"cd_regiao_saude":"35161","nm_regiao_saude":"ITAPETININGA","cd_macrorregiao_saude":"3519","nm_macrorregiao_saude":"RRAS8","qt_municipio":13,"qt_populacao_ibge_2022":496205},"type":"Polygon","arcs":[[1348,-1434,1349,-1432,1350,-1430,1351,-1428,1352,-1426,1353,-1424,1354,-1422,1355,-1420,1356,-1418,1357,-1416,1358,-1414,1359,-1412,1360,1361,1362,1363,1364,1365,1366,1367,1368,1369,1370,1371,1372,1373,1374,1375,1376,1377,1378,1379,1380,1381,1382,-1476,1383,-1474,1384,-1472,1385,-1470,1386,-1468,1387,-1466,1388,-1464,1389,-1462,1390,-1460,1391,1392]],"id":"35161"},{"properties":{"cd_regiao_saude":"35162","nm_regiao_saude":"ITAPEVA","cd_macrorregiao_saude":"3519","nm_macrorregiao_saude":"RRAS8","qt_municipio":15,"qt_populacao_ibge_2022":273248},"type":"Polygon","arcs":[[1393,1394,1395,1396,1397,1398,1399,1400,1401,1402,1403,1404,1405,1406,1407,1408,1409,1410,1411,1412,1413,1414,1415,1416,1417,1418,1419,1420,1421,1422,1423,1424,1425,1426,1427,1428,1429,1430,1431,1432,1433,1434,1435,1436,1437,1438,1439,1440,1441,1442,1443,1444,1445,1446,1447,1448]],"id":"35162"},{"properties":{"cd_regiao_saude":"35163","nm_regiao_saude":"SOROCABA","cd_macrorregiao_saude":"3519","nm_macrorregiao_saude":"RRAS8","qt_municipio":20,"qt_populacao_ibge_2022":1780501},"type":"Polygon","arcs":[[1449,1450,1451,1452,1453,1454,1455,1456,1457,1458,1459,1460,1461,1462,1463,1464,1465,1466,1467,1468,1469,1470,1471,1472,1473,1474,1475,1476,1477,1478,1479,1480,1481,1482,1483,1484,1485,1486,1487,1488,1489,1490,1491,1492,1493,1494,1495,1496,1497,1498,1499,1500,1501,1502,1503,1504,1505,1506,1507,1508,1509,1510,1511,1512,1513,1514,1515,1516,1517,1518,1519,1520,1521,1522,1523,1524,1525,1526,1527,1528,1529,1530,1531,1532,1533,1534]],"id":"35163"},{"properties":{"cd_regiao_saude":"35171","nm_regiao_saude":"ALTO VALE DO PARAIBA","cd_macrorregiao_saude":"3526","nm_macrorregiao_saude":"RRAS17","qt_municipio":8,"qt_populacao_ibge_2022":1086313},"type":"Polygon","arcs":[[1535,1536,1537,1538,1539,1540,1541,1542,1543,1544,1545,1546,1547,1548,1549,1550,1551,1552,1553,1554,-1673,1555,-1671,1556,-1669,1557,-1603,1558,-1601,1559,-1599,1560]],"id":"35171"},{"properties":{"cd_regiao_saude":"35172","nm_regiao_saude":"CIRCUITO DA FE E VALE HISTORICO","cd_macrorregiao_saude":"3526","nm_macrorregiao_saude":"RRAS17","qt_municipio":17,"qt_populacao_ibge_2022":454993},"type":"Polygon","arcs":[[1561,-1675,1562,-1614,1563,-1612,1564,-1610,1565,-1608,1566,-1681,1567,-1679,1568,-1677]],"id":"35172"},{"properties":{"cd_regiao_saude":"35173","nm_regiao_saude":"LITORAL NORTE","cd_macrorregiao_saude":"3526","nm_macrorregiao_saude":"RRAS17","qt_municipio":4,"qt_populacao_ibge_2022":344383},"type":"MultiPolygon","arcs":[[[1569]],[[1570]],[[1571]],[[1572]],[[1573]],[[1574]],[[1575]],[[1576]],[[1577]],[[1578]],[[1579]],[[1580]],[[1581]],[[1582]],[[1583]],[[1584]],[[1585]],[[1586]],[[1587]],[[1588]],[[1589]],[[1590]],[[1591]],[[1592]],[[1593]],[[1594,1595,1596,1597,1598,1599,1600,1601,1602,1603,-1687,1604,-1685,1605,-1683,1606,1607,1608,1609,1610,1611,1612,1613,1614]],[[1615]],[[1616]],[[1617]],[[1618]],[[1619]],[[1620]],[[1621]],[[1622]],[[1623]],[[1624]],[[1625]],[[1626]],[[1627]],[[1628]],[[1629]],[[1630]],[[1631]],[[1632]],[[1633]],[[1634]],[[1635]],[[1636]],[[1637]],[[1638]],[[1639]],[[1640]],[[1641]],[[1642]],[[1643]],[[1644]],[[1645]],[[1646]],[[1647]],[[1648]],[[1649]],[[1650]],[[1651]],[[1652]],[[1653]],[[1654]],[[1655]],[[1656]],[[1657]],[[1658]],[[1659]],[[1660]],[[1661]],[[1662]],[[1663]],[[1664]],[[1665]],[[1666]],[[1667]]],"id":"35173"},{"properties":{"cd_regiao_saude":"35174","nm_regiao_saude":"VALE DO PARAIBA/REGIAO SERRANA","cd_macrorregiao_saude":"3526","nm_macrorregiao_saude":"RRAS17","qt_municipio":10,"qt_populacao_ibge_2022":620034},"type":"Polygon","arcs":[[1668,1669,1670,1671,1672,1673,1674,1675,1676,1677,1678,1679,1680,1681,1682,1683,1684,1685,1686,1687]],"id":"35174"}],"type":"GeometryCollection"}},"bbox":[-53.1101115,-25.3579998,-44.1613652,-19.7796558],"transform":{"scale":[8.948835788357887e-05,5.5783997839978415e-05],"translate":[-53.1101115,-25.3579998]},"arcs":[[[75449,30430],[58,219],[-11,123],[-33,52],[-179,-93],[-129,509],[-114,50],[-53,116],[52,74]],[[74990,33612],[-21,-69],[-57,24]],[[74898,33798],[-35,40],[-45,-71]],[[73246,33126],[-75,184],[24,129],[-19,356],[-100,286]],[[73132,34617],[-12,203],[115,108]],[[73450,35645],[8,103],[178,167]],[[74699,36473],[24,125],[68,24],[75,167],[-17,73],[103,46],[28,179],[43,58],[94,-22],[71,161],[277,100]],[[75769,37854],[204,342],[66,256],[-50,144],[22,119],[124,24]],[[76257,38847],[42,135],[158,-128],[109,87],[87,-59]],[[77737,37505],[30,-154],[63,13]],[[78119,37153],[60,-1],[2,-248]],[[79335,35382],[90,-20],[126,-576]],[[79715,34589],[114,9],[162,-419],[-57,-309]],[[79881,33373],[8,-45],[126,-30]],[[81539,33313],[202,152],[81,-43],[-35,-228]],[[82000,33179],[179,-72],[-66,-131]],[[82634,31357],[107,127],[122,-522],[-141,-250]],[[81732,30027],[23,50],[-47,86]],[[81340,30590],[-201,140],[-17,-71]],[[79358,29566],[-259,-209],[-282,77]],[[78725,29321],[-25,-115],[-112,-69],[-284,-65],[-49,93]],[[78317,29314],[-22,195],[-115,-106]],[[76570,28535],[-173,4],[-55,-78]],[[76074,28803],[-219,127],[57,109]],[[70699,35123],[9,-85],[-39,-28],[-85,96]],[[70256,35082],[-35,-142],[72,-167],[-109,-112]],[[68972,36501],[79,182]],[[70157,37269],[196,-57],[5,96]],[[70753,37672],[135,-50],[70,21],[34,83]],[[71043,37686],[90,98],[145,-53],[69,85]],[[71424,37730],[183,26],[88,-132]],[[74693,36859],[84,-230],[-55,-33],[-23,-123]],[[74699,36473],[-92,-131],[22,-85],[-83,-117],[-58,20],[-47,-163],[39,-157],[-262,39],[-68,-95],[-67,-7],[-68,75],[-8,130],[-96,46],[-156,-129],[-119,16]],[[73636,35915],[-166,-158],[-160,125],[-210,-347]],[[71414,35021],[-24,143],[-98,43],[-57,105],[-181,-38],[-141,96],[-67,-68]],[[67081,24455],[-181,-54],[7,-205],[-186,-107],[-253,199]],[[66116,24379],[-52,-60],[-27,54],[132,142],[-65,150]],[[66034,25257],[-8,93],[16,92],[65,-58]],[[66166,25427],[-33,202],[103,-36]],[[66314,25566],[186,-49],[33,238]],[[66959,27037],[19,168],[150,-152]],[[67707,27137],[145,159],[106,-195]],[[68109,27669],[88,-21],[142,72],[90,58],[28,95],[-23,47],[-80,-53]],[[68182,28075],[-117,56],[-45,245]],[[67907,29050],[-62,43],[-60,-31],[-56,78],[-38,216]],[[67363,30363],[-4,191],[64,-2],[43,149],[67,-14],[74,82],[44,410]],[[67930,31712],[-2,119],[99,7],[26,-72]],[[68705,31468],[58,216],[88,78]],[[68947,31957],[-2,70],[126,147]],[[69184,32135],[87,42],[75,-93]],[[70426,31352],[89,24],[18,52]],[[70787,31461],[167,144],[127,-170]],[[70720,28814],[138,-73],[-28,-172]],[[70508,27901],[-16,-113],[219,-97],[218,-250],[-31,-111],[34,-45],[-20,-119],[-175,3]],[[70431,26378],[28,-190],[-80,-235],[59,-522],[-259,-142]],[[69081,23537],[-110,202],[-43,-47],[15,-66],[-60,-9]],[[68880,23562],[-164,-42],[-65,39],[22,-262],[-156,-105],[-56,110],[-86,-7],[-58,115],[-114,-215]],[[69184,32135],[-113,39]],[[69071,32174],[-123,-142],[-1,-75]],[[68947,31957],[-77,-84],[-19,-111]],[[68851,31762],[-90,-81],[-56,-213]],[[68705,31468],[-309,-1],[-29,143],[-80,20],[-12,59],[37,194],[-125,27],[-134,-144]],[[68053,31766],[-23,70],[-65,13],[38,84],[-59,153]],[[68131,32655],[249,154],[-68,104]],[[68161,34280],[-70,0],[-83,89],[-57,-31],[-93,125]],[[67881,34611],[-58,62],[-8,120],[45,95]],[[67802,35337],[62,137],[73,3],[17,62],[-18,67],[-91,49],[-46,300],[130,112]],[[68107,36169],[84,52],[81,-12]],[[68680,36470],[54,-80],[58,57],[97,-6],[47,87],[22,-57],[14,30]],[[68972,36501],[-2,-448],[-31,-98],[69,-216],[57,49],[18,93],[120,2],[63,59],[104,-113],[0,-128],[-42,-55],[-289,-172],[38,-184],[112,-13],[56,62],[-13,-103],[134,-131],[178,4],[19,75],[56,-16],[143,-157],[-20,-192],[178,-106],[118,10],[116,-165],[30,103]],[[70184,34661],[68,39],[132,-262]],[[70771,33933],[52,110],[34,7],[-62,-105]],[[70441,31801],[-15,-449]],[[70426,31352],[-113,158],[52,126],[-45,204],[-84,-36],[-109,129],[-97,-11],[-8,-97],[-107,-3],[-79,102],[-77,14],[0,58],[-65,63],[-27,-22],[-3,100],[-114,-74],[-204,21]],[[69346,32084],[-91,85],[-71,-34]],[[72565,29533],[-85,88],[-128,262],[54,198],[-5,127],[45,80],[12,165],[36,-38]],[[74175,30818],[289,-93],[153,41],[30,101]],[[74909,31091],[61,26],[69,170],[105,-35],[130,-507],[62,-18],[127,97],[39,-70],[-53,-324]],[[75449,30430],[221,-312],[21,-212],[55,-122],[11,-221],[25,114],[54,-30],[-49,-434],[125,-174]],[[75912,29039],[-56,-114],[74,-2],[144,-120]],[[76074,28803],[88,44],[96,-160],[27,-165],[57,-61]],[[76342,28461],[-204,-312],[-82,-21],[-140,-235]],[[73283,25412],[-127,-146],[-18,-88],[-29,-5],[17,73],[-39,52]],[[73068,25196],[-67,-82],[-33,23],[-167,-172],[-56,32],[-124,-78],[54,197]],[[72661,25268],[8,172],[-69,15]],[[72600,25455],[68,-11],[-7,-176]],[[72661,25268],[-38,-43],[52,-109]],[[72675,25116],[-67,-233],[-61,39],[-198,-172],[27,-188],[42,-61],[-228,-186]],[[71906,24533],[-113,126],[-324,-245]],[[70926,24233],[-100,-27],[-30,84]],[[70870,24368],[148,462],[-92,90]],[[70906,25030],[-72,7],[-43,82]],[[70724,25263],[-56,123],[-79,-22],[-77,91],[-76,-2],[-55,377],[3,168],[84,266],[-37,114]],[[70431,26378],[58,-30],[27,-99],[258,13],[7,673],[-39,75],[-5,159]],[[70737,27169],[170,-7],[25,115],[-34,53],[31,112],[-123,169],[-312,161],[14,129]],[[70508,27901],[140,261],[-24,196],[206,211]],[[70830,28569],[28,149],[-9,55],[-129,41]],[[70720,28814],[-95,114],[-1,55],[-67,37],[-28,180],[69,140],[10,350],[-103,68],[42,46],[-51,188],[68,265],[31,411],[263,360],[223,407]],[[71081,31435],[-128,171],[-166,-145]],[[70787,31461],[-154,-63],[-100,30]],[[70533,31428],[-101,-77],[-19,188],[43,176],[-15,86]],[[70441,31801],[128,28],[172,209],[72,11],[50,135],[40,-11],[71,257],[-17,348],[44,88],[79,1],[25,75],[-68,12],[-121,238],[95,183],[-122,88],[-41,279],[-57,71],[4,132]],[[70795,33945],[62,106],[-86,-118]],[[70771,33933],[-95,-20],[-73,84],[-45,-25],[-40,-152],[-65,160],[-69,458]],[[70384,34438],[-123,208],[32,133],[-73,163],[36,140]],[[70256,35082],[171,28],[56,83],[43,-73],[-6,-71],[64,57]],[[70584,35106],[61,-84],[55,4],[-1,97]],[[70699,35123],[139,22],[8,157]],[[70846,35302],[69,68],[140,-96],[179,39],[58,-106],[97,-42],[25,-144]],[[71414,35021],[98,-38],[24,-179],[94,-15],[12,-117],[74,20],[65,-76],[20,138],[87,69],[90,-62],[140,-216],[156,61],[91,-31],[79,108],[64,13],[-19,106],[118,-13],[-19,92],[29,110],[66,144],[79,65],[-21,107],[169,146],[63,116],[127,-34]],[[73100,35535],[214,348],[156,-126],[-20,-112]],[[73450,35645],[-89,-119],[-4,-191],[-121,-194],[-1,-213]],[[73235,34928],[-115,-106],[12,-205]],[[73132,34617],[-31,-99],[37,-136],[-62,-301]],[[73076,34081],[109,-346],[-14,-425],[46,-148],[29,-36]],[[73246,33126],[107,76],[136,225],[253,260],[347,34],[218,-110],[256,58],[18,73],[56,-39],[44,106],[137,-42]],[[74818,33767],[44,71],[36,-40]],[[74898,33798],[-27,-43],[63,-57],[-22,-131]],[[74912,33567],[56,-24],[22,69]],[[74990,33612],[131,20],[11,129],[34,-15],[19,61],[187,-596],[-13,-122],[-79,11],[-13,-71],[-70,-23],[-64,-85],[27,-36],[-26,-42],[-101,-90],[87,-264],[-82,-60],[29,-149],[42,-69],[100,-26],[-42,-148],[64,-73],[-66,-77],[72,-187],[-32,23],[-26,-53],[-20,-166],[-119,-24]],[[75040,31480],[-51,-71],[52,-113],[-36,-118],[-96,-87]],[[74909,31091],[-6,-158],[-156,-201],[-29,-10],[-71,145]],[[74647,30867],[-16,-89],[-130,-51],[-326,91]],[[74175,30818],[-55,231],[-55,40],[-269,-37],[-172,213],[-144,-8],[-136,156],[-121,-114],[-240,224],[-63,-818],[-330,-270],[-34,51],[-62,-71]],[[72494,30415],[-41,32],[-104,-550],[127,-269],[89,-95]],[[72565,29533],[-127,-104],[-98,-160],[-173,-99],[64,-450],[260,-527],[-15,-600],[-102,-180],[-18,-174],[36,-254],[167,-167],[-9,-481],[49,-298],[51,13],[-45,-71],[10,-101],[36,-16],[-8,-224],[-80,-53],[-4,-52],[41,-80]],[[22619,71237],[-46,86],[-5,132],[-105,36],[-251,-209],[-119,119],[-133,10],[5,60],[113,112]],[[23990,74820],[50,44],[43,176],[57,23],[-26,207],[58,67],[9,171],[-23,155],[-49,60]],[[26118,86110],[47,174],[-18,-136],[37,-15],[123,85]],[[26325,86386],[173,-106],[18,159]],[[27121,86646],[6,-85],[47,29],[133,-79],[54,73],[-4,139],[136,101],[22,139],[119,-27]],[[28142,86678],[58,137],[41,-68],[106,19],[251,-232],[188,-45],[75,-74]],[[28961,86423],[113,-241],[-78,-349]],[[29271,84461],[93,17],[30,-145]],[[30314,83070],[704,17],[209,99],[96,134],[122,-48]],[[32124,80862],[230,-330],[191,87]],[[32663,80483],[166,-42],[94,-75],[-21,-123],[33,-96],[-30,-56]],[[26881,68693],[-26,-63],[-35,68]],[[26584,68629],[-104,144],[-41,-55],[-58,16],[-56,-88],[-166,-66],[-33,-111],[59,-92],[-102,-46],[-38,61],[-104,-103],[21,-168],[-92,-18],[-43,58],[62,227]],[[25742,68081],[-60,79],[-40,-148],[-75,116]],[[25285,68520],[-258,211],[-25,175],[92,109],[-38,64]],[[25076,69177],[-99,181],[-146,60]],[[19812,72875],[-36,-3],[-32,90]],[[17859,74346],[-69,30],[-66,176],[-99,68],[-30,-97]],[[15074,77128],[-36,14],[4,-92],[-28,19],[6,133]],[[14948,77206],[5,93],[138,426],[418,814],[185,115],[301,-46],[213,79],[172,233],[180,116],[81,174],[83,883],[-147,315],[-34,198],[-37,716],[77,453],[-15,207],[57,141],[-140,394],[119,759],[234,911],[168,467],[196,279],[422,414],[366,516],[82,389],[325,808],[217,404],[392,347],[116,247],[266,883],[155,215],[116,383],[91,152],[238,270],[288,200],[1507,417],[317,173],[257,277]],[[23349,89132],[79,-393],[168,-119],[48,-269],[88,-195],[3,-206]],[[23802,87234],[-27,-71],[149,-268]],[[25267,86217],[51,227],[109,62],[188,-45],[64,66],[49,-74]],[[26157,86294],[-39,-184]],[[26118,86110],[125,-390],[-41,-428],[9,-382],[-22,-61],[-161,247],[-83,-61],[-40,121],[-115,91],[-40,-438],[51,-184],[-34,-304],[52,-320],[-61,-129],[-55,-572],[-52,-205],[13,-178],[-120,-358],[-22,-291],[-177,-255],[-105,-351],[-240,-435],[70,-66],[28,-111],[-26,-298],[-41,-38],[32,-106],[-40,-29],[-171,-516],[-150,-323],[552,-468],[-89,-96],[-197,-69],[-20,-57],[-17,-216],[39,-77],[-27,-102],[38,-130],[-121,-236],[3,-170],[-146,-169],[15,-261],[-77,-94],[-52,-187],[-76,-69],[-47,-189],[25,-168],[-54,-107],[-10,-172],[43,-171],[-78,-88],[0,-125],[-39,-53],[20,-51],[-105,-205],[-11,-190],[-162,-97]],[[24109,75723],[54,-79],[12,-293],[-61,-81],[29,-191],[-60,-39],[-13,-132],[-80,-88]],[[23990,74820],[-50,80],[-16,-91],[-132,-164],[-125,-25],[-128,63],[-363,-459],[-25,-112],[-69,7],[-39,-110],[-76,-8],[-65,-139],[-14,-154],[-139,-242],[-8,-152],[-78,-90],[5,-175],[-94,-263],[-9,-174],[-114,-140],[-158,-410],[-218,-370],[25,-52],[-22,-57]],[[22078,71583],[-100,-79],[-18,-93],[-214,-172],[-324,164],[-79,266]],[[20655,72250],[-38,-69],[-65,183],[-172,35],[-21,108],[-55,-20],[-43,78]],[[31787,65516],[-68,-117],[-31,40]],[[30513,65246],[-130,-18],[-40,62],[-57,-11],[-113,171]],[[29905,65615],[-306,184],[-35,-18],[34,-27]],[[29337,65533],[-58,-52],[1,-81],[-68,-100],[-81,-9],[-84,224],[-62,-125]],[[28558,65594],[7,81],[-82,64],[-110,-14],[-21,80]],[[28174,65920],[-13,125],[-91,25],[-5,65],[-51,37]],[[26305,67883],[-59,145],[-68,-8]],[[26139,67914],[9,68],[-50,28],[12,-62],[-92,-1],[-4,66],[133,119],[11,164],[-50,68],[78,17],[-60,88],[40,120],[311,185],[107,-145]],[[26584,68629],[106,64],[78,-50],[52,55]],[[26820,68698],[41,-66],[20,61]],[[26881,68693],[81,2],[76,252],[104,-43],[105,223],[191,32],[-28,82],[50,44],[-8,187],[87,16],[-6,118],[87,48],[-11,215],[171,84],[49,136],[140,63],[285,52],[83,-245],[222,104],[66,-89],[203,-16],[150,-156],[83,-353],[111,-114],[-19,-170],[43,-109],[5,-246],[169,-71],[208,143],[44,92],[56,347],[151,47],[-15,354],[92,118],[127,294],[3,315],[47,179],[-311,464],[-18,150],[-113,154],[47,352],[-90,256],[104,169],[-29,57],[18,116],[-105,136],[-36,124],[37,117],[-46,74],[850,814],[-162,436],[142,237],[24,416],[-35,192],[72,144],[23,266],[158,152],[156,354],[-58,162],[102,178],[-26,194],[86,72],[-37,169],[86,116],[-68,248],[23,95],[-45,66],[-27,178],[-53,56],[139,26],[75,246],[176,358],[255,124],[-22,70],[90,261],[-33,131],[122,255],[62,263],[-26,213],[21,120],[181,219],[-29,78],[39,106],[66,-1],[89,131],[65,14],[-4,74],[89,-12],[115,101],[47,-10],[29,-165],[72,-32],[151,78],[52,-21],[-1,-53],[36,46],[50,-71],[23,41],[43,-35],[110,163],[43,-23],[-9,77],[37,-23]],[[32905,80091],[28,49],[-31,103],[49,141],[133,12]],[[33453,80228],[37,116],[86,-183],[143,-8],[240,-425]],[[34188,79351],[45,-159],[111,-62],[54,189],[106,-185],[-118,-624],[-72,-48]],[[33259,74690],[222,-311],[257,-206],[227,126]],[[34077,74268],[368,77],[307,-285],[248,-56]],[[36366,73453],[114,-220],[156,-39]],[[32709,65696],[-76,63],[-64,-39],[-121,91],[-50,-43],[-8,-132]],[[32023,65586],[-20,43],[-55,-137]],[[52352,59000],[-180,101],[-40,-37],[-114,249],[-93,2],[-150,132]],[[51723,59942],[-106,51],[-75,-15],[-104,-169]],[[50023,60776],[-126,-49],[-41,132]],[[49526,61396],[-9,95],[181,105],[222,290],[-168,1147],[58,9],[-27,24]],[[49951,63076],[39,62],[55,-58]],[[52170,64917],[-33,232],[73,4]],[[53564,65741],[130,6],[52,242]],[[54498,69542],[-15,93],[423,162],[169,299]],[[55656,70304],[133,19]],[[55835,70583],[50,-138],[0,-290],[60,-73],[7,-88],[234,-146]],[[56809,68621],[-17,-157],[119,-15]],[[56910,68559],[59,6],[-30,-159]],[[58450,67221],[-9,-64],[89,23],[33,-97],[5,91],[65,-15],[44,-83],[-130,-225]],[[58524,66657],[-274,-578],[-48,-85],[-101,-39],[-68,-141]],[[57307,62739],[61,-188],[-140,-76]],[[55158,60851],[-141,-69],[-45,151]],[[54365,62098],[-96,19],[-79,-364]],[[53928,60550],[83,-10],[10,-45],[-61,-114]],[[53846,60380],[-117,-289],[52,-68]],[[53781,60023],[-53,73],[118,284]],[[53846,60380],[114,1]],[[53960,60381],[64,130],[-96,39]],[[53928,60550],[38,321],[-92,155],[316,727]],[[54190,61753],[68,359],[107,-14]],[[54365,62098],[180,-572],[85,71],[123,-170],[69,35],[29,-245],[65,-73],[-9,-159],[65,-52]],[[54972,60933],[40,-146],[146,64]],[[55158,60851],[24,-118],[60,-42],[257,207],[302,3],[142,160],[116,-39],[289,34],[-1,159],[47,142],[-14,132],[44,133],[-85,269],[246,7],[-11,209],[86,366],[-12,177],[29,82],[44,-15],[16,-161],[88,-213],[129,-125],[164,74],[108,118],[2,65]],[[57228,62475],[134,67],[-55,197]],[[57307,62739],[-120,-10],[8,161],[197,221],[60,312],[-29,209],[271,451],[14,104],[-11,204],[-62,209],[-163,256],[115,160],[399,216],[47,582]],[[58033,65814],[75,149],[101,39],[241,483],[74,172]],[[58524,66657],[23,194]],[[58547,66851],[128,216],[-39,37],[-18,139]],[[58923,67286],[79,55],[-43,-233]],[[59214,66804],[104,-9],[-1,-59],[-55,-6]],[[58997,66122],[204,-177],[2,-188],[-54,-101],[57,-66],[181,81]],[[62042,63996],[184,-257],[124,80]],[[64351,63699],[183,-173]],[[64499,63263],[-29,-169],[-507,-203],[-125,-143],[-75,-367],[119,-172],[-100,-76]],[[62842,61578],[-123,96],[-97,-311]],[[62204,60560],[-415,-169],[-22,-104],[87,-408],[-51,-65],[-19,-197],[-219,-345],[-91,-7],[-95,117]],[[61378,59448],[-53,4],[-158,-243]],[[60483,59697],[-39,-112],[-225,-47]],[[60023,59239],[-69,-36],[-36,-150]],[[58645,57496],[-151,-141],[-125,109],[-6,-98],[-52,76],[-58,-115],[-192,187]],[[52721,57708],[-57,99],[24,216]],[[52695,58143],[-41,5],[27,40],[-84,73],[14,97]],[[52361,58584],[-91,27],[-11,85]],[[52256,58804],[-58,-11],[8,62]],[[52132,58871],[-15,53],[45,175],[190,-99]],[[52352,59000],[79,74],[104,223],[161,121],[289,-218],[26,57],[202,98],[284,-559],[270,258],[-67,162],[-30,393],[111,414]],[[52170,64917],[-89,-164],[14,-132],[-56,-85],[-139,-38],[-66,-206],[15,-101],[-150,-30],[-27,-132],[-119,-88],[-7,85],[-60,17],[-27,-177],[-132,56],[-258,-79],[-212,-342],[-300,-219],[-100,-21],[-13,-359],[-54,50],[-51,-40],[1,71],[-36,-24],[-6,41],[-83,-37],[-22,98],[-156,-66],[8,85]],[[50045,63080],[-51,57],[-43,-61]],[[49951,63076],[-72,39],[-13,-59],[-30,85],[-32,-8],[-21,-67]],[[49783,63066],[28,-20],[-57,-9],[-2,-55],[168,-1096],[-291,-349],[-130,-38],[-89,264]],[[48993,62048],[-10,102],[-120,12]],[[48774,62176],[-104,103],[-79,-13],[-84,-149],[-51,14],[-61,-66],[-68,31]],[[47365,61730],[-78,-120],[-153,260],[-177,723],[-112,104]],[[46373,64288],[-51,165],[-171,64]],[[44369,65462],[-129,412],[10,388],[-65,146],[-149,132]],[[43824,66518],[-219,-147],[-23,-202],[-49,-86],[-145,217],[-154,659],[114,34]],[[44858,69472],[97,292],[56,31]],[[46506,70967],[510,504],[44,-2],[96,-261],[152,-138]],[[48265,70629],[194,-172],[187,65]],[[48913,70636],[111,-33],[105,393]],[[49250,71079],[108,-35],[49,39],[45,78],[14,204],[75,274],[75,131],[4,300]],[[50183,72979],[82,-110],[90,-394],[174,-2],[28,-163]],[[50923,72046],[85,-229],[87,-42],[123,42],[143,133],[217,-52]],[[52064,71910],[144,67],[63,118]],[[53351,71217],[-15,-737],[111,2]],[[53946,69495],[535,135],[17,-88]],[[54498,69542],[-68,-389],[-144,-60],[-81,-164],[14,-208],[-59,-176],[42,-72],[-6,-237],[-210,-504],[-70,-307],[149,-423],[-12,-509],[-114,-245],[-193,-259]],[[53746,65989],[-48,-235],[-134,-13]],[[53564,65741],[-147,-121],[-152,77],[-29,65],[-141,-115],[-135,-18],[-74,-99],[-151,-15],[-126,-127],[-106,61],[-293,-296]],[[52210,65153],[-78,-12],[38,-224]],[[67930,16664],[-1,-7],[-1,6],[2,1]],[[68348,16969],[-6,7],[9,-1],[-3,-6]],[[68272,17022],[-19,-39],[-13,16],[32,23]],[[68284,17029],[0,-9],[-2,1],[2,8]],[[68193,17237],[3,6],[1,-3],[-4,-3]],[[68409,17460],[21,-9],[-23,-14],[2,23]],[[68425,17542],[25,-53],[-33,15],[8,38]],[[70454,17629],[-30,-24],[0,27],[30,-3]],[[70456,17626],[13,-10],[-10,-1],[-3,11]],[[68221,17750],[2,10],[4,-6],[-6,-4]],[[68506,17881],[-15,-40],[-2,21],[17,19]],[[68282,18080],[1,-3],[-2,1],[1,2]],[[67776,18350],[116,231],[151,685],[-215,173]],[[67730,19385],[-90,223],[96,215]],[[67929,20190],[24,213],[-116,-40]],[[68522,22889],[-56,126],[72,208],[135,74],[-35,245],[242,20]],[[68880,23562],[3,55]],[[68883,23617],[69,32],[-24,43],[63,53],[40,-158],[50,-50]],[[69081,23537],[188,62],[33,-62],[90,-20],[27,82],[96,53],[12,33],[-53,45],[84,101],[2,76],[150,9],[47,84],[-63,55],[54,116],[-8,160],[-21,38],[-45,-58],[-89,220],[6,100],[304,188],[76,151],[100,55],[53,103],[96,-36],[36,56],[-77,141]],[[70179,25289],[320,169],[90,-94],[73,27],[62,-128]],[[70724,25263],[78,-29],[-11,-115]],[[70791,25119],[41,-80],[74,-9]],[[70906,25030],[20,-110]],[[70926,24920],[92,-93],[-148,-459]],[[70870,24368],[-74,-78]],[[70796,24290],[39,-93],[91,36]],[[70926,24233],[90,169],[131,87],[136,-64],[115,44],[71,-55]],[[71469,24414],[328,245],[109,-126]],[[71906,24533],[150,24],[134,-242]],[[72190,24315],[232,193],[-46,54],[-27,186],[68,77],[154,105],[37,-47],[137,114],[60,-30],[163,170],[35,-20],[65,79]],[[73068,25196],[19,102]],[[73087,25298],[43,-127],[105,221],[48,20]],[[73283,25412],[43,192],[302,313],[15,124],[180,10],[71,59],[107,301],[59,-18],[148,229],[39,213],[81,-91],[45,219],[151,118],[23,134],[-54,-21],[56,173],[-63,40],[79,-3],[36,94],[85,-22],[233,233],[108,9],[19,-46],[56,80],[67,4],[64,99],[48,156],[-42,33],[53,70],[55,-50],[145,18],[9,54],[95,18],[78,106],[199,-64],[1,-322],[42,19]],[[75916,27893],[478,644],[176,-2]],[[76570,28535],[26,112],[76,55],[11,190],[102,196],[131,-29],[104,-128],[84,43],[23,-171],[157,-53],[86,171],[89,-18],[17,175],[73,64],[51,-36],[81,38],[30,-71],[90,142],[179,61],[64,215],[41,-36],[-3,-69],[50,53],[48,-36]],[[78180,29403],[113,110],[24,-199]],[[78317,29314],[52,-56],[-114,-93]],[[78255,29165],[54,-94],[387,130],[29,120]],[[78725,29321],[92,113]],[[78817,29434],[290,-73],[251,205]],[[79358,29566],[182,56],[175,207],[79,-52],[161,50],[-17,-115],[229,-12],[183,229],[-52,127],[69,68],[35,215],[105,23],[68,151],[140,-25],[45,71],[110,12],[35,-46],[82,56],[56,-57],[34,154],[45,-19]],[[81122,30659],[9,69],[53,4],[35,-86],[90,1],[31,-57]],[[81340,30590],[-22,-86],[23,-121],[-78,-108],[60,-14],[27,-87],[358,-11]],[[81708,30163],[46,-84],[-62,-234],[53,-404]],[[81214,28679],[-625,-129],[-830,-358],[-201,-137],[-25,-131],[-55,-52],[-116,52],[-292,-184],[-57,-130],[49,-64],[-135,-191],[-51,49],[74,70],[-36,117],[-103,81],[-98,-4],[-384,-236],[-311,-293],[-53,-250],[83,18],[21,-67],[-139,-132],[-51,-228],[30,-166],[-112,-66],[-44,-132],[17,-84],[49,1],[-106,-62],[-55,49],[-204,-317],[6,-266],[50,-45],[62,68],[30,-115],[58,-25],[-73,-26],[-62,-195],[-105,-59],[-31,-75],[-29,-217],[48,-253],[-93,29],[-101,-92],[-24,-99],[-59,29],[57,87],[-11,51],[-92,88],[-397,-134],[-199,-183],[-25,-90],[50,-89],[-71,14],[-103,-129],[5,-285],[-43,-36],[-7,-83],[-71,-38],[-10,95],[34,28],[-26,28],[49,77],[7,106],[-89,60],[14,62],[-46,66],[-107,-62],[-74,-165],[-21,141],[-70,-68],[-60,54],[39,409],[88,9],[85,127],[-132,217],[-166,114],[-284,32],[-122,-70],[-2,-126],[-41,30],[9,95],[-38,89],[-74,-14],[-78,-100],[87,-17],[24,-124],[48,-46],[-39,-127],[-154,-82],[34,-123],[-39,-49],[12,-90],[84,-98],[-73,26],[-1,-122],[-97,-174],[-31,24],[20,239],[-92,54],[-186,-15],[-450,-193],[-618,-413],[-1282,-968],[-673,-570],[-1045,-914],[-179,-235],[-173,-69],[-1003,-1013],[-690,-795],[-336,-547],[18,-240],[16,-33],[32,5],[-72,-207],[-177,-300],[22,-153],[88,-23],[-27,-31],[17,-112],[90,-29],[-42,-61],[15,-141],[-63,-12],[11,-78],[-78,37],[-69,-82],[14,-53],[-54,-89],[-244,-89],[-346,-328],[-38,252],[-50,63],[-88,-87],[-203,170],[-66,150],[52,291],[139,178],[-140,99],[24,61],[-61,105],[25,90],[-64,152],[116,216]],[[69496,19789],[11,1],[6,-8],[-17,7]],[[71899,15813],[51,-229],[-54,-60],[-19,131],[6,121],[16,37]],[[71730,20094],[10,0],[-4,-12],[-6,12]],[[70602,20865],[-4,-21],[-10,27],[14,-6]],[[76424,23453],[4,-3],[-4,0],[0,3]],[[76516,23532],[18,-133],[-69,46],[51,87]],[[76156,23833],[8,18],[4,-5],[-12,-13]],[[76189,23897],[-18,-8],[17,15],[1,-7]],[[75822,24200],[9,-24],[-14,0],[5,24]],[[75343,24657],[-5,9],[7,-1],[-2,-8]],[[75511,24790],[2,34],[14,0],[-16,-34]],[[77635,18442],[23,15],[-31,-48],[8,33]],[[77410,18606],[28,6],[-34,-28],[6,22]],[[77030,24187],[-30,-30],[33,51],[-3,-21]],[[76603,24328],[8,-29],[-18,23],[10,6]],[[77413,24862],[13,-76],[-32,5],[19,71]],[[77473,24872],[9,14],[6,-3],[-15,-11]],[[77577,24947],[23,-19],[-25,-6],[2,25]],[[77553,25637],[1,14],[4,-4],[-5,-10]],[[77590,25863],[-16,-11],[-2,21],[18,-10]],[[77934,26283],[-11,-27],[-7,19],[18,8]],[[78019,26401],[-23,7],[13,18],[10,-25]],[[77953,26637],[-17,7],[21,8],[-4,-15]],[[79162,27469],[2,-23],[-10,4],[8,19]],[[45322,81303],[-6,69],[-103,117],[-224,-29],[-100,46]],[[44753,82073],[109,226],[0,189],[-43,160],[-71,51],[13,39],[-68,2],[24,60],[-70,33],[-40,-47]],[[44540,84878],[2,213],[55,184],[-65,111]],[[43563,87486],[-83,112],[158,83]],[[44222,87731],[118,162],[29,-49],[-51,-190],[126,78],[112,130],[132,571]],[[44580,91199],[351,1047],[244,1029],[92,65],[389,-1],[268,-172],[183,-232],[135,-611],[114,-995],[-45,-287],[9,-888],[-34,-309],[27,-301],[-53,-482],[82,-239],[725,-695],[67,21],[152,198],[127,487],[-23,416],[-120,554],[48,598],[-146,362],[25,424],[160,525],[145,172],[28,97],[38,248],[-51,246],[28,344],[331,326],[499,-34],[123,36],[183,152],[250,71],[271,-194],[209,-62],[158,42],[95,-87],[210,-15],[225,124],[293,366],[250,151],[264,17],[608,-156],[268,76],[275,160]],[[54012,92334],[45,-189],[31,21],[51,315],[46,79]],[[54373,91992],[25,-45],[177,13],[144,179],[98,4],[40,-86],[267,-8],[231,-214],[-8,-298]],[[55472,91363],[-138,-198],[99,-127],[-24,-116],[21,-98],[-111,-91],[-53,-227],[-284,-586]],[[54849,88112],[-106,-248],[-88,29],[-28,87]],[[53524,85490],[-23,-361],[-215,-200],[-76,-175],[-22,-290],[188,-343],[-80,-351],[27,-189]],[[50492,81362],[-226,-275],[-99,163]],[[48843,81317],[-84,-147],[28,-225],[-62,-168],[63,-279]],[[48770,79855],[-76,2],[-221,-416],[-160,-144],[-68,18],[-110,-73]],[[49471,74381],[-157,-61],[-110,96],[-106,216],[-89,88]],[[48959,74930],[15,254],[197,26]],[[49652,75471],[298,160],[475,-74]],[[48691,78961],[-84,148],[-91,-92],[-73,83],[-24,114],[-69,29],[-26,63],[149,135],[140,220],[40,136],[56,77],[61,-19]],[[48770,79855],[19,167],[-80,131],[-38,165],[117,180]],[[48788,80498],[-64,238],[63,209],[-19,243],[75,129]],[[48843,81317],[126,17],[96,142],[70,-177],[261,-319],[242,197],[82,-71],[112,-1],[59,82],[3,164],[102,17],[36,-71],[135,-47]],[[50167,81250],[112,-161],[213,273]],[[50492,81362],[201,160],[124,35],[189,220],[118,-36],[113,98],[103,12],[194,-42],[71,-123],[88,59],[179,-27],[14,73],[60,27],[13,96],[169,41],[-64,169],[65,25],[1,80],[88,-44],[131,189],[-26,42],[-41,-28],[-3,89],[-55,-20],[-56,104],[155,14],[48,66],[43,-30],[75,58],[22,76],[51,-5],[109,163],[83,38],[54,127],[119,24],[74,126],[25,-28],[76,66],[3,131],[195,75],[23,119]],[[53323,83581],[199,-532],[276,88],[64,-54],[118,-318]],[[54163,82819],[56,-32],[164,-659]],[[54387,80846],[376,-459],[2,-98],[-103,-232]],[[53482,77182],[58,-44],[10,-106],[-28,27],[-137,-90]],[[52394,75022],[-66,-411],[-125,-76]],[[52037,74319],[-63,177],[61,336]],[[50612,74474],[-44,-172],[-172,28],[-89,173],[-218,94],[-125,-189]],[[43313,29574],[-123,50],[-27,-89]],[[41727,28515],[25,-84],[-79,-12],[-30,65],[14,114]],[[41694,28609],[-48,63],[-174,-105],[-168,-342]],[[40237,28103],[68,-165],[-68,-86]],[[40146,27875],[-27,-67],[-32,102]],[[39934,28043],[-143,57],[-116,-56],[-69,230],[-53,43],[46,10],[-1,105],[47,55],[-17,84],[38,52],[-145,94],[108,107],[-43,178],[40,142],[142,-117],[28,44],[-75,254],[71,325],[-73,53],[-7,181],[-56,-20],[-4,114],[-72,-42],[-86,137],[14,80],[-59,-43],[-37,145],[33,102],[-61,13],[4,89],[-188,121],[-14,154],[-153,71],[99,99],[21,185],[-81,11],[0,151],[-71,45],[-13,92],[25,228],[189,209],[9,133],[-76,180],[103,190],[-78,232],[62,108],[-268,221],[-60,175],[26,92],[61,44],[77,-77],[23,36],[-93,290],[86,94],[-16,262],[129,-111],[53,23],[-45,116],[53,228],[-59,119],[84,196],[62,81],[113,-16],[78,-129],[44,65],[-37,73],[64,176],[-158,-95],[27,182],[-22,132],[-101,-35],[-45,169],[-115,-19],[-12,89],[70,83],[-104,87],[-148,-73],[5,156],[193,86],[131,-92],[13,112],[-62,122],[6,160],[-183,223],[-241,-32],[-53,137],[22,161],[75,-71],[87,213],[-18,241],[-91,251],[63,319],[-15,87]],[[38954,37267],[206,6],[148,204]],[[41977,44302],[-87,-51],[-90,103]],[[41800,44513],[-98,271],[36,163],[-19,213],[95,333],[-122,612]],[[41729,46260],[169,-129],[138,28],[153,141],[61,169],[227,56],[182,-41],[50,-108],[103,-22],[197,335]],[[45670,46035],[-72,-205],[1,-305]],[[45556,45336],[37,-98],[182,-111]],[[47627,45019],[60,-66],[254,34],[176,70],[10,-179],[49,-55],[21,-135],[109,-105],[-214,-89]],[[49176,36550],[0,-349],[39,-48],[277,-26],[377,244],[186,-315],[32,-174],[-79,-534]],[[50029,35138],[-69,-193],[-163,8],[-27,-105]],[[49802,34553],[111,-720],[136,-71]],[[49870,32911],[-56,-276],[101,-124]],[[50226,32205],[93,-252],[-43,-219],[28,-53]],[[46464,31136],[-272,-33],[-31,-37],[7,-107],[-151,-200],[-54,-1],[-126,151],[-42,-177]],[[45642,30612],[-70,-464],[-99,-100],[-1027,-711]],[[44347,29505],[15,186],[-199,139],[-109,3],[-169,-155],[-37,-112],[-123,-84],[-244,122]],[[39835,50090],[-100,98],[-78,-314],[-55,1],[-6,130],[-84,126]],[[39783,60018],[82,75],[-5,175]],[[40526,61925],[150,194],[185,70]],[[41427,63313],[131,-80]],[[42744,62702],[63,25],[51,288]],[[42875,63169],[164,326],[25,247],[-119,360],[100,608],[-100,179],[92,326]],[[43240,65435],[-25,610],[150,61],[148,-47],[69,110],[-5,128],[36,84],[211,137]],[[43824,66518],[212,22]],[[44036,66540],[78,-41],[130,-204],[3,-444],[122,-389]],[[44369,65462],[171,-250],[95,-319],[118,-227],[324,-126],[360,-296],[279,61],[435,212]],[[46151,64517],[116,-11],[75,-87],[31,-131]],[[46373,64288],[-18,-237],[-297,-546],[7,-298],[210,-289],[570,-221]],[[46845,62697],[133,-138],[156,-689],[-170,-181],[-11,-169],[97,-161]],[[47293,61253],[170,-307],[-22,-236]],[[50117,51382],[46,-183],[-99,-61]],[[49869,50737],[-79,11],[33,-79],[-64,-90]],[[49730,50525],[-1,-108],[-43,38],[-76,-50],[46,-51]],[[49653,49991],[-121,-62],[-53,-333],[96,-365],[146,-352],[-201,-4]],[[48240,45267],[-105,-224],[-439,-90],[-69,66]],[[47627,45019],[-162,-97],[-191,1],[-244,114],[-92,217],[-137,89],[-309,65],[-190,-45],[-28,44],[-160,-278],[-144,382],[-158,-241],[-37,-143]],[[45775,45127],[-163,92],[-56,117]],[[45556,45336],[43,189]],[[45599,45525],[7,373],[64,137]],[[45670,46035],[-38,324],[-44,156],[-74,-3],[-162,139],[-60,335],[-393,561],[-52,452],[17,243],[-104,-45],[-48,-117],[-120,63],[-152,-7],[-223,-224],[-133,-591],[-77,-96],[-25,-116],[-86,12],[-21,115],[-72,-52],[-82,68],[-71,-257],[-235,-259],[-34,-171],[-234,197],[-138,-73]],[[43009,46689],[-132,-175],[-49,-154],[-114,13],[-66,115],[-345,10],[-73,-54],[-47,-152],[-134,-126],[-217,-12],[-140,142],[-73,224]],[[41974,48571],[-35,61],[40,-2],[18,63],[-135,160]],[[54406,37247],[-230,48],[-119,-200],[-47,82]],[[53858,37607],[-111,40],[-113,-126]],[[50505,36625],[-125,-14],[-258,-178],[-440,-145],[-214,-166],[-284,54],[-8,374]],[[49176,36550],[-261,-10],[-266,226],[-195,83],[-28,315],[111,244],[-65,98],[307,268],[-29,234],[77,137],[-4,180],[62,198],[-70,64],[-35,135],[28,453],[-23,121],[13,122],[104,223],[-32,199],[-159,371],[109,448],[-255,211],[-79,168],[-13,180],[-71,85],[97,370],[6,236],[83,83],[7,410],[-145,322],[-19,147],[-138,112],[-59,-60],[-146,148],[-79,19],[-8,56],[-361,43],[6,152],[-66,153],[127,169],[33,136],[128,86],[-28,317],[252,292]],[[48092,44494],[214,74],[-105,110],[-78,277],[85,265],[32,47]],[[48240,45267],[45,-71],[101,180],[-5,94],[71,180],[-17,187],[-46,64],[-13,339],[32,296],[93,67],[170,-258],[42,2],[23,74],[53,-45],[80,99],[84,14],[100,346],[155,125],[-11,83],[180,-75],[-25,113],[22,128],[-35,67],[70,465],[-35,122],[76,391],[-45,114],[0,228],[115,279]],[[49520,48875],[201,16],[-146,340],[-101,471],[60,230],[119,59]],[[49653,49991],[-40,75],[57,13],[-30,62],[-53,-31],[22,157],[-36,46],[70,-10],[13,51]],[[49656,50354],[-47,48],[62,49],[59,-33],[0,107]],[[49730,50525],[51,-9],[-22,63]],[[49759,50579],[41,19],[-4,50],[182,-126]],[[50380,49843],[107,-141],[183,134],[164,-166],[53,70],[234,72],[132,160],[21,183]],[[53159,49209],[211,-223],[92,59],[163,251],[390,227],[112,-58],[151,-360],[100,3],[87,355]],[[56255,47178],[66,-192],[128,54]],[[56675,47197],[88,105],[105,-94],[76,-181]],[[56899,46906],[25,-135],[-89,0],[-43,-95],[-17,-434]],[[56933,44348],[54,-201],[103,-74]],[[57201,44496],[64,129],[37,-28]],[[57398,44109],[38,-48],[126,195]],[[58231,44596],[361,171],[100,-112]],[[58971,44279],[274,167],[24,-138],[-42,-97],[34,-226]],[[59202,43970],[-25,-76],[7,-118],[37,-23],[-23,-102],[-49,28]],[[59539,42009],[-114,-63],[95,-260]],[[59699,41739],[65,-152],[-314,-86]],[[59043,40824],[-141,-40],[20,-83],[72,-30]],[[59174,40234],[28,-67],[-19,-107],[-69,-41],[-178,48],[61,-108],[130,-63]],[[59027,39576],[-190,-153],[8,-96]],[[58883,39185],[19,-39],[-139,26]],[[57966,39361],[-47,85],[-246,-215]],[[54702,36939],[-116,-28],[-43,116]],[[50117,51382],[-166,118],[-95,245],[-172,112],[-49,311],[61,218],[-25,391],[-217,261],[-154,367],[-273,886],[-124,240],[-25,321],[-95,146],[-82,429],[-157,211],[-53,221],[-9,268],[-280,-101],[-209,93],[-111,252],[42,104],[-21,168],[49,126],[-91,156],[22,75],[-345,205],[144,644],[-165,100],[-100,264],[146,809],[-16,519],[-89,179],[-243,116],[-47,127],[117,413],[156,334]],[[47441,60710],[25,212],[-173,331]],[[47293,61253],[-243,106]],[[47050,61359],[-78,101],[-16,208],[178,202],[163,-258],[68,118]],[[47365,61730],[67,-40],[196,122],[80,121],[9,86],[79,-8],[4,70],[-33,0],[55,80],[36,-46],[62,61],[11,-51],[40,34],[83,-56],[10,54],[26,-44],[84,13],[1,-50],[53,62],[95,-85],[4,43]],[[48327,62096],[71,-31],[132,69],[-9,40],[84,103],[65,2],[20,-56],[41,34],[43,-81]],[[48774,62176],[35,51],[71,-37],[-17,-28]],[[48863,62162],[70,18],[74,-66],[-14,-66]],[[48993,62048],[65,-74],[-11,-143],[159,-13],[16,-68],[67,56],[28,-48],[93,5]],[[49410,61763],[116,-367]],[[49526,61396],[108,-149],[-41,-40],[26,-111],[147,-78],[-6,-92],[96,-67]],[[49856,60859],[21,-112],[43,-36],[103,65]],[[50023,60776],[150,-198],[83,9],[13,-138],[174,-45],[31,-152],[66,-63],[261,-84],[114,-202],[18,-138],[57,-9],[31,-179],[86,-9],[71,111],[260,130]],[[51438,59809],[117,181],[168,-48]],[[51723,59942],[-66,-232],[73,-91],[45,-172]],[[51775,59447],[271,-173],[88,-217],[-2,-186]],[[52132,58871],[74,-16]],[[52206,58855],[9,-72],[41,21]],[[52256,58804],[-24,-114],[27,6]],[[52259,58696],[5,-76],[97,-36]],[[52361,58584],[22,-75],[82,86],[16,-77],[56,-8],[74,-152]],[[52611,58358],[-9,-106],[79,-64],[-32,-21],[46,-24]],[[52695,58143],[-35,-36],[28,-84]],[[52688,58023],[-27,-191],[60,-124]],[[52721,57708],[-36,-156],[60,-8],[-28,-69],[73,-22],[-16,-118],[129,-47],[47,-106],[40,62],[67,-2],[74,-36],[28,-73],[81,-8],[28,-167],[115,-72],[21,-79],[86,-1],[6,-79],[76,-8],[12,-86],[71,119],[244,54],[140,-57],[53,192],[157,79],[119,-13],[-114,267],[-11,150],[129,-79],[320,4],[192,194],[187,-126],[67,-204],[417,-227],[43,-74],[169,9],[33,73],[133,-26],[273,414],[165,128],[87,-16],[157,392],[-26,460],[26,266],[-47,187],[34,85],[97,-88],[108,21],[46,-53],[132,-304],[133,-131],[2,-107],[61,-105],[114,-17],[-13,39],[37,41],[32,-61],[30,21],[7,-77],[46,1],[33,86],[41,15],[19,-50],[165,89],[179,-241],[-9,-57],[51,-60],[-11,-153],[98,-198],[61,19]],[[58061,57514],[161,-142],[-34,-248]],[[58051,52673],[7,-63],[-95,-54],[-149,30],[-146,-124]],[[56348,50975],[-79,-238],[-76,306]],[[55752,50954],[-31,-251],[-57,132],[-53,-28],[-19,-80],[-56,63],[-14,101]],[[55252,51542],[-79,121],[-39,-134]],[[55121,51282],[25,138],[-69,9],[-23,110],[-62,-59],[-40,-74],[48,-128],[-52,-34],[57,-259],[-57,18]],[[54194,50502],[82,-177]],[[54240,50231],[86,-249],[10,-136],[-132,-478],[-22,-25],[-110,169],[-114,-8],[-333,-208],[-244,-311],[-100,54],[-122,170]],[[53159,49209],[-128,50],[-116,349],[-346,528],[-445,390],[-500,-119],[-108,-116],[-145,73],[-97,-209]],[[51274,50155],[-52,-249],[-385,-236],[-144,165],[-93,-25],[-74,-103],[-63,6],[-83,130]],[[50380,49843],[-160,46],[-53,153],[1,201],[-40,117],[-88,22],[-62,140]],[[49978,50522],[-165,92],[10,60],[-38,45],[52,51],[32,-33]],[[49869,50737],[13,212],[33,-84],[44,1],[-53,146],[94,38],[61,-37],[3,125]],[[50064,51138],[78,25],[-25,219]],[[35171,61307],[-199,-82],[-93,165],[-258,161],[-68,186],[27,73]],[[34409,62027],[38,127],[-35,66],[-120,-11]],[[33415,63428],[-66,-1],[-68,103]],[[33295,63622],[-39,55],[-51,-25],[-65,62],[-33,90]],[[32647,64355],[-13,94],[-127,-71]],[[31720,65184],[-30,190],[97,142]],[[31787,65516],[161,-24]],[[31948,65492],[59,141],[16,-47]],[[32023,65586],[6,40],[136,-2],[113,-82],[15,79],[97,15]],[[32390,65636],[-7,75],[51,100],[275,-115]],[[32709,65696],[77,59],[36,-93],[54,23],[-2,-43],[41,41],[23,147],[80,84],[280,-187],[114,117],[62,-130],[96,200],[-41,141],[71,485],[36,47],[0,404],[227,191],[68,257],[140,117],[3,99],[35,-55],[-33,-161],[26,-129],[34,-98],[80,-23],[108,261],[115,110],[167,-15],[100,50],[124,-65],[74,55],[75,172],[138,31],[46,-55],[105,46],[229,415],[204,-64],[63,142],[10,195],[69,216],[-1,67],[-87,5],[-5,217],[194,511],[11,202],[32,44],[38,-53],[157,42],[41,168],[-31,138],[47,60],[-41,103],[68,55],[-18,57],[58,107],[-26,216],[26,160],[-83,302],[51,48],[27,230],[60,79],[6,87],[41,-20],[44,59],[169,501],[68,-27],[32,373],[83,51],[-16,224],[-72,57],[14,83],[-96,192],[70,77],[-57,-9],[-11,105]],[[36636,73194],[193,-102],[127,-209]],[[37506,72798],[94,-2],[26,-76]],[[38107,71705],[46,-97],[115,-1]],[[38786,71807],[121,-38],[294,-358],[166,-36],[255,-597],[66,-110],[100,-36],[68,-264],[196,-264],[208,-577],[190,-350],[459,-396],[326,-386],[142,-30],[339,169],[432,-227],[125,-258]],[[42896,66283],[366,-185],[-64,-128],[39,-108],[3,-427]],[[43240,65435],[-203,-220]],[[43037,65215],[-89,-303],[40,-145],[57,-57],[-99,-627],[119,-348],[-28,-250],[-162,-316]],[[42875,63169],[43,-104],[-60,-50]],[[42858,63015],[-62,-297],[-52,-16]],[[42744,62702],[-94,209],[-160,58],[-146,136],[-223,-6],[-114,61],[-297,-146],[-152,219]],[[41558,63233],[-240,189],[20,131],[-64,135],[14,142],[-56,169],[-123,153]],[[36780,64201],[-118,315],[-108,-40],[-47,-138]],[[71695,37624],[-51,40],[10,60],[-69,27]],[[71484,38131],[-29,311],[71,65]],[[71505,38546],[36,57],[48,-20]],[[72138,39140],[8,218],[-96,88]],[[71615,42268],[-47,280],[-68,8],[-48,203],[-55,79],[94,178],[159,5]],[[71447,44193],[-56,-30],[31,135]],[[71337,44829],[-31,76],[-66,-24]],[[70955,44813],[-8,226],[75,414]],[[72455,46598],[125,22],[28,108]],[[72566,47072],[-47,45],[-78,248]],[[72536,47965],[-147,129],[63,192],[6,99]],[[72531,48581],[13,215],[60,69],[81,-90],[49,77]],[[73146,51635],[50,4],[51,117],[139,55],[61,-63],[76,8],[-60,-303],[-68,-118],[392,-226],[19,-181],[158,119],[74,-159],[198,13],[22,-76],[111,19],[64,-163],[108,-70],[-5,-95],[153,-135],[94,2],[69,192],[62,-85],[-59,-230],[-249,-363],[56,-168],[103,19],[83,-52],[-137,-245],[39,15],[180,-400],[-204,-71],[-18,-157],[45,-80],[162,-45],[109,-97],[44,-128],[-7,-176],[-143,-172],[-29,58],[38,106],[-82,65],[-85,-93],[-87,65],[-139,-122],[-208,-66],[-28,-75],[-102,50],[-114,-91],[23,-136],[96,-145],[-100,-77],[81,-145],[34,91],[63,-98],[63,-5],[52,-368],[148,15],[89,-138],[66,-34],[64,61],[76,-97],[216,-101],[89,66],[74,-104],[71,-13],[138,-261],[62,77],[228,-58],[22,-104],[-102,-58],[-20,-145],[-51,-4],[-48,-134],[-105,-68],[-169,-697],[69,-130],[-41,-159],[19,-290],[-92,-71],[-37,-106],[97,-18],[-26,-148],[48,7],[109,-266],[211,-207],[83,152],[247,179],[216,-204],[91,185],[76,64],[23,106],[136,48],[47,-50],[46,-217],[187,5],[40,-69],[45,221],[384,195],[85,102],[75,-71],[337,90],[115,125],[42,-196],[-9,-230],[58,-172],[-117,-306],[-74,-85],[118,-143],[69,-32],[153,226],[167,73],[150,198],[221,62],[43,-47],[85,35],[149,-96]],[[78904,43078],[-32,-239],[-130,-113]],[[76581,39410],[10,-220],[-60,-39],[21,-108],[-44,-64],[5,-79],[-63,-44],[-153,125],[-40,-134]],[[76257,38847],[-122,-108]],[[76135,38739],[-121,-19],[-25,-120],[50,-148],[-67,-259],[-203,-339]],[[75769,37854],[-206,-113],[-64,-221],[-66,-50],[32,-86]],[[75465,37384],[-275,-99],[-66,-158],[-99,20],[-42,-54],[-31,-185],[-105,-49],[19,-70],[-84,-185],[-89,255]],[[74693,36859],[-17,184],[-112,128],[36,86],[-61,111],[-91,62],[-69,-56],[-60,50],[-27,-38],[13,-101],[-113,-82],[-22,108],[-213,383],[-90,45],[-36,87],[-124,-40],[-13,227],[-152,-73],[-193,3],[-81,92],[-244,67],[-206,-72],[-116,25],[-13,120],[-50,47],[-64,-31],[-24,-229],[-48,-37],[-9,-257],[-77,-42],[-149,80],[-106,-94],[-219,69],[-42,-100],[-95,80],[-111,-37]],[[65207,39552],[-158,-113],[-67,106],[-52,242],[-65,69],[79,745],[228,417],[-90,192]],[[63850,43088],[100,-25],[-13,286]],[[63903,43425],[56,305],[-81,54]],[[63902,43862],[-54,69],[0,69],[-122,-13]],[[62385,45316],[88,176],[-6,99]],[[62730,46176],[15,112],[-31,256]],[[62770,46690],[-195,308],[223,215],[86,-207],[94,-45],[32,117],[72,-68],[56,164],[75,-54],[173,278]],[[63871,47528],[152,343],[185,126],[198,-425],[139,-163]],[[67352,51506],[-32,195],[65,13],[85,-81],[29,-142],[-31,-212],[115,-234]],[[67738,50629],[-11,-156],[59,-101],[19,-133],[-84,-102],[-51,-182]],[[68228,50103],[195,340],[220,-150],[55,11],[88,-186]],[[68962,50096],[82,25],[93,-74],[40,-178]],[[69534,50402],[178,-23]],[[69668,49904],[-67,-116],[12,-53]],[[69701,49789],[35,-50],[-52,-73]],[[69356,48427],[-89,-175],[-200,-138],[-31,-134],[110,-99]],[[70064,45398],[34,-320],[171,14]],[[70792,45021],[72,-115],[90,90],[1,-183]],[[70955,44813],[189,10],[-2,-107],[117,9],[18,90],[-37,66]],[[71240,44881],[56,39],[41,-91]],[[71337,44829],[-9,-152],[49,-96],[-32,-106],[79,-23],[-60,-109],[58,-45]],[[71422,44298],[-33,-132],[58,27]],[[71447,44193],[40,151],[112,-78],[-14,181],[151,-20],[-19,-108],[127,-6],[12,-227],[-52,-286],[51,-135],[-19,-144],[86,58],[40,-44],[-181,-218],[-131,-296]],[[71650,43021],[-163,-11],[-87,-152],[55,-108],[-15,-97],[-93,-11]],[[71334,42561],[-99,72],[-30,-68],[56,-28]],[[66969,40421],[-275,46],[-59,-50],[149,-774]],[[67009,39066],[-29,-263],[-44,-98],[148,-244],[-66,-243],[-167,209],[-29,203],[-294,20],[-369,154],[-64,129],[-386,87],[-119,-50],[-125,137],[1,63],[-73,107],[32,189]],[[68680,36470],[-219,-181],[-102,-2],[-33,50],[-48,-41],[-6,-87]],[[68272,36209],[-165,-40]],[[68107,36169],[-22,-90],[-156,-12]],[[67929,36067],[-288,-201]],[[67543,35856],[-74,-22],[-109,26]],[[67102,35068],[-192,-21],[53,471]],[[66396,37000],[-138,14],[-118,414]],[[66308,37659],[336,27],[192,213],[89,265],[57,72],[36,-18],[66,207],[-146,260],[71,381]],[[67009,39066],[-225,577]],[[66784,39643],[-146,781],[244,45],[87,-48]],[[66969,40421],[67,172],[127,-28],[24,58],[149,39],[-28,98],[27,204],[-88,154],[0,108],[198,92],[49,98],[309,-87],[54,-81],[-4,-153],[115,-104],[-19,-82],[61,-142],[89,-49],[17,-185],[107,-93],[23,-118],[84,-122],[27,136],[-69,178],[10,110],[43,91],[39,-6],[18,97],[89,70],[47,209],[75,84],[123,-120],[62,79],[122,-56],[107,183],[125,43],[53,170],[141,-312],[39,26],[45,-73],[43,89],[95,-64],[30,-94],[52,43],[61,-139],[56,-4],[140,-156],[87,-264],[48,-37],[218,40],[50,-128],[68,-40],[85,105],[158,-27],[5,83],[41,15],[220,-45],[37,148],[48,-29],[95,89],[-27,243],[83,108],[9,246],[82,55],[116,233],[37,185],[-99,105],[14,117],[-30,89],[-157,-39],[-87,137],[-88,30],[260,172],[-20,88],[105,74]],[[71261,42537],[-58,37],[37,62],[94,-75]],[[71334,42561],[13,81]],[[71347,42642],[104,35],[49,-121],[63,0],[52,-288]],[[71615,42268],[-29,-53],[21,-128],[72,3],[-22,-86],[48,-6],[179,-352],[-11,-185],[-93,-201],[28,-53],[-19,-142],[107,-299],[-17,-126],[37,-60],[-48,-186],[55,-179],[39,-487],[88,-282]],[[72050,39446],[95,-73],[-7,-233]],[[72138,39140],[-53,-75],[-32,-204],[31,-119],[-119,-177],[14,-131],[-33,-16],[-169,152],[-58,-56],[-89,44],[-46,-49],[5,74]],[[71589,38583],[-52,18],[-32,-55]],[[71505,38546],[21,-39]],[[71526,38507],[-79,-115],[37,-261]],[[71484,38131],[99,-109],[2,-271]],[[71585,37751],[-161,-21]],[[71424,37730],[-77,86]],[[71347,37816],[-83,-89],[-141,54],[-80,-95]],[[71043,37686],[-51,40]],[[70992,37726],[-41,-88],[-119,-26],[-79,60]],[[70753,37672],[-61,-78],[4,-81],[-81,-25],[-21,100],[-108,75],[-8,-244],[-27,-74],[-93,-37]],[[70358,37308],[-6,-97],[-195,58]],[[70157,37269],[-31,-29],[2,-101],[-45,-30],[-66,106],[-62,-65],[-196,138],[-24,-76],[-69,-28],[-15,-129],[-94,7],[-50,-166],[-133,-140],[-184,-56],[-45,50],[-94,-67]],[[69051,36683],[-91,-212],[-27,58],[-44,-88],[-153,-34],[-56,63]],[[72441,47365],[125,-293]],[[72566,47072],[42,-344]],[[72608,46728],[-31,-115],[-122,-15]],[[72455,46598],[-40,73],[-106,21],[-149,-235],[-93,-42],[-463,-21],[-72,-189],[-123,-41],[-55,-118],[-52,-492],[-94,-51],[-23,-74],[-70,9],[-31,71],[-62,-56]],[[71022,45453],[-69,-254],[-3,-201],[-64,-81],[-35,-8],[-59,112]],[[70792,45021],[-22,-75],[-81,-18],[-55,89],[33,66],[-34,80],[-68,14],[5,68],[-79,-61],[-18,61],[-49,-87],[-36,51],[-78,-161],[-41,44]],[[70269,45092],[-154,-31],[-51,337]],[[70064,45398],[41,36],[42,287],[44,74],[-76,69],[4,415],[-162,284],[14,190],[-125,68],[11,156],[-55,167],[-110,194],[-81,-30],[-43,60],[68,336],[-12,106],[-88,96],[-44,-10],[-12,-66],[-59,7],[-41,86],[-94,-35],[-11,-232],[-34,-9],[-95,234]],[[69146,47881],[-63,24],[-44,119],[28,90],[205,143],[84,170]],[[69356,48427],[63,-10],[-1,264],[52,98],[-18,115],[-45,46],[17,55],[80,116],[88,-1],[209,285],[-10,81],[-63,68],[0,91],[-44,31]],[[69684,49666],[27,53],[82,-30]],[[69903,49799],[247,18],[139,318]],[[71762,51413],[-58,181],[44,67],[95,38],[52,-54]],[[72330,51942],[285,449],[94,-137],[158,87],[175,-132],[12,-136],[87,103],[112,14],[67,-153],[-30,-86],[18,-172],[-162,-144]],[[73146,51635],[-14,-96],[35,-29],[-23,-49],[-52,31],[-216,-74],[95,-395],[-40,-79],[-47,45],[-124,-25],[-96,-177],[-84,-325],[129,-371],[-40,-113],[34,-83],[-83,-225],[10,-287],[63,-30],[-15,-400],[56,-101]],[[72734,48852],[-65,-80],[-59,91],[-42,-18],[-37,-264]],[[72531,48581],[-116,-126],[43,-70]],[[72458,48385],[-66,-304],[144,-116]],[[72536,47965],[-56,-121],[66,-214],[-105,-265]],[[64667,80852],[-49,-207],[-102,2],[-87,89],[18,83],[-65,31],[-11,140]],[[61516,83441],[77,183],[-183,-148],[-63,15],[-20,51],[50,303],[-97,-46],[-29,-149],[-54,-13],[-38,39],[31,142]],[[60959,84170],[-177,227],[200,-12],[-22,140]],[[60310,84806],[-96,281],[-210,137],[-29,150],[192,249]],[[62590,94975],[-347,735],[-39,173],[13,230],[-20,57],[-56,-9],[76,152],[379,42],[120,203],[207,51],[53,119],[69,13],[106,-183],[96,-291],[139,-164],[149,-329],[-113,-163],[-108,-63],[62,-415],[229,-243],[148,-324],[340,-17],[177,-364],[125,-24],[71,-106],[352,-238],[148,-383],[82,-98],[305,-154],[53,-112],[-3,-331],[36,-174],[257,-445],[-170,-758],[-73,-39],[-132,-339],[-59,-5],[-76,-158],[-57,-375],[-45,-67],[10,-281],[-60,-31],[10,-69],[-98,-195],[54,-285],[-24,-87],[33,-20],[-21,-188],[43,-44],[-35,-44],[73,-40],[-48,-217],[67,-102],[-46,-73],[13,-124],[-56,-24],[52,-63],[-82,-102],[36,-17],[-17,-64],[80,-61],[9,-130],[-70,-95],[256,-337],[116,-43],[65,-162],[34,22],[105,-123],[130,-59],[112,-173],[73,-30],[17,-74],[99,14],[199,-218],[376,-149],[86,-238],[-20,-88],[42,-14],[37,-244],[-4,-166],[-46,-38],[115,-445],[79,7],[28,-76],[-28,-253],[22,-71],[163,-145],[-44,-309],[170,-104],[17,-150],[-9,-171],[-66,-146],[16,-238],[-129,-241],[-28,-190],[-377,-7],[-185,110],[-84,-187],[40,-104],[-187,-240],[107,-86],[17,-60],[-80,-37],[-73,-525],[-72,-78],[-132,-10],[-49,-92],[-27,-209],[-121,-140],[118,-423],[-174,-627],[-55,13],[-134,-119],[-185,197],[-31,-87],[-140,235]],[[59640,80709],[-155,-433],[80,-261]],[[59239,80086],[-219,-195],[-99,-166],[-222,228],[-149,60]],[[57960,80224],[-183,-308]],[[55161,80114],[-192,47],[-582,685]],[[54387,80846],[-6,106],[105,214],[20,183],[-38,101],[-184,95],[-43,81],[-13,149],[155,353]],[[54383,82128],[-155,647],[-65,44]],[[54163,82819],[-103,-102],[-80,48]],[[53980,82765],[-165,365],[-269,-91],[-83,117],[-166,544],[79,421],[-192,371],[41,334],[285,326],[14,338]],[[53524,85490],[-77,123],[-140,-2],[-121,368],[-314,228],[-48,88],[-8,125],[137,-163],[2,149],[31,44],[-42,95],[63,59],[121,-16],[37,73],[59,-38],[34,70],[25,-108],[174,-81],[41,115],[61,35],[-17,97],[198,102],[87,-23],[-16,58],[146,335],[-78,153],[80,49],[-21,119],[50,-1],[1,101],[446,141],[29,75],[77,17],[14,106],[72,-3]],[[54627,87980],[1,-56],[109,-71],[112,259]],[[54849,88112],[256,945],[-123,863]],[[54982,89920],[112,178],[39,182],[133,226],[64,241],[100,111],[45,-156],[55,19],[47,-54],[-29,-119],[118,-183],[135,157],[32,121]],[[57798,89414],[63,6],[88,-233]],[[58910,86795],[110,-132],[-89,-257],[184,-140]],[[59699,85612],[52,-121],[-47,-80],[19,-77],[245,51],[52,-186],[117,-24],[10,-69],[74,-29],[89,-271]],[[60310,84806],[56,31],[271,-67],[-58,-96],[100,-156],[65,-1],[49,99],[167,-91]],[[60960,84525],[29,-135],[-190,31],[-15,-45],[175,-206]],[[60959,84170],[-77,-143],[82,-1],[10,54],[162,-59],[54,-203]],[[61190,83818],[-24,-161],[82,-10],[32,152],[104,36],[-57,-306],[68,-58],[39,25],[-48,-183],[-140,133],[-233,-309],[-26,-99],[37,-156],[-39,-372]],[[60914,81484],[-4,-117],[-206,59]],[[60429,81413],[-53,116],[-134,-101],[-93,-227],[-197,-124],[-52,-186]],[[57949,89187],[-95,240],[-56,-13]],[[57798,89414],[-119,-188],[-110,39],[-73,-50],[-150,90],[-40,105],[-79,0],[-86,120],[-115,-78],[-123,81],[-200,-11],[-44,61],[5,124],[-176,75],[-49,131],[-150,-110],[-24,90],[72,209],[-7,74],[-80,15],[-92,183],[-50,263],[-43,-141],[-93,-21],[-73,148],[-66,20]],[[55833,90643],[-111,-237],[-88,-28],[-90,184],[33,105],[-107,42],[-60,188],[23,141],[-98,113],[137,212]],[[55472,91363],[-125,174]],[[55347,91537],[19,262],[-67,120],[-143,59],[-43,77],[-256,2],[-34,81],[-76,8],[-172,-186],[-170,-17],[-32,49]],[[54373,91992],[50,108],[133,110],[-16,280],[-62,-36],[-293,106]],[[54185,92560],[-123,-417],[-50,191]],[[54012,92334],[-169,90],[-122,-8],[-135,117],[-21,152],[49,95],[-22,140],[47,361],[-96,-94],[-74,24],[7,-244],[-100,-91],[-17,-144],[-106,-26],[-118,138],[-56,201],[-94,-50],[-88,91],[13,84],[126,18],[38,94],[-26,113],[-143,-17],[-42,-65],[-92,19],[-82,-177],[-37,138],[94,354],[-98,-33],[-101,-255],[-104,154],[-44,-189],[-40,-29],[-194,392],[-108,106]],[[52057,93793],[141,101],[371,120],[300,-157],[191,-14],[367,185],[152,-19],[223,-183],[108,-240],[121,-85],[227,-30],[149,65],[44,77],[135,31],[84,159],[-13,178],[-348,531],[-37,140],[104,547],[-32,243],[68,82],[138,19],[232,-200],[187,-387],[96,-245],[4,-267],[39,-119],[121,-137],[105,14],[119,-378],[237,-128],[106,-194],[129,-77],[321,-37],[306,201],[36,186],[82,124],[208,-73],[199,359],[22,175],[99,260],[11,636],[67,123],[96,36],[307,-365],[56,-650],[105,-284],[235,-223],[197,-89],[228,482],[57,621],[118,202],[-23,133],[-132,137],[-29,286],[220,554],[94,12],[146,-111],[324,196],[482,-16],[128,-77],[195,42],[282,166],[228,-207],[133,-209],[6,-211],[55,-159],[401,-479],[110,125],[122,3],[160,174],[55,117],[43,404],[79,120],[92,43],[227,-40],[124,58],[13,-339],[66,-236],[314,-620]],[[62590,94975],[-99,-817],[-157,-68],[-5,-219],[-128,-96],[11,-176],[-172,-113],[-60,-185],[-79,-42],[-127,91],[-262,-83],[-40,-79],[37,-133],[98,-137],[32,28],[20,-69],[-151,-327],[-56,-35],[-93,-389],[106,-232],[79,-374],[-53,-145],[-36,-297],[-149,-47],[-85,-113],[-132,45],[-23,-81],[37,-529],[165,-140],[99,-353],[-16,-440],[-147,-566],[79,-146],[-182,-64],[0,-72],[-264,-121],[48,-163],[196,-170],[112,5],[210,-709],[-127,24],[-164,-135],[21,-258],[-88,-293],[-500,-440],[-9,-240],[-220,-47],[-149,-402]],[[60167,85623],[-150,-240],[-286,-53],[-27,81],[47,86],[-52,115]],[[59699,85612],[-88,56],[-84,-90],[-57,41],[49,150],[54,40],[-18,112],[-72,23],[-100,-85],[24,381],[-180,80],[-110,-192],[-2,138]],[[59115,86266],[-190,153],[67,112],[24,142],[-106,122]],[[58910,86795],[-60,-21],[-116,132],[-47,-23],[-68,253],[84,159],[-100,219],[8,70],[-114,109],[-113,-113],[-79,55],[4,63],[180,215],[-68,136],[13,197],[-196,-82],[-61,112],[-165,-20],[-120,50],[-23,155],[192,105],[-49,125],[-84,12],[-55,107],[-9,91],[85,286]],[[24074,61529],[-260,16]],[[23677,61640],[-144,-18],[-357,252]],[[21743,62660],[-196,518],[-96,39],[-116,146],[-102,-179]],[[21076,63265],[-81,479],[-154,26]],[[20803,63870],[-7,229],[195,273]],[[20942,64516],[139,312],[-267,110]],[[20685,64797],[-127,4],[-54,141],[3,140],[-86,58],[24,146],[-54,119]],[[20547,65734],[59,192],[-5,198]],[[19987,66720],[-371,8],[65,382]],[[20252,72145],[5,137],[131,134],[164,-52],[70,-185],[33,71]],[[20655,72250],[268,14],[1,-80],[55,-30],[29,-138],[203,-206],[-25,-50],[115,-109],[42,18]],[[21343,71669],[72,-256],[45,-50],[70,15],[140,-136],[76,-3],[179,169],[94,14],[201,-138],[232,202],[91,-13],[76,-236]],[[22619,71237],[286,-221],[69,-147],[89,14],[9,-45],[126,-37],[102,-227],[-9,-81],[235,-228],[70,-19],[190,135],[236,-121],[150,-166],[247,117],[99,-232],[-43,-21],[-3,-93],[168,-177],[-21,-100],[51,-93],[-23,-62],[59,-47],[3,-60],[122,92]],[[24831,69418],[154,-59],[91,-182]],[[25076,69177],[-20,-98]],[[25056,69079],[35,-91],[-89,-82],[36,-196],[159,-82],[88,-108]],[[25285,68520],[352,-75],[26,-146],[-65,-48],[44,-64],[-75,-59]],[[25567,68128],[51,-104],[30,-3],[48,146],[15,-84],[31,-2]],[[25742,68081],[-1,97],[106,236],[42,-26]],[[25889,68388],[-65,-213],[46,-72],[98,25],[-34,146],[79,100],[54,19],[10,-57],[34,24],[47,-64],[-14,-173],[-129,-99],[-2,-73],[86,-100]],[[25882,67119],[-3,-230],[-150,-258]],[[25550,63672],[-87,-20],[-105,-423],[-141,-23]],[[24766,62650],[-38,25],[-174,-497],[-158,-94]],[[23832,46323],[-35,110],[95,-17]],[[24157,47627],[-51,113],[79,128]],[[24140,47924],[9,120],[75,161]],[[24581,48744],[57,20],[86,-127]],[[29196,57222],[136,247],[176,-249],[101,2],[97,-129],[157,-15],[59,143],[65,8]],[[31341,56573],[81,-91],[-65,-41]],[[31308,55990],[-46,-182],[32,-61]],[[31163,50618],[9,-146],[67,-85],[157,31]],[[31444,50292],[356,-182],[235,332],[16,90],[85,112],[16,137],[46,-3]],[[33021,49638],[183,270],[302,-405],[117,-249]],[[33678,48975],[47,-237],[-159,-441],[-29,-150],[29,-154],[-179,-489]],[[33613,46262],[35,-91],[-116,-469]],[[33334,44992],[-93,-81],[70,-214]],[[33251,43629],[93,-77],[-22,-154]],[[33267,43347],[-222,77],[-133,-193],[-207,-132],[-229,18],[-145,87],[-119,-100],[-112,-12],[-74,83],[-39,210],[-288,122],[-119,-113],[-183,-11],[-64,-149],[-138,-80],[-197,5],[-45,42],[-59,242],[-152,216],[-2,116],[-222,191],[-213,-32],[-232,-121],[0,-361],[-127,-221],[-202,87],[-124,-65],[-298,149],[-243,-150],[-199,157],[-48,311],[-53,86],[-220,48],[-202,136],[-95,-22],[-308,-338],[-131,215],[-190,93],[-125,177],[-169,25],[-183,-135],[-370,-946],[-260,-132],[-99,61],[-57,152],[-93,69],[-216,23],[-201,-87],[-90,98],[-24,97],[145,631],[2,193],[-54,104],[-214,162],[-76,246],[-77,65],[-131,552],[-135,204],[-422,449],[-300,-18],[-96,-32],[-108,-127],[-81,3],[-190,330],[-230,82],[41,32]],[[34330,47207],[-136,18],[-120,258]],[[33811,47866],[-253,145],[-20,170],[184,514],[-2,109],[-42,171]],[[33678,48975],[-63,54],[8,225]],[[33623,49254],[-227,428],[-181,218],[-194,-262]],[[33021,49638],[-157,-64],[-49,464],[-106,225],[-34,181],[-164,7],[-313,327]],[[32198,50778],[-52,-9],[-10,-125],[-199,-376],[-145,-161],[-125,108],[-223,77]],[[31444,50292],[-48,126]],[[31396,50418],[-146,-36],[-83,102],[-4,134]],[[31163,50618],[-79,144],[-28,356],[-116,191],[-97,301],[164,451],[-10,159],[184,25],[166,154],[49,233],[195,128],[85,308],[134,89],[116,207],[146,-11],[36,43],[-379,200],[-60,-76],[-198,34],[-138,103],[-90,151],[-196,-32],[35,127],[-44,163],[1,250],[47,171],[-34,398],[61,80],[-29,63],[28,90],[-44,65],[55,42],[-4,106],[55,56],[120,360]],[[31294,55747],[-28,169],[42,74]],[[31308,55990],[-17,85],[68,241],[-2,125]],[[31357,56441],[53,14],[-3,59],[-66,59]],[[31341,56573],[-60,-84],[-89,-3],[-25,88],[-148,44],[-67,74],[-1,93],[-80,55],[-74,-131],[-79,-10],[-7,103],[-53,65],[-117,15],[-108,-55],[-168,44],[-99,85],[-28,102],[-107,29],[-44,142]],[[29987,57229],[-55,2],[-43,-131],[-97,-45],[-183,167],[-91,-9],[-306,389]],[[29173,57720],[-126,36],[-39,91],[10,193]],[[28972,58067],[-41,139]],[[29377,58732],[81,110],[323,-117]],[[30189,58741],[370,310],[290,-100]],[[31847,62775],[52,-295],[-11,-138],[-70,-143],[29,-56],[82,42],[51,124],[218,200],[44,65]],[[32961,62721],[362,756],[92,-49]],[[33415,63428],[73,-287],[126,-35],[50,-145],[114,-63],[48,-88],[136,-40],[80,-262],[162,-145],[25,-91],[31,12],[32,-75]],[[34292,62209],[137,-16],[-20,-166]],[[34409,62027],[146,-137],[25,-80]],[[34580,61810],[-26,-78],[76,-195],[139,-47],[219,-265],[183,82]],[[35171,61307],[177,626],[305,416],[13,100],[231,57],[77,122],[272,700],[29,263],[68,121],[91,441],[79,118],[22,-31],[-28,98]],[[36507,64338],[48,152],[85,37],[90,-130],[50,-196]],[[36780,64201],[123,-51],[96,-129],[78,-2],[41,-161],[107,-21],[78,-114],[-224,-767],[-68,-118],[-61,-7],[-47,-120],[5,-61],[93,-92],[15,-144],[-82,-97],[-49,-153],[344,-460],[110,-9],[-35,-190],[46,-91],[100,14],[275,-166],[57,70],[82,283],[58,-11],[194,216],[-32,151],[106,89],[146,283],[114,111],[120,251],[87,88],[122,87],[43,-179],[344,-189],[77,138],[9,100],[163,72],[50,206],[143,187],[143,-182],[74,-264],[82,95],[135,-26],[37,49],[-25,221],[104,30],[186,282],[82,-14],[43,239],[97,68],[144,247],[153,115],[176,-64],[70,141]],[[41109,64152],[137,-182],[44,-149],[-12,-158],[59,-101],[-19,-140],[109,-109]],[[41427,63313],[-23,-323],[-201,-381],[-307,-269],[-35,-151]],[[40861,62189],[-171,-54],[-164,-210]],[[40526,61925],[-32,-154],[-197,-105],[-73,-246],[-134,-36],[-11,-102],[30,-36],[-85,-24],[21,-166],[-80,-97],[-68,-264],[42,-171],[-79,-256]],[[39860,60268],[19,-154],[-96,-96]],[[39783,60018],[-255,290],[19,117],[-41,94],[48,73],[-20,71],[-142,-193],[-212,-21],[-126,-109],[33,-140],[-14,-143],[-91,105],[-85,-140],[-137,-64],[-156,67],[-44,-144],[-193,-122],[-46,-146],[-112,25],[-52,-239],[85,-77],[38,-154],[205,-78],[49,-270],[62,-8],[62,171],[127,-41],[202,-477],[-17,-288],[238,81],[101,-84],[83,1],[-35,-218],[102,-66],[107,-194],[78,16],[67,157],[7,-128],[-71,-150],[120,-85],[309,-46],[-56,-231],[-14,-289],[212,-146],[43,-361],[79,-49],[75,-186],[-26,-120],[337,-274],[74,70],[82,-314],[167,-216],[-23,-54],[41,-188],[-65,-340],[67,52],[33,107],[103,9],[-73,-208],[12,-93],[-145,-315],[-101,-16],[-22,-99],[-78,-53],[-66,22],[-97,-190],[-2,-89],[-100,-79],[1,-155],[-91,-144],[-46,-181],[-219,-138],[21,-90],[-233,10],[-135,77],[-119,-21],[-152,151],[-69,-600],[-311,-466],[-2,-188],[82,-5],[7,-100],[-157,-122],[-204,-53],[39,-107],[179,-188],[-24,-84],[32,-112],[-44,-30],[-45,-352],[100,-311],[123,-115],[131,-296],[115,-60]],[[39512,50131],[103,-163],[-47,-299]],[[39236,48278],[-91,34],[-200,239]],[[34521,46587],[-34,76],[33,111],[-139,61]],[[33267,43347],[55,51]],[[33322,43398],[22,152],[-93,79]],[[33251,43629],[51,161],[-21,399],[60,248],[-36,111],[6,149]],[[33311,44697],[-51,85],[-18,139],[92,71]],[[33334,44992],[110,255],[-29,107],[119,62],[26,135],[-37,48],[9,103]],[[33532,45702],[117,484],[-36,76]],[[33613,46262],[-134,63],[15,102],[-69,295],[7,344],[125,376],[-37,34],[-139,-102],[6,130]],[[33387,47504],[151,469],[273,-107]],[[33811,47866],[263,-383]],[[34074,47483],[75,-202],[53,-61],[128,-13]],[[34330,47207],[51,-372]],[[34381,46835],[123,-29],[16,-32],[-32,-63],[33,-124]],[[34521,46587],[-35,-38],[-19,-274],[143,-56],[32,-82],[136,329],[21,242],[45,82],[99,500],[107,136],[14,499],[486,136],[159,233],[94,-80],[170,233],[-14,126],[50,136],[-34,102],[35,434],[-53,183],[64,172],[-31,300],[19,214],[-55,215],[71,309],[-23,174],[33,317],[231,-131],[126,27],[47,-97],[-9,-116],[176,76],[171,-136],[360,411],[165,59],[68,-141],[17,-144],[56,-27],[-12,-129],[69,-71],[9,-109],[61,-86],[-3,-256],[139,-396],[-7,-214],[329,-543],[18,-110],[35,55],[12,184],[95,72],[44,110],[304,-104],[118,-243],[88,-3],[77,-76],[68,20],[47,-111],[-20,-113],[31,-236]],[[38945,48551],[250,-284],[41,11]],[[39236,48278],[-6,193],[68,36],[42,108],[-32,62],[24,104],[-23,46],[54,116],[-2,91],[82,111],[-56,226],[80,41],[101,257]],[[39568,49669],[16,196],[95,32],[48,280],[108,-87]],[[39835,50090],[49,41],[23,86],[-59,132],[113,47],[29,155],[75,61],[-10,215],[62,-20],[2,86],[60,49],[59,-32],[33,101],[62,-85],[124,-443],[394,-463],[29,-157],[-56,-40],[140,-391],[54,-68],[165,-50],[80,-265],[599,-196]],[[41862,48853],[145,-175],[-68,-43],[35,-64]],[[41974,48571],[-37,1],[-7,-96],[-36,24],[-6,-44],[245,-197],[45,-187],[-261,-112],[30,-86],[-168,-357],[-142,-31],[4,-131],[92,-205],[-48,-100],[-66,-530]],[[41619,46520],[110,-260]],[[41729,46260],[-37,-155]],[[41692,46105],[122,-587],[-95,-358],[21,-167],[-32,-279],[92,-201]],[[41800,44513],[0,-159]],[[41800,44354],[83,-100],[94,48]],[[41977,44302],[93,-47],[34,92],[47,-107],[68,61],[256,30],[3,-229],[73,-285],[82,-81],[62,-277],[106,-92],[-274,-258],[-158,-300],[-383,-143],[-92,-281],[-82,167],[-88,-579],[-73,-237],[-5,-169],[-45,-72],[34,-117],[-38,-70],[-85,-76],[-127,24],[-61,90],[-92,-23],[-41,-97],[-215,30],[-30,-210],[43,-262],[-27,-245],[28,-261],[-62,-200],[-43,-5],[7,-90],[-58,-134],[-172,-35],[-22,-217],[-99,5],[-16,145],[-120,73],[-228,-111],[-200,106],[-141,-35],[-29,212],[-48,60],[-44,-141],[-193,-125],[163,-264],[39,18],[16,-67],[45,46],[-11,-115],[44,-161],[128,-134],[-85,-222],[7,-84],[145,-77],[81,-145],[-27,-192],[-281,-515],[105,-634],[-58,24],[-11,105],[-156,259],[-112,-104],[-246,-47]],[[39308,37477],[-144,-202],[-210,-8]],[[38954,37267],[-33,-48]],[[38921,37219],[-90,188],[-55,268],[-78,83],[29,206],[-96,103],[-7,402],[-145,417],[-123,248],[-62,24],[55,153],[-214,2],[-68,119],[24,94],[-110,-56],[-59,140],[-156,125],[-49,153],[97,287],[7,133],[-164,184],[-106,30],[-148,-144],[-175,76],[-118,-36],[-71,157],[-123,4],[-82,282],[-146,67],[-75,160],[-189,-131],[-188,28],[-65,49],[-65,166],[-70,-96],[-156,198],[-138,52],[-48,293],[74,380],[87,109],[21,98],[-150,199],[-73,9],[-125,132],[-265,83],[-166,250],[-54,179],[95,177],[40,382],[-41,164],[-228,299],[-105,-9],[-37,-68],[95,-389],[-50,-112],[-125,50],[-114,298],[-203,23],[-150,127],[-220,-458],[-45,-11],[-104,113],[-134,-13],[-252,-309],[-198,-3]],[[29377,58732],[-111,-10],[-82,-238],[-253,-278]],[[28931,58206],[-329,289]],[[25092,60752],[-60,83],[-218,-49]],[[24519,61071],[-259,8],[-96,77]],[[23961,61527],[113,2]],[[24074,61529],[36,138],[159,263],[56,-6],[71,160]],[[24396,62084],[147,79],[68,287],[110,214],[45,-14]],[[24766,62650],[83,162],[104,97],[96,211],[107,-27],[61,113]],[[25217,63206],[161,50],[61,340],[28,59],[83,17]],[[25550,63672],[0,96],[-266,205],[-99,184],[-5,139],[98,568],[91,143],[-21,106],[82,158],[11,280],[79,204],[-47,99],[34,39],[-9,79],[144,109],[13,270],[55,14],[42,163],[-23,103]],[[25729,66631],[147,248],[6,240]],[[25882,67119],[153,355],[-22,97],[64,28],[-28,66],[50,186]],[[26099,67851],[-59,93],[74,8],[-23,55],[62,-31],[-14,-62]],[[26139,67914],[39,106]],[[26178,68020],[78,4],[49,-141]],[[26305,67883],[130,113],[-52,-183],[43,-59],[116,115],[99,-90],[199,0],[23,-36],[-19,-116],[280,-225],[22,-76],[38,23],[79,-70],[107,-244],[97,-90],[-28,-188],[55,-82],[34,-217],[70,20],[89,-125],[54,244],[50,-1],[47,-154],[-18,-168],[72,75],[146,-26],[37,-76],[-61,-75]],[[28014,66172],[72,-120],[95,-34],[-7,-98]],[[28174,65920],[38,20],[90,-80],[-19,-41],[69,-14]],[[28352,65805],[27,-85],[60,36],[119,-72],[0,-90]],[[28558,65594],[28,21],[24,-86],[15,53],[38,-37],[11,48],[71,-10],[240,-193]],[[28985,65390],[57,127],[75,-212],[90,-7],[130,235]],[[29337,65533],[110,7],[121,-82],[19,224],[-26,26],[37,46]],[[29598,65754],[-33,33],[80,15],[71,-50],[3,-54],[186,-83]],[[29905,65615],[10,56],[72,-5],[58,-193],[112,-26],[16,62],[0,-59]],[[30173,65450],[115,-173],[225,-31]],[[30513,65246],[85,-95],[73,63],[53,-102],[133,289],[152,-136],[54,145],[78,-2],[23,52],[133,-144],[54,59],[36,-84],[77,-27],[-11,51],[39,-19],[74,114],[122,29]],[[31688,65439],[32,-255]],[[31720,65184],[113,-103],[-13,-91],[46,-109],[152,-29],[47,-124],[39,33],[89,-127],[45,-1],[24,-139],[49,-44],[70,66],[126,-138]],[[32507,64378],[129,69],[11,-92]],[[32647,64355],[76,-46],[25,-79],[139,-16],[69,-165],[86,-15],[97,-168],[-32,-62]],[[33107,63804],[35,-92],[153,-90]],[[33295,63622],[-14,-92]],[[33281,63530],[42,-53],[-37,-123],[-325,-633]],[[32961,62721],[-213,78],[-512,-93],[6,-132]],[[32242,62574],[-384,-428],[-40,53],[76,177],[-47,399]],[[31847,62775],[47,101],[-162,157],[-17,-419],[-51,-212],[30,-308],[-57,-712],[-51,-210],[19,-163],[-306,-402],[50,-294],[-86,-224],[-66,-80],[-277,-83],[27,-151],[-55,-134],[21,-247],[-25,-99],[37,-317],[-76,-27]],[[30849,58951],[-280,102],[-380,-312]],[[30189,58741],[-314,74],[-94,-90]],[[29781,58725],[-307,119],[-97,-112]],[[67056,54951],[54,-110],[-12,89]],[[67197,52898],[-130,-52],[-23,-209]],[[66976,52452],[-7,-265],[-42,-163],[-104,-213],[-128,-93],[-77,-150],[-71,12],[-88,301]],[[63059,52692],[-5,83],[61,102],[2,80]],[[61998,58157],[-117,291],[-77,186]],[[61439,59221],[-161,194],[100,33]],[[61378,59448],[1,-66]],[[61379,59382],[66,-87],[92,-39],[207,294],[114,359],[-88,359],[6,100],[428,192]],[[62204,60560],[91,431],[125,218],[184,185],[18,-31]],[[62622,61363],[93,308],[127,-93]],[[62842,61578],[169,134],[581,33],[63,-75],[51,76],[40,-23],[66,207],[-30,203]],[[63782,62133],[78,25],[23,61],[-120,173],[75,356],[111,131],[502,186],[117,-45]],[[64657,62694],[153,-215],[276,94],[89,-245],[-56,-489]],[[65165,61722],[-40,-106],[76,-177]],[[64941,60726],[23,-150],[73,-50]],[[65822,60597],[40,30],[48,-189],[24,-511],[87,-96],[3,-247],[-180,-70],[-180,-329]],[[65901,58627],[171,-202],[-22,-112]],[[65773,56498],[-57,-119],[-89,-16],[-58,-180],[32,-136],[68,210]],[[65734,56120],[97,-42],[-140,-268]],[[66127,55312],[60,9],[35,-52]],[[66185,55177],[40,-228],[93,-61],[76,90]],[[61766,50481],[84,6]],[[62774,51554],[324,528],[6,313],[-45,297]],[[63059,52692],[229,-55],[184,-190],[253,-61],[132,-163],[102,31],[234,-294],[81,-35],[343,226],[284,69],[71,-300],[248,-9],[102,-129],[84,6],[46,-140],[68,111],[104,43],[117,190],[57,340],[75,119],[294,-11],[85,-101],[207,-458]],[[66459,51881],[104,-320],[55,7],[140,205]],[[67232,51671],[81,24],[30,-90],[9,-99]],[[67352,51506],[-147,-426],[-91,-163],[-227,-157],[-188,-1],[-297,168],[-77,-34],[-150,61],[-11,-98],[-280,-107],[-132,40],[-55,84],[-62,-9],[40,-104],[237,-207],[-75,-415],[-103,-174],[-40,-176],[-136,-47],[180,-372],[-48,-118],[-247,-256],[-71,-241],[-77,-101],[2,-167],[-133,-162],[-17,-188],[27,-132],[-85,-127],[63,-47],[-7,-47],[-68,-25],[-146,107],[-148,9],[-115,-171],[26,-183],[-22,-60],[-127,-51]],[[64545,47409],[-149,182],[-24,104],[-118,163],[-20,133],[-96,-18],[-144,-150],[-123,-295]],[[63871,47528],[-197,-148],[-144,78],[-144,-60]],[[63386,47398],[-132,-239],[-62,-43],[-54,58],[-31,-142],[-43,-27],[-59,71],[-38,-117],[-112,83],[-73,216],[2,176],[-130,233],[9,150],[-82,0],[-286,-349],[-39,-127]],[[59261,44477],[-290,-198]],[[58971,44279],[-27,-161],[-106,-84],[-268,47],[-21,100],[82,147],[61,327]],[[58692,44655],[-89,113],[-372,-172]],[[58231,44596],[-14,-139],[-63,12],[-98,-109],[-273,9],[-96,-103],[-125,-10]],[[57562,44256],[-118,-195],[-46,48]],[[57398,44109],[-15,219],[-81,269]],[[57302,44597],[-47,25],[-54,-126]],[[57201,44496],[39,-217],[-54,-136],[-96,-70]],[[57090,44073],[-92,62],[-65,213]],[[56933,44348],[144,66],[-8,263],[-127,242],[-284,96],[-85,269],[173,110],[2,515],[56,141],[-29,192]],[[56775,46242],[16,418],[36,105],[98,10],[-26,131]],[[56899,46906],[45,121]],[[56944,47027],[-43,107],[-150,169],[-76,-106]],[[56675,47197],[-84,9],[-142,-166]],[[56449,47040],[-134,-54],[-60,192]],[[56255,47178],[-89,41],[-27,302],[-85,87],[-53,241],[102,391],[14,264],[-82,62],[59,294],[-55,155],[-232,-102],[-288,-4],[-208,-146],[-176,197],[-160,28],[-223,128],[-48,75],[-34,280],[-106,78],[-99,-86]],[[54465,49463],[-73,-344],[-128,3],[-82,221],[150,463],[1,104],[-93,321]],[[54240,50231],[36,94]],[[54276,50325],[-15,66],[-67,111]],[[54194,50502],[235,368],[91,-13],[8,-145],[75,-9],[76,-123],[-12,316],[48,16],[6,130],[67,-19],[-3,166],[106,-21],[2,-162],[40,71],[15,-74]],[[54948,51003],[56,-20],[-56,261],[52,38],[-46,135],[102,121],[21,-109],[70,-11],[-26,-136]],[[55121,51282],[35,-37],[39,127],[-61,157]],[[55134,51529],[41,135],[77,-122]],[[55252,51542],[58,80],[24,-24],[-8,-197],[106,173],[18,-140],[95,-44],[-9,-100],[106,-161],[-10,-151],[-84,-16],[-26,-71]],[[55522,50891],[36,-156],[39,-3],[63,105],[65,-127],[27,244]],[[55752,50954],[-41,76],[11,77],[-59,54],[-8,163],[41,88],[71,-91],[8,-111],[79,-47],[73,96],[24,-192],[50,-1],[56,191],[17,-141],[57,-66],[29,62],[33,-69]],[[56193,51043],[79,-306],[76,238]],[[56348,50975],[197,11],[69,52],[21,84],[248,52],[108,128],[90,-12],[5,90],[75,-36],[-20,269],[124,93],[119,179],[-85,148],[318,200],[51,229]],[[57668,52462],[157,127],[219,-5],[61,-142],[197,148]],[[58460,52409],[73,102],[208,-50],[-34,-214]],[[59599,52235],[79,20],[124,-170]],[[61011,50688],[131,-109],[86,-199],[267,-79],[90,59],[73,147],[108,-26]],[[61766,50481],[46,-393],[336,-370],[23,-104],[-27,-406],[154,-211],[-28,-399],[70,-108],[104,-426],[-47,-199],[-94,6],[-85,93],[-42,-109],[-46,-5],[58,-85],[-56,-214],[87,-68],[37,-142]],[[62256,47341],[31,112],[174,249],[182,125],[32,-223],[109,-170],[14,-221],[-223,-222],[195,-301]],[[62770,46690],[-56,-146]],[[62714,46544],[32,-105],[-16,-263]],[[62730,46176],[-98,-66],[-95,-391],[-70,-128]],[[62467,45591],[5,-104],[-87,-171]],[[62385,45316],[-35,-279],[124,-157],[123,36],[93,-37],[166,86],[40,-166],[49,-14],[136,27],[102,183],[79,40],[-28,-210],[16,-241],[86,-148],[13,-184],[53,-26],[11,-85],[232,-160],[27,-65],[54,71]],[[63726,43987],[115,20],[61,-145]],[[63902,43862],[-24,-78]],[[63878,43784],[80,-46],[-55,-313]],[[63903,43425],[34,-76]],[[63937,43349],[13,-290],[-100,29]],[[63850,43088],[-23,-81],[-83,-60],[53,-202],[170,-224],[78,16],[288,-405],[400,-404],[108,54],[78,-40],[105,-221],[58,-311]],[[65082,41210],[62,-77],[31,-158],[-231,-374],[-23,-350],[-227,-210]],[[60888,41761],[-17,189],[49,288],[-20,81],[-90,63]],[[60473,43504],[-26,214],[-123,124],[-120,-132]],[[62774,51554],[47,-440],[-55,-191],[44,-117],[-201,-33],[-26,-167],[-71,-9],[-116,46],[-26,167],[-63,103],[-147,-64],[-59,34],[-232,-202],[-19,-194]],[[61850,50487],[-188,23],[-93,-168],[-85,-42],[-281,99],[-49,162],[-143,127]],[[61011,50688],[-46,170],[-30,-45],[8,-97],[-56,0],[60,-45],[-3,-83],[-103,-90],[-41,19],[-36,133],[36,143],[-32,95],[31,218],[-99,214],[-103,84],[-30,141],[-221,-102],[-124,36],[-32,-116],[-276,161],[64,140],[-22,122],[-128,143],[-26,156]],[[59802,52085],[-108,163],[-95,-13]],[[59599,52235],[40,-50],[-17,-62],[-253,28],[-182,-146],[-56,17],[-10,121],[-75,20],[6,89],[-345,-5]],[[58707,52247],[40,203],[-101,52],[-130,6],[-56,-99]],[[58460,52409],[-45,96],[-113,85]],[[58302,52590],[-205,-146],[-41,66],[-5,163]],[[58051,52673],[-64,39],[-32,196],[-194,135],[-144,16],[55,225],[65,32],[-91,130],[-37,169],[-57,9],[64,162],[-5,377],[33,37],[25,248],[195,-160],[-92,165],[2,99],[147,170],[27,475],[83,89],[22,130],[47,43],[59,603],[85,227],[206,114],[-28,195],[-234,526]],[[58188,57124],[35,254],[33,-51],[0,58],[62,58],[45,-77],[15,98],[73,-100],[65,-6],[129,138]],[[58645,57496],[53,-99],[64,-7],[232,150],[97,-70],[19,-136],[62,-30],[-9,119],[72,114],[-22,141],[32,144],[93,71],[141,263],[-27,287],[296,182],[120,-41],[17,192],[55,18],[-22,259]],[[59918,59053],[47,167],[58,19]],[[60023,59239],[196,299]],[[60219,59538],[231,52],[33,107]],[[60483,59697],[66,11],[179,255],[82,-366],[-7,-107],[122,-222],[72,-44],[92,42],[78,-57]],[[61167,59209],[129,199],[143,-187]],[[61439,59221],[58,-215],[307,-372]],[[61804,58634],[194,-477]],[[61998,58157],[130,-664],[67,-104],[10,-260],[183,-80],[159,220],[239,57],[-5,-465],[92,-329],[-16,-190],[101,-237],[11,-128],[-37,-84],[96,-78],[47,-327],[-37,-364],[71,-216],[-60,-200],[64,-53],[-7,-123],[-64,-187],[-67,-617],[-105,-305],[129,-302],[118,-164]],[[63117,52957],[-63,-212],[50,-350],[-4,-306],[-326,-535]],[[13818,67810],[-79,-145],[-34,167],[-38,27],[14,44]],[[12882,68626],[-96,83],[26,43],[15,528],[44,175],[103,246],[228,251],[196,1130],[125,272],[349,431],[76,214],[56,934],[84,239],[10,171],[-65,102],[-105,614],[-177,489],[42,329],[-36,590],[35,215],[116,101],[234,-17],[234,83],[102,98],[73,203],[204,142],[157,520],[36,394]],[[14948,77206],[72,-4]],[[15020,77202],[-19,-100],[35,-56],[-6,88],[44,-6]],[[15074,77128],[-8,-157],[69,-30],[40,92],[-11,-61],[83,-41],[-22,-67],[76,25],[37,-99],[68,87],[32,-83],[31,96],[40,-62],[31,47],[30,-61],[-19,-48],[82,-69],[-29,-67],[77,-5],[-18,-71],[58,4],[15,-66],[27,50],[19,-130],[37,-16],[-78,-206],[120,-148],[31,-116],[-54,-9],[18,-78],[-41,-80],[54,-46],[-7,-184],[57,-92],[98,-28],[52,40],[-25,-75],[77,-63],[-54,-65],[151,-163],[189,72],[43,99],[-1,149],[52,-11],[66,111],[91,-28],[64,108],[135,-131],[-30,75],[39,10],[117,-136],[-63,-129],[28,-215],[198,-176],[-5,-150],[64,77],[22,-43],[42,37],[1,-88],[242,-27],[-13,-57],[31,-35],[38,54],[27,-126]],[[17595,74523],[22,16],[-25,45],[53,31],[134,-146],[19,-104],[61,-19]],[[17859,74346],[25,-110],[58,-2],[30,-74],[78,14],[-17,-113],[41,-70],[67,-47],[77,24],[10,-66],[84,-56],[1,76],[44,-62],[89,12],[269,-154],[69,-98],[-20,-66],[260,-163],[31,-86],[23,53],[38,-20],[18,-58],[-43,-43],[70,-4],[-24,-60],[39,8],[98,-156],[118,-15],[67,-90],[74,12],[18,67],[27,-45],[94,8],[13,-73],[29,6],[-9,65],[39,2]],[[19744,72962],[40,-94],[28,7]],[[19812,72875],[-19,79],[47,-77],[104,17],[-13,-61],[26,29],[37,-102],[76,62],[112,-232],[79,-25]],[[20261,72565],[38,-75],[64,11],[17,-102],[-134,-137],[6,-117]],[[20252,72145],[-58,-95],[-99,-503],[13,-299],[60,-182],[-17,-209],[-42,-55],[26,-221],[-36,-366],[-83,-168],[2,-195],[39,-109],[-38,-229],[22,-446],[101,-316],[-7,-157],[36,-35],[-56,-73],[-1,-90],[-113,-276],[15,-59],[-81,-169],[15,-265],[-89,-144],[-5,-186],[-69,-15],[-106,-173]],[[19681,67110],[-65,-373],[371,-17]],[[19987,66720],[-13,-379],[101,19],[129,-134],[326,-3],[71,-99]],[[20601,66124],[17,-104],[-71,-286]],[[20547,65734],[-80,-73],[-5,-156],[-71,-100]],[[20391,65405],[46,-170],[-98,-66],[-42,-199]],[[17119,65984],[-133,-102],[24,57],[-37,19],[-81,-79],[-90,44],[-58,150],[-145,46]],[[16133,66615],[-23,167],[-64,10]],[[15847,66827],[-88,-54],[6,91]],[[15691,66972],[35,330],[-71,14],[-9,77],[-56,51],[-20,-48],[-25,68],[-93,-48]],[[13234,51396],[121,73],[98,372]],[[14948,55252],[91,7],[101,163],[-23,187]],[[14389,57482],[-60,-19],[-50,-108],[-226,-69],[-103,-201],[-141,-67]],[[13847,57570],[-139,289],[25,498],[77,386]],[[13869,58787],[72,374],[20,133],[-43,22],[2,105],[129,26]],[[16111,63323],[905,1190],[-47,159],[-193,339]],[[16677,65510],[81,505],[38,-86],[75,-3],[15,-48],[87,80],[38,-28],[-37,-41],[45,1],[100,94]],[[17119,65984],[-3,-105],[71,-41],[137,66],[43,-74],[47,60],[90,-51],[69,28],[-1,-81],[73,-22],[14,-102],[69,-10],[14,-86],[71,14],[296,-197],[-9,-73],[51,-77],[-15,-69],[51,-125],[286,-225],[236,-5],[217,-95],[107,69],[130,-18],[146,127],[91,-38],[75,-158],[42,-246],[241,-216],[135,64],[109,349],[76,37],[122,249],[97,37]],[[20297,64970],[46,204],[64,16],[93,-94],[4,-154],[60,-144],[121,-1]],[[20685,64797],[129,141]],[[20814,64938],[229,-71],[36,-99],[-137,-252]],[[20942,64516],[50,-70],[-1,-74]],[[20991,64372],[-196,-283],[8,-219]],[[20803,63870],[38,-100]],[[20841,63770],[145,-12],[37,-95],[53,-398]],[[21076,63265],[157,-81]],[[21233,63184],[107,177],[249,-256],[154,-445]],[[21743,62660],[89,-43],[56,63],[21,118],[89,24],[48,-107],[-8,-136],[161,-110],[49,21],[8,-161],[80,-140],[173,40],[71,115],[200,-76],[54,27],[93,-117],[62,6],[54,-172],[133,-138]],[[23176,61874],[347,-249],[154,15]],[[23677,61640],[137,-95]],[[23814,61545],[147,-18]],[[23961,61527],[53,-57],[-5,-64],[116,-99],[39,-151]],[[24164,61156],[110,-81],[-70,-268],[-53,-38],[-145,42],[-22,-198],[-114,-104],[-51,-186],[-4,-127],[51,-129]],[[23895,59692],[4,-252],[-75,-250],[22,-205],[-146,-4],[-121,-224],[29,-140]],[[23211,57466],[-104,-199],[-43,-266]],[[20247,48123],[-152,-1],[-691,277],[-139,-130],[-178,-46],[-253,258],[-280,-5],[-248,-419],[-301,-239],[-149,-26],[-85,73],[-134,13],[-310,-179],[-357,214],[-272,406],[-135,78],[-385,18],[-209,-63],[-202,-155],[-213,6],[-86,136],[-110,666],[-109,-5],[-68,117],[-224,70],[-843,-324],[-241,32],[-115,109],[-423,686],[-265,336],[-228,70],[-417,320],[-388,115]],[[21009,56220],[0,0]],[[24224,48205],[-74,-157],[-10,-124]],[[24140,47924],[45,-56]],[[24185,47868],[-78,-137],[50,-104]],[[24157,47627],[68,-34],[-32,-99],[84,-48],[-35,-168],[75,-101],[-123,-333],[-61,-32],[3,-153],[-32,26],[16,60],[-113,56],[-65,-167],[51,-13],[-2,-97],[46,-13],[-52,-40],[-8,-94],[-34,117],[-51,-78]],[[23892,46416],[-92,24],[32,-117]],[[23832,46323],[-12,-107]],[[23820,46216],[-42,-28],[40,-21],[-178,-171],[-122,-30],[-582,498],[-786,109],[-321,133],[-339,406],[-206,44],[-256,205],[-105,184],[-57,290],[-250,392],[-181,22],[-188,-126]],[[20247,48123],[33,201],[39,-25],[47,92],[-31,111],[46,-1],[19,139],[48,49],[-49,46],[-19,123],[-14,198],[33,163],[-32,75],[61,246],[-18,102],[49,7],[98,668],[-35,109],[182,-27],[100,99],[349,110],[590,728],[83,203],[163,91],[3,-149],[57,-56],[269,-20],[145,64],[16,94],[-66,377],[45,719],[-41,260],[73,334],[-93,178],[-63,378],[125,162],[169,-39],[124,276],[26,197],[-97,668],[59,137],[-33,328],[164,155],[16,133],[280,514],[-55,182],[-96,7],[72,317],[-24,155]],[[23064,57001],[40,254],[107,211]],[[23211,57466],[237,142],[118,268],[88,92],[-6,94],[-103,192],[63,363]],[[23608,58617],[-31,125],[123,239],[147,9],[-23,200],[77,285],[-6,217]],[[23895,59692],[-55,164],[26,211]],[[23866,60067],[-56,183],[51,240],[123,123],[31,209],[136,-53],[78,67],[45,239],[245,-4]],[[24519,61071],[7,-53],[67,7],[17,-73],[67,24],[48,-46],[89,-144]],[[24814,60786],[211,52],[67,-86]],[[25092,60752],[215,-84],[136,-124],[10,-111],[298,-176],[283,-105],[375,-14],[42,-84],[244,-36],[111,-74],[21,-103],[57,-37],[66,45],[24,-69],[306,-92],[62,-132],[90,7],[199,-263],[104,15],[94,-228],[213,-32],[-3,-97],[68,-77],[176,40],[63,-200],[37,77],[121,-8],[49,-101],[54,29],[36,-106],[-41,-117]],[[28602,58495],[355,-319],[15,-109]],[[28972,58067],[46,-27]],[[29018,58040],[-12,-172],[36,-104],[131,-44]],[[29173,57720],[39,-118]],[[29212,57602],[120,-140],[-136,-240]],[[29196,57222],[-13,-309],[-64,-70],[-219,-597],[-210,-98],[-20,-80],[-80,-53],[-4,-212],[-51,-104],[36,-132],[-25,-274],[-60,-178],[28,-212],[-72,-36],[-69,-126],[-57,61],[-126,-39],[-133,128],[-213,-2],[-60,143],[-31,-259],[-212,-175],[-246,160],[22,368],[-170,-213],[-75,-249],[11,-170],[-30,-95],[70,-135],[-74,-297],[23,-242],[-75,-66],[-23,-95],[33,-171],[-48,-146],[29,-219],[-126,-88],[-137,23],[-53,-188],[-144,-66],[-184,-266],[-97,-6],[-95,-83],[-140,59],[-199,-171],[-329,277],[-103,-129],[-54,-174],[42,-198],[-62,-320],[157,-180],[-64,-167],[8,-168],[-133,-139],[-15,-160],[-93,-165],[180,-376],[-125,-450],[153,-206],[-76,-568],[26,-147],[111,-77],[79,-332],[-68,-96],[2,-80],[-61,67],[-20,-77],[-46,36],[-64,-68],[-57,107],[-53,-98],[-45,96],[-28,-110],[-32,96],[-155,120],[-35,-31],[37,-36],[-69,-56],[-105,122],[8,82]],[[24724,48637],[-93,126],[-50,-19]],[[24581,48744],[-45,-171],[-100,91],[-26,-64],[32,-56],[-41,-40],[34,-74],[-51,-96],[33,-46],[-72,-36],[18,-56],[-31,-56],[-108,65]],[[7307,56875],[537,782],[131,409],[215,218],[247,528],[178,527],[225,1357],[196,537],[296,488],[126,48],[62,114],[109,65],[168,332],[479,675],[77,354],[-4,214],[254,783],[237,269],[405,174],[111,278],[194,281],[288,880],[27,272],[-42,251],[-120,287],[-68,403],[-155,249],[-179,165],[-51,187],[83,404],[203,481],[176,214],[689,-239],[363,266],[63,152],[-37,-585],[70,-10],[22,-59]],[[12882,68626],[34,96],[96,-45],[-14,-80],[48,-1],[-36,-60],[38,-79],[-10,-70],[-36,-2],[30,-55],[42,0],[-21,73],[42,-61],[44,51],[-23,-90],[59,-58],[33,29],[60,-202],[113,47],[19,-74],[53,3],[-30,-60],[36,-22],[9,58],[12,-65],[39,52],[67,-44],[-29,-28],[24,-44],[100,8]],[[13681,67903],[38,-226],[56,20],[43,113]],[[13818,67810],[36,-94],[33,82],[15,-45],[47,39],[20,-79],[10,53],[39,-35],[25,51],[50,-69],[77,39],[58,-93],[68,23],[-5,44],[26,-54],[84,-6],[47,-177],[98,16],[-18,-57],[63,-23],[104,62],[11,-68],[71,38],[90,-224],[38,53],[56,-35],[110,120],[-7,-58],[45,4],[-8,45],[48,-8],[50,126],[84,35],[10,-49],[10,61],[108,-15],[16,-68],[18,48],[7,-76]],[[15452,67416],[39,47],[25,-40],[35,38],[11,-65],[39,43],[54,-123],[64,-3],[-28,-341]],[[15691,66972],[11,-94],[63,-14]],[[15765,66864],[1,-99],[81,62]],[[15847,66827],[8,-63],[60,24],[-8,-62],[52,35],[14,-49],[73,80]],[[16046,66792],[60,-7],[27,-170]],[[16133,66615],[175,-31],[41,-100],[-10,-102],[51,11],[-17,-66],[65,12],[19,-89],[61,24],[0,-106],[87,17],[-6,-66]],[[16599,66119],[150,-52],[-72,-557]],[[16677,65510],[21,-208],[78,-291]],[[16776,65011],[241,-493],[-906,-1195]],[[16111,63323],[-4,-209],[-141,-506],[23,-93],[-27,-234],[40,-248],[-352,-389],[-107,-316],[-241,-231],[-20,-144],[35,-69],[-26,-108],[62,-144],[-111,-270],[-307,-173],[-171,-569],[-255,-354],[-119,33],[-88,-150],[-97,26],[-3,101],[-123,61],[38,36],[-68,74]],[[14049,59447],[-140,-43],[9,-88],[42,-35],[-91,-494]],[[13869,58787],[-59,-44]],[[13810,58743],[-113,-749],[23,-174],[127,-250]],[[13847,57570],[-81,-281],[43,-271]],[[13288,56900],[-151,105],[-141,-38]],[[12960,56852],[-211,-143],[-53,-102]],[[7307,56875],[143,4],[111,79],[161,-98],[131,-277],[186,-175],[245,-162],[112,-9],[199,-171],[55,-136],[173,-27],[254,-232],[148,-376],[506,-316],[68,55],[267,33],[7,345],[153,117],[186,-115],[206,-13],[52,-72],[126,83],[128,-106],[83,54],[93,-78],[30,36],[94,-52],[153,2],[45,51],[151,-24],[24,99],[115,-10],[89,-74],[178,249],[177,112],[2,138],[79,127],[117,-29],[83,96],[124,229],[11,124],[170,16],[-46,235]],[[12696,56607],[24,64],[240,181]],[[12960,56852],[36,115]],[[12996,56967],[157,34],[135,-101]],[[13288,56900],[91,-198],[120,-54],[28,83],[-24,168],[71,174],[109,33],[126,-88]],[[13809,57018],[130,60],[99,194],[241,83],[72,124],[38,3]],[[14389,57482],[153,-453],[281,-127],[127,-126],[76,327],[186,-9],[116,-122],[-25,-273],[-78,-85],[-177,-23],[-100,-291],[210,-306],[-45,-217],[50,-66],[-46,-102]],[[15117,55609],[30,-160],[-26,-83],[-74,-104],[-99,-10]],[[14948,55252],[-136,119],[-75,1],[-53,-468],[-193,-228],[-142,-636],[-145,-265],[-63,-227],[23,-114],[-30,-43],[-2,-258],[-40,-31],[-21,-204],[-52,-123],[-43,0],[-40,-152],[-192,-34],[-57,-72],[-26,-154],[-74,-109],[-1,-158],[-133,-255]],[[13453,51841],[-95,-368],[-124,-77]],[[13234,51396],[-48,-86],[22,-51],[-92,-68],[-166,-251],[-77,52],[-223,11],[-45,165],[-50,-62],[-111,99],[-68,-36],[-23,-72],[-139,98],[-38,-36],[-12,-171],[-71,-155],[20,-197],[-76,-105]],[[12037,50531],[-303,25],[-330,296],[-182,83],[-243,-59],[-126,-203],[-97,-273],[-49,-396],[-101,-374],[-17,-290],[76,-641],[-87,-134],[-376,-181],[-284,-297],[-54,83],[-39,670],[-103,244],[-115,80],[-316,-89],[-298,-294],[-707,134],[-720,397],[-207,-42],[-180,-114],[-308,-309],[-127,-6],[-189,243],[-244,146],[-243,403],[-97,310],[-62,82],[-90,23],[-246,-150],[-209,-288],[-368,-383],[-381,-270],[-233,-10],[-641,415],[-448,132],[-329,-219],[-151,22],[-525,642],[-217,118],[-532,-87],[-139,-105],[-300,-403],[-214,-172],[-279,-434],[-212,-156],[-146,-307],[-75,367],[-174,497],[25,264],[381,836],[380,385],[284,121],[82,136],[94,357],[211,172],[1362,754],[201,469],[464,664],[587,627],[241,147],[325,368],[501,244],[189,287],[351,233],[255,359],[415,209],[210,202],[274,98],[162,185],[48,221],[265,280]],[[56685,0],[12,37],[11,-16],[-23,-21]],[[57631,1528],[-35,-30],[-19,29],[54,1]],[[58121,3447],[-65,-18],[37,69],[28,-51]],[[48610,12767],[304,92],[23,62],[-21,126],[-67,76],[46,64],[-46,172],[-73,37],[-50,117],[6,125],[-49,161],[-196,27],[-108,-54],[8,51],[-42,41]],[[48282,14088],[95,109],[-92,141]],[[50197,16403],[6,-137],[33,-131]],[[51243,16784],[91,39],[-73,144]],[[50640,18378],[-125,-168],[-206,62]],[[50389,18373],[100,218],[14,105]],[[51911,19442],[79,372],[43,-47],[25,-147],[144,16],[84,-20],[19,-54],[209,-16],[57,-110]],[[58199,22662],[103,283],[176,-51],[103,73],[0,-172]],[[60676,23533],[84,73],[132,14]],[[61904,22945],[89,513],[-3,177],[93,-16]],[[62091,23682],[141,-17],[19,-73],[103,-81]],[[63104,23265],[156,174],[257,-335],[100,55],[17,87],[302,117],[29,88]],[[64303,23814],[-6,127],[179,167]],[[65082,24229],[1,-140],[93,55],[7,-67],[66,-48],[118,63],[-42,127],[78,26],[49,-50],[-44,-225],[37,-58],[36,62],[70,-21],[62,99]],[[65701,24122],[101,-39],[122,235],[48,-33],[144,94]],[[66116,24379],[67,-81],[285,-10]],[[66468,24288],[101,-58],[29,-77],[140,-61],[172,110],[-24,185],[195,68]],[[67081,24455],[97,-80],[-11,-130],[77,-77],[7,-139],[197,-113],[75,-23],[113,267],[39,-11],[85,-131],[2,-133],[62,24],[71,-118],[49,-203],[36,-16],[-6,-154],[84,-120],[35,27],[110,-130]],[[68203,23195],[100,216],[72,-116],[104,-18],[41,-115],[-54,-188],[56,-85]],[[68522,22889],[-5,-94],[103,-110],[12,-268],[-42,-108],[-70,-160],[-86,-48],[-66,55],[-150,-102],[-55,-74],[-31,-167],[-231,-107],[30,-188],[-109,-230],[-13,-119],[-253,-177],[-5,-96],[-63,-52],[126,-285],[185,-100],[38,-96]],[[67837,20363],[117,37],[-25,-210]],[[67929,20190],[-82,-36],[-54,-99],[-32,-108],[21,-69],[-57,-11],[11,-44]],[[67736,19823],[-96,-212],[90,-226]],[[67730,19385],[98,54]],[[67828,19439],[77,-100],[60,21],[77,-85],[-140,-658],[-126,-267]],[[67776,18350],[-125,-79],[-75,15],[-18,-105],[-116,12],[-235,-194],[-153,50]],[[67054,18049],[-125,-244],[73,-124],[-23,-130],[59,-65],[-22,-66],[138,-94],[-131,-147],[-60,-322],[176,-280],[101,-40],[73,89],[49,-50],[46,-267],[-635,-664],[-459,-556],[-133,-198],[17,-95],[-32,-62],[-129,-63],[-305,-375],[40,-114],[-31,-79],[-201,-48],[-401,-355],[-1054,-1010],[-335,-408],[-168,-97],[-51,-123],[-1327,-1119],[-888,-925],[-1212,-1461],[-1010,-1349],[-574,-1036],[-109,-311],[-44,-362],[-252,-31],[9,-188],[71,-40],[-19,-615],[104,-134],[-152,-198],[-74,-396],[-43,-74],[-6,-148],[26,-63],[51,13],[-16,-60],[-141,-46],[-218,-226],[-293,-456],[-834,-1054],[-588,-964],[11,227],[172,316],[286,336],[71,196],[296,351],[8,65],[-67,53],[27,102],[-143,31],[-76,-143],[-115,151],[-24,-200],[29,-65],[-57,-125],[-146,-10],[-70,-64],[-47,70],[-145,-17],[-182,-170],[-406,405],[-129,328],[-139,8],[-181,236],[-22,114],[167,140],[132,288],[-24,169],[73,42],[60,172],[-77,-19],[-200,212],[-1,83],[-144,282],[-2,126],[-109,122],[6,110],[-99,182],[30,56],[-66,64],[45,314],[-39,298],[59,110],[9,165],[-61,-44],[-186,159],[-4,97],[96,112],[-113,39],[44,100],[-49,12],[-29,118],[-104,85],[-50,214],[-101,-165],[50,-177],[-57,-20],[-38,87],[-70,-85],[16,-66],[-105,-265],[24,-210],[-28,-95],[-107,-125],[-59,279],[-51,17],[-5,-182],[-108,-33],[-13,-202],[-64,-4],[-38,-172],[-178,-252],[-23,129],[23,105],[104,57],[-23,65],[25,251],[-93,11],[-51,-64],[-22,66],[-136,-9],[10,141],[-50,156],[-255,302],[-11,109],[-372,298],[-58,-161],[-194,-34],[-443,-381],[-76,-438],[-52,-93],[25,-198],[-91,-4],[-78,-102],[-89,-153],[-68,-290],[-98,-38],[-7,-108],[-75,-158],[-142,59],[-165,196],[-43,154],[11,294],[-72,58],[-42,130],[-151,-10],[12,301],[-90,92],[8,179],[-116,8],[23,69],[-40,88],[62,258],[67,24],[9,150],[136,36],[99,218],[-6,219],[-53,92],[25,59],[84,23],[-75,123],[76,72],[-51,144],[-31,-2],[-16,122],[4,85],[67,40],[-21,249],[-64,18],[9,141],[93,1],[50,-112],[36,150],[-38,64],[12,84],[152,100],[-52,-3],[29,96],[-32,113],[-190,63],[25,140],[-37,155],[61,343],[73,82],[-38,49],[38,267],[239,350],[197,116],[1,208],[51,83],[54,-15],[-5,223],[65,114],[-23,105],[52,21],[-50,72],[-86,-101],[-123,81],[-93,-42],[2,148],[-134,75],[-35,74],[13,70],[-81,24],[-3,125],[-89,-19],[-102,177],[10,93],[-120,181],[-33,266],[-81,-176],[-46,111],[-119,108],[-83,-47],[-58,40],[-129,-212],[-32,57],[-76,-6],[-84,-69],[42,-146],[-185,-43],[-26,-264],[-162,89],[-25,61],[64,-5],[-62,110],[55,94],[-32,58],[39,86],[-60,70],[-1,67],[-142,67],[-50,-50],[65,-122],[-18,-293],[-155,241],[-41,-57],[-124,10],[-129,-72],[-50,46],[-114,-157],[-85,-35],[-38,43],[30,186],[-47,46],[-131,-277],[-108,-26],[-106,279],[-141,113],[-112,-2]],[[58656,4025],[9,46],[7,-28],[-16,-18]],[[58758,4327],[28,-77],[-172,-134],[-5,116],[149,95]],[[53351,71217],[268,439],[-129,62],[-121,164],[-26,298],[-57,-3],[-113,189],[-200,-7],[-100,-58],[-144,141],[-282,-63],[-113,31],[-72,-113],[9,-202]],[[52271,72095],[-47,-101],[-160,-84]],[[52064,71910],[-263,153],[-44,112],[-75,-52],[-104,-225]],[[51578,71898],[-205,55],[-163,-141],[-187,-7],[-100,241]],[[50923,72046],[-133,20],[-99,-68],[-39,34],[7,171],[-102,107]],[[50557,72310],[-34,172],[-180,13],[-38,245],[-223,501],[-31,293],[-106,141]],[[49496,74176],[-165,-13],[-127,253],[122,-98],[145,63]],[[49471,74381],[49,-68],[130,124],[162,-100],[152,71]],[[49964,74408],[146,194],[179,-81],[107,-191],[150,-45],[66,189]],[[50612,74474],[-34,347],[31,332],[108,63],[366,-126],[33,-299],[87,-57],[84,25],[64,-45],[63,122],[128,-14],[230,86],[263,-76]],[[52035,74832],[-60,-347],[62,-166]],[[52037,74319],[115,57],[51,159]],[[52203,74535],[136,101],[55,386]],[[52394,75022],[50,40],[162,-41],[184,80],[269,515],[152,165],[-62,179],[-109,21],[-90,84],[-31,96],[157,102],[171,-36],[-96,428],[127,123],[107,191]],[[53385,76969],[178,103],[-81,110]],[[53482,77182],[-254,-118],[-135,47],[-161,-34],[-109,89],[-60,163],[-94,21],[-205,-118],[-163,-3],[-37,223],[303,363],[53,208],[271,-43],[-43,87],[-20,356],[47,259],[125,354],[317,-107],[266,57],[337,-19],[127,239],[175,153],[440,698]],[[54662,80057],[121,300],[197,-202],[181,-41]],[[55161,80114],[86,86],[126,-171],[157,23],[168,-171],[152,-17],[95,50],[272,-250],[77,-164],[85,-2],[127,-148],[55,39],[24,210],[100,196],[142,77],[95,172],[345,295],[510,-423]],[[57777,79916],[-104,-255],[-197,-152]],[[57965,73812],[172,-269],[7,-77],[-232,-149]],[[56769,71316],[164,-43],[-211,-270]],[[56355,70972],[-418,-558]],[[55886,70426],[-51,157]],[[55835,70583],[14,-88],[-60,-172]],[[55789,70323],[-69,-30],[-64,11]],[[55656,70304],[-21,85],[-136,86],[-21,-58],[-141,-50],[-44,-88],[-20,36],[-45,-58],[-112,22],[-41,-183]],[[55075,70096],[-183,-308],[-946,-293]],[[53946,69495],[-41,802],[-242,14],[-216,171]],[[53447,70482],[-107,-8],[11,743]],[[64661,65221],[-73,-129],[215,-184]],[[64402,63665],[-51,34]],[[64351,63699],[-86,335],[-86,130],[-109,28],[-198,175],[-39,-100],[-125,36],[-27,149],[-150,124],[-212,-170],[59,-281],[-22,-77],[-119,71],[-151,-77],[-105,-128],[-97,55],[-49,-114],[-264,-220],[-221,184]],[[62350,63819],[-138,-75],[-170,252]],[[62042,63996],[-132,67],[-18,177],[-84,129],[-33,455],[-66,131],[-226,-201],[-85,42],[13,-140],[-101,193],[-7,111],[-65,3],[-17,129],[-54,33],[-95,-25],[-27,-193],[-222,-97],[-128,172],[20,198],[-52,111],[-265,-87],[-185,264],[-138,-150],[-126,90],[-54,141],[-201,178],[-148,-2],[-57,-148],[-102,94]],[[59387,65671],[-150,-84],[-73,34],[42,310],[-209,191]],[[58997,66122],[152,124],[-101,105],[4,60],[83,114],[71,-26],[56,231]],[[59262,66730],[59,43],[-25,51],[-82,-20]],[[59214,66804],[-74,116],[-9,182],[-81,44],[-57,-66],[-34,28]],[[58959,67108],[35,241],[-71,-63]],[[58923,67286],[-37,75],[7,-116],[-71,158],[-42,-33],[-40,43],[-53,-70],[49,-50],[-25,-66],[-93,16]],[[58618,67243],[21,-72],[-71,3],[-11,-91],[-27,97],[-93,-12],[13,53]],[[58450,67221],[93,38],[-2,54],[-108,86],[33,61],[-42,99],[-48,-23],[12,78],[-52,76],[-78,-91],[-35,99],[-7,-142],[-48,96],[25,71],[-28,12],[-91,-176],[-57,107],[-56,-23],[-12,206],[-102,-123],[-55,8],[48,-133],[-83,-10],[42,-102],[-91,26],[41,-114],[-88,-5],[-57,140],[-101,-138],[-149,125],[-46,-27],[-8,111],[-20,-158],[-73,-3],[33,102],[-49,16],[27,71],[-45,9],[1,91],[-74,-25],[59,70],[66,-2],[-20,204],[-43,19],[-41,-70],[31,126],[-150,29],[36,275],[-99,45]],[[56939,68406],[24,166],[-53,-13]],[[56910,68559],[1,-110]],[[56911,68449],[-122,20],[20,152]],[[56809,68621],[-75,62],[56,71],[-42,62],[39,101],[-155,-38],[-10,101],[50,97],[-149,90],[10,72],[74,27],[-122,87],[13,141],[-44,35],[9,74],[-127,-82],[-38,104],[4,-80],[-28,-13],[-35,157],[-86,31],[33,128]],[[56186,69848],[-237,153],[-4,81],[-64,94],[5,250]],[[55886,70426],[51,-12]],[[55937,70414],[143,149],[275,409]],[[56355,70972],[104,44],[83,135],[57,-526],[123,378]],[[56722,71003],[209,263],[-162,50]],[[56769,71316],[-32,382],[49,82],[71,402],[145,181],[73,230],[88,68],[40,-97],[89,57],[543,542],[77,154]],[[57912,73317],[237,166],[-184,329]],[[57965,73812],[19,205],[-63,137],[-55,317],[-130,61],[300,-7],[-15,218],[151,187],[31,319],[-92,49],[41,160],[-58,261],[25,194],[-45,85],[107,378],[231,-6],[120,410],[2,191],[-144,158],[-87,290],[45,155],[175,166],[21,118],[-53,74],[-70,-30],[-299,-360],[-167,-53],[-216,52],[-158,367],[-19,306],[-134,-79],[-96,34],[-229,252],[-24,183],[50,184],[231,291],[116,430]],[[57476,79509],[204,162],[142,370],[100,155],[38,28]],[[57960,80224],[128,-143],[97,-2],[152,-340],[125,84],[88,190]],[[58550,80013],[158,-67],[182,-222],[349,362]],[[59239,80086],[109,13],[34,-179],[183,95]],[[59565,80015],[119,-399]],[[60645,77421],[126,-520],[-68,-202],[-149,-34]],[[62742,73290],[56,111],[89,-161]],[[62890,73102],[64,-104],[-54,-111]],[[63749,71819],[-66,-169],[58,-144],[170,-83]],[[64848,70371],[43,-123],[-60,-255],[9,-137],[76,3],[26,211],[43,48],[341,-86]],[[63817,67121],[-6,-150],[189,-310]],[[64604,66569],[74,-97],[-52,-336],[-117,15],[-2,-343]],[[62900,72887],[56,102],[-66,113]],[[62890,73102],[-3,138]],[[62887,73240],[-98,165],[-47,-115]],[[62742,73290],[-30,21],[51,167],[-19,221],[82,-43],[40,109],[-69,79],[-145,-28],[-12,117],[-64,27],[64,124],[-140,-24],[112,117],[-23,116],[86,136],[-33,32],[-87,-59],[-32,101],[-31,-88],[-65,23],[-113,178],[-8,110],[77,86],[1,78],[-344,-169],[-133,54],[-127,251],[-364,-163],[-164,211],[48,297],[-17,81],[-91,-38],[-135,46],[-235,537],[-266,-242],[-107,28],[-206,187],[256,356],[72,180],[-17,159]],[[60554,76665],[116,2],[77,116],[17,214],[-119,424]],[[60645,77421],[40,241],[-99,132],[17,280],[-438,511],[33,137],[155,224],[-95,172],[-9,110],[-64,-65],[-104,26],[-145,-53],[-28,79],[-49,-4],[-11,84],[-123,42],[-52,190],[11,89]],[[59684,79616],[-199,649],[155,444]],[[59640,80709],[260,182]],[[59900,80891],[63,203],[169,88],[102,237],[138,109],[57,-115]],[[60429,81413],[110,-74],[165,87]],[[60704,81426],[199,-72],[11,130]],[[60914,81484],[-50,144],[58,98],[-30,271],[100,80],[26,156],[-33,277]],[[60985,82510],[39,337],[-37,191],[19,84],[253,331],[15,-68],[107,-81],[53,192],[152,131],[-70,-186]],[[61516,83441],[14,-273],[91,10],[21,86],[82,65],[62,-13],[44,-125],[-23,-127],[54,-43],[31,94],[43,-104],[-41,-94],[35,-116],[215,-32],[-31,105],[130,-18],[20,87],[-28,-28],[10,85],[-55,14],[3,94],[128,79],[-11,-102],[51,-7],[-43,-71],[67,-5],[-8,-80],[120,99],[24,-52],[13,87],[62,-4],[0,-132],[37,21],[-14,-63],[82,-82],[-3,-58],[50,-7],[6,-103],[177,-98],[88,35],[-23,-139],[29,-178],[162,-60],[-50,167],[73,71],[173,-98],[92,23],[10,-66],[-47,-87],[61,-82],[-163,-83],[70,-186],[102,-30],[96,-219],[130,-111],[116,26],[67,-177],[219,-13],[11,-101],[149,33],[14,-80],[114,37],[16,-49],[-46,-63],[28,-27],[-51,-83]],[[64371,80990],[13,-147],[66,-29],[-26,-65],[38,-75],[143,-40],[-18,26],[33,-13],[47,205]],[[64667,80852],[112,1],[-15,115],[89,-34],[7,105],[38,-78],[53,40],[44,-37],[48,100],[70,-46],[13,-76],[73,-20],[-33,-27]],[[65166,80895],[125,-159],[7,-71],[39,82],[55,-79],[33,21],[48,-127],[55,-12],[210,146],[-142,-517],[173,-472],[157,-224],[229,-73],[-29,-248],[67,-134],[52,-74],[147,-51],[48,-172],[167,-70],[65,-222],[-77,-271],[-5,-230],[-66,-153],[102,-298],[20,-423],[74,-185],[-32,-338],[59,4],[100,-201],[167,-102],[4,-67],[-98,-68],[-52,-231],[-82,-146],[75,-194],[92,-85],[14,-83],[-70,-255],[56,-134],[-2,-186],[178,-266],[40,-244],[40,81],[102,41],[272,-32],[-64,-92],[-49,-207],[-74,-85],[19,-173],[158,17],[121,-129],[11,-195],[79,-179],[-148,50]],[[66639,72647],[25,191],[-159,-151],[-163,-227],[-67,-374],[-141,-202]],[[65935,70920],[40,-130],[-22,-95],[-74,-14],[-23,-61],[21,-152],[-102,-20],[-18,127],[-64,-19]],[[65676,70290],[-46,-109],[-80,5],[-145,-131],[-154,-31],[-205,102],[-88,-25],[-73,-271],[-62,78],[68,322],[-43,141]],[[64848,70371],[-129,107],[-73,-22],[-105,251],[-247,77],[-104,198],[-164,58],[-45,244],[-70,139]],[[63911,71423],[-180,99],[-50,143],[68,154]],[[63749,71819],[-16,197],[-36,11],[-141,-154],[-107,120],[-87,-53],[-86,-173],[17,-250],[-141,27],[5,254],[-156,378],[-25,217],[-61,74],[55,273],[-70,147]],[[68228,50103],[-137,-46],[-75,47],[-87,-211],[-71,48],[-72,-36],[-59,82],[-57,-32]],[[67670,49955],[134,350],[-73,152],[7,172]],[[67738,50629],[-69,142],[16,164],[-102,110]],[[67583,51045],[-119,249],[35,197],[-39,162],[-86,64],[-142,-46]],[[67232,51671],[-196,199],[-100,-182],[-109,-4],[-69,89]],[[66758,51773],[65,38],[137,322],[16,319]],[[66976,52452],[68,185]],[[67044,52637],[14,188],[139,73]],[[67197,52898],[92,145],[18,111],[-29,139],[93,497],[3,241],[68,132],[-70,272],[-55,46],[-58,-55],[83,396],[-80,-47],[-84,165],[-80,-10]],[[67098,54930],[2,-90],[-44,111]],[[67056,54951],[-72,-31],[-49,66],[-60,-48],[12,-84],[-66,-40],[-214,104],[-47,-7],[-7,-53],[-28,91],[-48,13],[16,79],[-88,71],[-41,-107],[30,-27]],[[66394,54978],[-89,-94],[-86,78],[-2,162],[-32,53]],[[66185,55177],[45,15],[-49,46],[41,31]],[[66222,55269],[-42,61],[-53,-18]],[[66127,55312],[10,-59],[-43,-54],[27,-42],[-69,-27],[-18,89],[-46,-70],[-58,38],[-82,255],[-143,151],[-14,217]],[[65691,55810],[146,250],[-103,60]],[[65734,56120],[-65,137]],[[65669,56257],[-77,-205],[-15,204],[76,134],[69,-5],[51,113]],[[65773,56498],[35,-45],[121,119],[64,-46],[81,435],[77,144],[-99,406],[63,641],[-65,161]],[[66050,58313],[21,114]],[[71037,54932],[32,-109],[26,61],[143,70],[119,-115],[-28,-118],[42,-21],[59,-185],[78,74],[2,-117],[107,-39],[35,-92],[-10,-102],[42,-52],[-27,-143],[46,3],[-12,-99],[43,32],[35,-47],[7,-142],[47,-3],[77,-212],[167,59],[-60,-268],[32,-189],[-51,-266],[17,-157],[176,-150],[42,-96],[74,63],[98,-188],[171,-51],[-236,-391]],[[72330,51942],[-58,4],[-123,-200],[-125,-82],[-45,43],[-84,-62]],[[71895,51645],[-55,55],[-129,-87],[51,-200]],[[71762,51413],[-249,-148],[-125,-319],[12,-221],[-138,-107],[-54,-252],[-73,-36],[-21,50],[-157,12],[-33,41],[19,46],[-49,3],[-56,102],[-247,-38],[-99,-165],[-80,45],[-105,-140],[-18,-151]],[[70289,50135],[-148,-325],[-238,-11]],[[69903,49799],[-110,-110]],[[69793,49689],[-92,100]],[[69701,49789],[-88,-54]],[[69613,49735],[-6,77],[61,92]],[[69668,49904],[44,475]],[[69712,50379],[-98,33],[-80,-10]],[[69534,50402],[-107,-267],[-147,-201],[-103,-65]],[[69177,49869],[-26,19],[10,106],[-79,114],[-120,-12]],[[68962,50096],[-81,-142],[-69,-17],[-26,181]],[[68786,50118],[-96,195],[-47,-20],[-202,149],[-75,-59],[-138,-280]],[[71037,54932],[-102,17],[-68,120],[-191,-203],[-65,1],[-67,311],[-243,49],[22,72],[-77,118],[-230,28],[-70,93],[-115,-2],[-34,71],[-37,-57],[-82,108],[-282,133],[46,912],[-46,344],[182,152],[19,308],[182,297],[-10,243],[-83,131],[-45,-148],[-99,-47],[-71,-118],[-84,39],[-237,-54],[-168,-278],[-112,-19],[-150,67],[-135,153],[-73,159],[-186,-18],[-290,249],[-193,-72],[-81,32],[-116,248],[-360,304],[-35,159],[-101,168],[-94,-160],[-222,-186],[-116,-476],[-125,87],[-175,263],[-77,-44],[-94,53],[-176,-112]],[[66071,58427],[-170,200]],[[65901,58627],[-81,174],[17,252],[-51,-7],[8,55],[-113,-17],[19,58],[-36,43]],[[65664,59185],[149,294],[93,83],[111,13],[17,60],[-25,34],[10,169],[-82,82],[-31,150],[4,368],[-40,180],[-48,-21]],[[65822,60597],[-44,87],[-84,-7],[-116,117],[-75,-32],[-35,59],[-81,-192],[-62,123],[-178,-9],[-129,-157],[19,-60]],[[65037,60526],[-71,44],[-25,156]],[[64941,60726],[96,221],[221,63],[41,116],[-86,157],[-12,156]],[[65201,61439],[-77,183],[41,100]],[[65165,61722],[-46,117]],[[65119,61839],[54,529],[-87,205],[-264,-101],[-165,222]],[[64657,62694],[-5,169],[-84,157]],[[64568,63020],[-123,47],[45,62],[9,134]],[[64499,63263],[30,3],[7,95],[-33,35],[31,130]],[[64534,63526],[-132,139]],[[64402,63665],[163,399],[-22,144],[148,-13],[96,59],[190,207],[24,85],[-6,124],[-110,236],[-82,2]],[[64803,64908],[-216,190],[74,123]],[[64661,65221],[4,84],[-158,503]],[[64507,65808],[-1,318],[11,40],[109,-30],[53,329],[-75,104]],[[64604,66569],[-149,41],[-103,-96],[-73,85],[-162,-126],[-92,1],[-25,187]],[[64000,66661],[-190,327],[7,133]],[[63817,67121],[194,255],[197,104],[-10,84],[76,170],[14,171],[76,99],[50,41],[158,-37],[47,87],[129,16],[94,130],[185,-42],[64,94],[99,406],[-66,181],[86,501],[-46,345],[79,195],[87,45],[-4,66]],[[65326,70032],[243,163],[17,-168]],[[65527,69939],[-13,-206],[85,17],[49,-59],[151,200],[90,-83]],[[67274,68439],[74,-151],[-66,-294]],[[65692,64978],[-108,-301],[14,-147],[320,38]],[[66374,60605],[79,-196],[49,87]],[[66915,60583],[65,93],[27,-155]],[[67346,60410],[42,62],[114,-7]],[[67804,60324],[59,41],[-6,-140],[55,15],[-29,-55],[50,-19],[-23,-105],[25,-56],[207,56]],[[68853,63419],[277,98],[28,120]],[[69309,63774],[137,274],[134,48]],[[69990,64274],[42,248],[107,-27]],[[71734,63107],[159,-233],[128,28],[104,-384],[-20,-125],[112,-54],[-63,-278],[-117,-38],[-106,-179],[-7,-53],[98,-173],[-33,-177],[65,-131],[95,-69],[25,-354],[89,-262],[66,-84],[73,-7],[91,-241],[91,-42],[16,-323],[-51,-46],[-252,155],[-98,-7],[-146,-258],[-149,23],[-90,-137],[-20,-132],[101,-323],[208,-91],[-79,-150],[-214,-90],[-139,17],[-109,-108],[-39,75],[-73,22],[-81,-59],[51,-212],[202,-117],[81,92],[62,-63],[86,45],[105,-112],[270,97],[138,-283],[130,-40],[74,-372],[140,-27],[57,-75],[-97,-95],[-66,-154],[-166,-111],[-79,35],[-61,-58],[1,-147],[-66,-276],[-51,68],[-137,-51],[-66,101],[-59,-28],[39,-143],[-99,-432],[17,-281],[-168,-243],[51,-200],[-61,38],[-188,-310],[3,-107],[93,-143],[-92,-127],[21,-158],[38,-37],[-82,-155],[-54,-50],[-105,29],[34,104],[-121,132],[-185,-117],[-22,96]],[[67502,60465],[-156,-55]],[[67346,60410],[-87,145],[-49,-99],[-44,48],[9,54],[-90,73],[-78,-110]],[[67007,60521],[-32,156],[-60,-94]],[[66915,60583],[18,-60],[-31,41],[-78,-12],[-2,-51],[-97,34],[-76,-124],[-63,101],[-53,-53],[-31,37]],[[66502,60496],[-59,-86],[-17,131],[-52,64]],[[66374,60605],[-280,62],[141,310],[230,-7],[27,72],[-5,109],[-139,289],[-60,-20],[-139,197],[26,31],[-19,61],[-53,20],[-42,123],[38,165],[-34,77],[96,24],[22,290],[-4,174],[-65,142],[92,207],[-55,730],[8,113],[48,52],[-8,109],[-58,53],[-27,-94],[-53,28],[41,153],[-138,212],[-46,281]],[[65918,64568],[-306,-41],[-31,54],[8,119],[103,278]],[[65692,64978],[78,39],[186,254],[116,324],[124,80],[2,110],[101,267],[136,131],[36,141],[-22,257],[70,124],[-7,132],[99,-9],[20,127],[21,-64],[86,93],[80,-72],[79,31],[39,177],[-50,185],[6,200],[113,83],[93,167],[87,6],[-28,171],[27,-6],[22,90],[76,-22]],[[67282,67994],[66,280],[-74,165]],[[67274,68439],[-142,19],[-22,226],[-141,-25],[-152,63],[95,237],[-16,167],[-78,141],[-167,-112],[-227,285],[-131,26],[-236,-143],[-111,72],[-50,184],[84,229],[-91,0]],[[65889,69808],[-84,82],[-157,-199],[-43,57],[-96,-5],[18,196]],[[65527,69939],[59,88]],[[65586,70027],[-4,149],[42,-4],[52,118]],[[65676,70290],[17,266]],[[65693,70556],[59,24],[20,-127],[61,-23],[57,98],[-40,52],[27,97],[76,18],[21,101],[-39,124]],[[65935,70920],[39,66],[18,235],[196,470],[-2,101],[-52,92]],[[66134,71884],[125,157],[110,462],[290,342],[-20,-198]],[[66639,72647],[214,-419],[97,167],[125,66],[201,330],[-56,200],[121,-31],[76,55],[130,279],[89,86]],[[67636,73380],[157,-57],[44,-237],[-32,-161],[141,-172],[-61,-206],[52,-12],[107,-178],[-31,-123],[81,-249],[215,-158],[5,-116],[-50,-33],[26,-42],[-78,-57],[-40,-102],[55,-230],[-46,-167],[-83,-65],[73,-179],[-13,-63],[34,-12],[-57,-102],[15,-106],[132,23],[78,-77],[65,65],[28,-90],[87,61],[25,97],[44,-79],[64,75],[90,-119],[84,92],[166,-101],[98,46],[53,-80],[43,112],[96,-5],[89,143],[79,-44],[118,192],[163,21],[31,147],[79,27],[28,77],[153,11],[12,71],[64,48],[-9,211],[44,75],[166,2],[285,-130],[62,85],[55,-33],[55,143],[131,49],[65,-51],[-37,-216],[39,-69],[272,-275],[183,62],[134,-254],[135,256],[19,141],[91,114],[113,34],[94,239],[205,-55],[25,-147],[-38,-61],[-4,-285],[110,-185],[17,-155],[120,-15],[91,-174],[-25,-86],[57,-51],[-50,-118],[54,-108],[149,-45],[284,305],[68,-176],[114,-100],[159,36],[114,-158],[81,75],[93,-48],[7,-258],[115,-141],[-33,-130],[37,-214],[-116,-211],[36,-188],[-89,-178],[12,-155],[32,-92],[100,-15],[124,-334],[-44,-148],[-88,-46],[-3,-122],[-110,-221],[40,-154],[-67,-141],[94,-90],[-25,-123],[-179,-152],[-7,-132],[-140,-32],[-58,-118],[48,-230],[-197,-127],[14,-389],[-146,-115],[-16,45],[-155,-11],[-319,137],[-26,-308],[-53,-38],[-14,-140],[83,-231],[-67,-253],[32,-80],[-59,-122],[39,-125],[15,-329],[-23,-48],[-127,8],[-73,-136],[-89,-57],[31,-183],[-442,-864]],[[71734,63107],[-151,-59],[-48,217],[-200,176],[-109,9],[-8,-101],[-152,-180],[-218,141],[-4,138],[-98,53],[-103,185],[-55,20],[-126,212],[9,110],[-136,101],[-52,162],[14,160],[32,33],[-135,124],[-55,-113]],[[70139,64495],[-104,31],[-45,-252]],[[69990,64274],[-93,-54],[6,-77],[-141,9],[-133,-135],[-49,79]],[[69580,64096],[-129,-43],[-142,-279]],[[69309,63774],[-151,-137]],[[69158,63637],[-18,-113],[-287,-105]],[[68853,63419],[-135,92],[-23,-99],[23,-251],[-195,-199],[-113,-33],[66,-395],[-47,-119],[-86,-27],[-1,-328],[-91,-212],[23,-130],[-43,-74],[52,-312],[42,-60],[6,-176],[87,-252],[60,-68],[-24,-80],[-275,-93],[-13,-64],[36,-24],[-62,-181],[46,-19],[-44,-254]],[[68142,60061],[-211,-51],[2,156],[-49,15],[25,65],[-52,-21],[26,112],[-23,29],[-56,-42]],[[67804,60324],[-164,104],[-101,-111],[-37,148]],[[44858,69472],[-204,-289],[-49,-301],[-163,-16],[-69,-167],[-112,-58],[-58,-220],[-3,-236],[-100,-114],[-22,-175],[-121,-120],[-41,-250],[-82,-86],[-156,-28],[-120,-131],[-70,9],[-140,-297]],[[43348,66993],[-106,-11],[146,-682],[158,-208],[-56,-39],[-251,52],[-343,178]],[[42896,66283],[-126,185],[-96,305],[-226,286],[-105,372],[-70,618]],[[42273,68049],[-88,213],[-153,133],[-316,139],[-318,-163],[-140,12],[-349,398],[-394,317],[-220,348],[-243,658],[-208,290],[-45,222],[-111,52],[-100,176],[-178,476],[-100,93],[-120,7],[-283,349],[235,-110],[248,-2],[-62,143],[33,92]],[[39332,71993],[89,107],[24,118],[-46,271]],[[40850,74761],[-63,184],[78,-33]],[[41043,74754],[21,-82],[20,112]],[[41679,75304],[-30,43]],[[42116,75364],[160,454],[288,53]],[[43743,75579],[66,68],[58,-134],[-48,-209]],[[43855,75131],[160,-256],[201,-63]],[[44379,75320],[44,-34],[21,41],[5,208]],[[44402,75706],[120,-89],[39,123],[-46,236]],[[44608,76295],[11,137],[-25,231]],[[44692,77703],[49,17],[-254,401]],[[44469,78440],[-21,259],[81,198]],[[44907,80328],[-43,166],[-87,37],[-6,59],[132,172]],[[45001,81104],[45,393],[52,9],[112,-15],[97,-107],[15,-81]],[[45322,81303],[85,-54],[56,-177],[82,-35],[204,-305],[88,-14],[87,123],[183,-2],[313,-354],[61,20],[36,-67],[-6,-128],[61,-98],[143,30],[46,101],[138,-127],[42,30],[63,-98],[-37,-94],[82,-58],[31,-133],[116,-35],[-9,-102],[49,-44],[85,54],[228,-63],[80,48],[76,-46],[51,-87],[-10,-57],[105,-73],[49,-109],[79,95],[156,-202]],[[48135,79242],[187,66],[206,-299],[82,99],[81,-147]],[[48691,78961],[98,-43],[-32,-110],[18,-80],[89,55],[5,-139],[100,-183],[79,119],[139,-117],[-4,-180],[124,-58],[-42,-108],[26,-96],[60,-22],[60,69],[15,-132],[108,-26],[89,-145],[55,18],[57,-195],[203,-72],[36,-101],[55,89],[36,-53],[-14,-80],[182,28],[26,-181],[137,5],[18,-122],[100,-35],[264,-360],[-126,-391],[63,-240],[-86,-140],[-121,-55],[-83,-323]],[[50425,75557],[-481,72],[-292,-158]],[[49652,75471],[-125,25],[-214,-193],[-102,-19],[-40,-74]],[[49171,75210],[-211,-43],[-1,-237]],[[48959,74930],[37,-31],[13,-179]],[[49009,74720],[175,-225],[35,-156],[56,-38],[48,-129],[173,4]],[[49496,74176],[141,-151],[197,-74],[-30,-127],[139,-25],[2,-124]],[[49945,73675],[104,-133],[16,-235],[118,-328]],[[50183,72979],[-153,-299],[-78,29],[-74,119],[-67,-70],[-17,-300],[-95,-164],[1,-160],[-80,-64]],[[49620,72070],[-1,-287],[-147,-392],[-20,-230],[-68,-107],[-134,25]],[[49250,71079],[-121,-83]],[[49129,70996],[-84,-368],[-61,-40],[-71,48]],[[48913,70636],[-161,-112],[-68,61],[-38,-63]],[[48646,70522],[-201,-61],[-180,168]],[[48265,70629],[-36,166],[-117,-77],[-215,91],[-136,273],[-24,-50],[-123,92],[-39,-44],[-267,-10]],[[47308,71070],[-171,168],[-92,242],[-539,-513]],[[46506,70967],[29,-241],[-39,-240],[-232,15],[-124,164],[-61,-399],[40,-307],[-115,-15],[-294,-469],[-211,-43],[-28,-121],[-110,36],[-242,228],[-108,220]],[[45011,69795],[-61,-39],[-92,-284]],[[23349,89132],[-324,402],[-160,388],[-167,243],[-42,387],[-131,381],[-115,-18],[-53,113]],[[22357,91028],[450,539],[114,266],[113,656],[305,1170],[227,663],[8,196],[351,878],[81,81],[97,-35],[68,47],[150,292],[243,213],[42,158],[122,74],[272,10],[204,315],[118,78]],[[24235,88779],[-81,-27],[-91,116],[-106,42],[-78,-208],[-59,-27],[-138,-365],[-27,22],[-61,290],[-188,172],[-57,338]],[[25267,86217],[-65,100],[-150,-44],[-103,122],[-49,-80],[38,-123],[-65,11],[0,-128],[-33,-44],[-103,24],[33,238],[-101,95],[-117,-35],[-45,-171],[-50,11],[-33,81],[-80,-170],[-170,66],[-77,-108],[-74,0],[-67,141],[-21,386],[40,98],[-33,31],[-18,177]],[[23924,86895],[-148,259],[26,80]],[[23802,87234],[-28,153],[40,191],[-13,251],[-66,121]],[[23735,87950],[12,128],[-61,274],[275,562],[102,-46],[70,-115],[102,26]],[[24235,88779],[49,-96],[124,-13],[68,-107],[61,-6],[-43,-267],[169,-150],[153,62],[4,124],[81,129],[147,27],[102,112],[176,22],[-91,220],[-21,286],[63,-16],[232,136],[63,138],[-29,124],[107,229],[-120,360],[-78,65],[-24,85],[-132,152],[-125,19],[-16,237],[108,95],[5,82],[128,151],[-43,261],[79,115],[7,136],[63,75],[61,226],[-4,373],[114,22],[66,97],[-54,463],[101,196],[36,179],[82,25],[137,-95],[118,65],[108,-31],[121,152],[49,201],[-25,311],[83,170],[-4,76],[-252,603],[-4,260],[-56,126],[1,165],[-177,320],[-55,-5],[-50,78],[-54,153],[-41,373],[-82,69],[-28,170],[-195,200],[-151,34],[-25,87]],[[25322,96629],[299,167],[377,378],[538,126],[296,179],[532,201],[156,246],[125,363],[246,251]],[[27933,98215],[-32,-87],[98,-42]],[[29780,87397],[-46,-6],[8,-58],[-212,-56],[-63,-92],[-82,-27],[-43,57]],[[29257,87092],[-6,52],[-49,12],[-45,-68]],[[28667,87021],[-50,-101],[20,-190],[-83,-70],[6,-85],[-213,191],[-111,-17],[-31,66],[-63,-137]],[[28142,86678],[-100,-27],[-44,52],[21,41],[-118,-3],[-130,200],[-102,-127],[-35,122]],[[27634,86936],[-83,33],[-39,-10],[-19,-135],[-130,-87],[1,-142],[-45,-77],[-150,73],[-38,-33],[-10,88]],[[27121,86646],[-67,18],[7,-175],[-28,-5],[34,-31],[-44,-57],[-44,172],[-111,-100],[-78,125],[-137,12],[-61,-77],[12,-36],[-88,-53]],[[26516,86439],[-14,-156],[-177,103]],[[26325,86386],[-18,-168]],[[26307,86218],[-99,-82],[-61,12],[10,146]],[[26157,86294],[-109,-23],[-99,64],[-29,-71],[-100,79],[-93,-95],[-28,77],[44,20],[-15,108]],[[25728,86453],[-73,69],[-40,-61],[-261,27],[-87,-271]],[[30110,86182],[-81,40],[-104,221],[-51,-54],[-95,10],[-53,133],[-97,-38],[87,229],[14,659],[50,15]],[[29780,87397],[-34,145],[43,41],[-13,105],[44,102],[-24,29],[38,32],[3,452],[110,354],[-132,164],[-77,3],[-82,155],[-139,70],[-33,801],[75,255],[-34,81],[-1,211],[-143,273],[51,232],[202,245],[-85,655],[165,404],[-24,148],[-150,208],[15,157],[87,-26],[-27,333],[103,175],[-188,26],[-166,96],[-10,179],[-95,144],[1,165],[-92,204],[3,108],[-200,513],[-9,278],[67,172],[-26,242],[-56,102],[23,78],[-29,73],[48,183],[-78,61],[-58,150],[-95,30],[-14,157],[-66,93],[-31,19],[-58,-77],[-119,492],[33,49],[-159,198],[-30,294],[-124,250],[-49,293],[-62,70],[-80,243]],[[27999,98086],[-100,49],[34,80]],[[27933,98215],[-42,325]],[[27891,98540],[97,89],[308,712],[370,111],[309,247],[204,11],[142,182],[160,107],[612,-385],[250,-350],[244,-443],[177,-165],[48,-180],[80,-53],[438,-117],[233,113],[452,-161],[424,186],[125,-15],[375,-199],[358,84],[371,-33],[198,-188],[395,-546]],[[33660,95725],[-81,43],[-64,-78],[-2,-319]],[[33208,89109],[-38,49],[36,-401]],[[32333,87333],[-95,-96],[-11,-72],[-49,-20]],[[30922,85824],[-63,43],[-242,-44],[-121,66],[-272,7]],[[37590,84852],[-188,4],[-88,71],[-186,468],[-49,33],[-190,-131]],[[36558,85036],[-274,215]],[[36266,85403],[-67,55],[169,244]],[[39076,97484],[373,188],[231,-31],[86,96],[419,-152],[118,-101],[119,-546],[386,-457],[154,-83],[983,-111],[223,83],[279,310],[198,82],[321,-32],[173,-135],[41,-160],[-26,-379],[-159,-131],[-135,59],[-104,-20],[-138,-194],[-21,-320],[-101,-482],[-14,-309],[-1,-472],[92,-708],[12,-425],[391,-1151],[58,-301],[-1,-217],[341,-774],[287,-24],[83,-74],[41,22],[93,-127],[137,53],[11,94],[405,395],[149,249]],[[44580,91199],[303,-341],[36,-871],[166,-321],[-48,-675],[-60,-99],[42,-165],[-84,-189],[-119,52],[-128,-157]],[[44688,88433],[-143,-592],[-221,-194],[45,197],[-19,43],[-128,-156]],[[44222,87731],[-138,82],[-125,-268],[-54,-23],[-267,159]],[[43638,87681],[-163,-91],[88,-104]],[[43563,87486],[-24,-81],[30,-367],[249,-157],[-152,-323],[26,-112],[357,-289],[22,-55],[-24,-102],[99,-208],[-22,-33],[125,-38],[42,-107],[117,-13],[28,-77],[-38,-117],[134,-21]],[[44532,85386],[62,-98],[7,-74],[-62,-146],[1,-190]],[[44540,84878],[93,-23],[-87,-128],[-13,-116],[205,-244],[-262,-118],[96,-154],[-92,-140],[96,-160],[-35,-153],[25,-193],[-57,-138],[39,-51],[-31,-38],[0,-201],[51,-64],[39,-171]],[[44607,82786],[73,47],[40,-38],[-23,-63],[47,23],[12,-72],[64,-39],[45,-335],[-112,-236]],[[44753,82073],[155,-173],[-19,-394]],[[44889,81506],[166,-19],[-54,-383]],[[45001,81104],[-87,-70],[-11,-272]],[[44903,80762],[-135,-192],[95,-75],[44,-167]],[[44907,80328],[-14,-117],[-59,-3],[-81,-100],[-47,-255],[32,-51],[-71,-195],[78,-274],[-174,-453],[-42,17]],[[44529,78897],[-82,-206],[22,-251]],[[44469,78440],[126,-196],[-108,-123]],[[44487,78121],[254,-394],[-49,-24]],[[44692,77703],[-80,-275],[-152,-107],[17,-141],[-40,-119],[25,-201],[132,-197]],[[44594,76663],[25,-249],[-11,-119]],[[44608,76295],[-68,-88],[-25,-231]],[[44515,75976],[38,-298],[-41,-62],[-110,90]],[[44402,75706],[47,-171]],[[44449,75535],[-10,-224],[-60,9]],[[44379,75320],[-104,-189],[-59,-319]],[[44216,74812],[-81,5],[-134,70],[-146,244]],[[43855,75131],[-36,173]],[[43819,75304],[41,85],[-29,58],[37,49],[-24,105],[-53,57],[-48,-79]],[[43743,75579],[-147,84],[-26,-35],[-44,89],[-61,13],[-1,72],[-61,31],[-10,58],[-163,-37],[-73,-93],[-39,26],[-37,-83],[-106,63],[-188,-33],[-223,137]],[[42564,75871],[-249,-37],[-44,-21],[-94,-220],[9,-79],[-44,-13],[-26,-137]],[[42116,75364],[-92,38],[-23,-160],[-107,-65],[-57,64],[3,78],[-50,-32],[-34,61],[-42,-39],[-49,86],[-16,-48]],[[41649,75347],[24,-16],[6,-27]],[[41679,75304],[-36,18],[-42,-99],[-5,-123],[45,6],[1,-129],[-39,66],[-51,-32],[-24,43],[-62,-55],[27,-112],[-92,73],[-24,-151],[-180,43],[-53,-94],[-60,26]],[[41084,74784],[5,-92],[-31,-20],[-15,82]],[[41043,74754],[-66,-9],[-104,100],[-8,67]],[[40865,74912],[-101,57],[18,287]],[[40516,75440],[-125,194],[-88,-136]],[[35000,74004],[-258,62],[-290,278],[-375,-76]],[[34077,74268],[-112,31]],[[33965,74299],[-209,-127],[-249,181],[-248,337]],[[33259,74690],[-62,388],[-100,256],[17,219],[-51,62],[205,187],[119,225],[75,-9],[28,173],[108,108],[-105,137],[41,120],[19,437],[110,106],[86,311],[72,12],[-3,79],[65,42],[-37,93],[76,174],[217,361],[126,108],[49,183]],[[34314,78462],[135,85],[101,-17]],[[35673,80421],[112,173],[17,66]],[[36541,84491],[130,214],[-113,331]],[[36558,85036],[122,79],[15,98],[124,129],[70,-45]],[[36889,85297],[195,129],[126,-187],[78,-279],[95,-92],[207,-16]],[[37590,84852],[133,-219],[232,39],[54,-37],[159,-221],[-6,-91],[514,-648],[3,-222],[66,-116],[199,-103],[86,99],[136,35],[-46,-218],[-80,-83],[-45,-183],[39,-172],[-14,-118],[-85,-128],[-176,-61],[-159,-188],[-59,5],[70,-56],[77,-194],[160,-220],[16,-57],[-101,-209],[-198,-169],[-127,-10],[-153,-192],[-63,77],[-144,5],[21,-95],[-28,-109],[45,-208],[-37,-295],[14,-199],[-105,-249],[-1,-301],[-113,-87],[-66,-256],[3,-58],[234,-332],[-140,-158],[-30,-296],[162,63],[115,120],[103,-79],[209,89],[94,-71],[56,-190],[14,-267],[148,399],[58,12],[52,174],[-12,265],[74,519],[-11,304],[95,148],[-108,234],[282,191],[200,2],[214,183],[80,-45],[6,-80],[208,-27],[57,-148],[-34,-189],[-330,-661],[156,-176],[59,-248],[79,-91],[17,-132],[68,-46],[31,-150],[80,-132],[-30,-20],[4,-110],[-59,-59],[-3,-195],[-57,-20],[-29,-92],[26,-52],[-29,-75],[-69,-40],[-43,-101],[-86,-36],[-38,-89],[-13,-207],[-36,-4],[-45,-187],[56,-133],[-6,-147],[-125,-156],[55,-146],[-72,-374],[-5,-216],[-70,-61],[-75,42],[-44,-56],[-204,-19],[-82,-136],[256,-253],[168,84],[62,-40],[73,-96],[-5,-113],[43,-54],[255,-103],[319,30],[97,-73],[17,280]],[[40303,75498],[87,148],[126,-206]],[[40516,75440],[266,-184]],[[40782,75256],[-22,-272],[90,-223]],[[40850,74761],[-177,-293],[-79,38],[-98,-113],[-56,102],[-23,-94],[-132,8],[-23,-170],[-61,-34],[4,-83],[-57,-5],[-4,-82],[-118,-15],[24,-5],[-37,-38],[26,-94],[-64,-101],[-58,9],[-17,-215],[-90,16],[-7,-176],[-129,23],[11,-159],[-144,40],[-33,-124],[39,-6],[16,-64],[-34,-20],[58,-161],[-31,-15],[8,-90],[-61,-141],[-99,-32],[45,-146],[-50,-32]],[[39399,72489],[54,-199],[-27,-180],[-94,-117]],[[39332,71993],[-7,-97],[36,-4]],[[39361,71892],[-31,-105],[62,-104],[-46,-58],[-560,182]],[[38786,71807],[-361,56],[-80,-68],[-77,-188]],[[38268,71607],[-98,-10],[-63,108]],[[38107,71705],[40,272],[-43,107],[-129,34],[-139,-191],[-40,13],[-201,534],[31,246]],[[37626,72720],[-34,82],[-86,-4]],[[37506,72798],[-202,-164],[-129,152],[-219,97]],[[36956,72883],[-154,232],[-345,135],[-91,203]],[[36366,73453],[-147,-4],[-176,225],[-314,154],[-93,244],[-80,-14],[-94,-107],[-284,90],[-178,-37]],[[33453,80228],[-79,45],[-104,-41],[-186,164]],[[33084,80396],[-99,-44],[-322,131]],[[32663,80483],[-118,136]],[[32545,80619],[-180,-95],[-241,338]],[[32124,80862],[-48,173],[-247,36],[-40,-63],[-127,81],[-155,-22],[40,165],[-40,318],[90,176],[72,452],[119,387],[-83,332],[-239,-14],[-21,389]],[[31445,83272],[-78,41],[-335,-223],[-718,-20]],[[30314,83070],[-238,267],[64,-316],[-3,-193],[-21,-68],[-54,-17],[18,-121],[-53,-231],[-9,-159],[36,-56],[-42,-303],[-95,-168],[-82,34],[-109,-47],[-35,59],[-41,341],[-545,304],[-2,186],[67,264],[-29,206],[64,263],[26,104],[148,140],[51,161],[-76,493],[40,120]],[[29394,84333],[-33,152],[-90,-24]],[[29271,84461],[-232,414],[54,635],[-74,149],[15,95],[-38,79]],[[28996,85833],[68,403],[-103,187]],[[28961,86423],[-100,-8]],[[28861,86415],[-299,163],[-8,82],[84,75],[-13,214],[42,72]],[[28667,87021],[191,-96],[70,38],[28,106],[96,-26],[56,100],[49,-55]],[[29157,87088],[37,66],[52,-5],[11,-57]],[[29257,87092],[85,123]],[[29342,87215],[48,-57],[174,137],[178,38],[-26,-610],[-88,-201],[10,-51],[88,61],[49,-131],[185,9],[45,-154],[105,-74]],[[30110,86182],[33,-103],[-16,-87],[97,-96]],[[30224,85896],[192,-48],[80,41],[135,-68],[244,44],[47,-41]],[[30922,85824],[164,109],[41,-113],[173,-51],[260,-225],[118,182],[18,122],[-37,14],[-75,352],[67,399],[72,97],[-19,142],[-75,144],[9,340],[-70,292],[47,53],[126,-105],[51,29],[78,-158],[117,74],[15,-271],[59,58],[39,-81],[92,-34],[-14,-48]],[[32178,87145],[155,188]],[[32333,87333],[-36,41],[60,47],[13,79],[117,-80],[94,46],[26,154],[87,24],[45,131],[160,166],[145,-16],[45,246],[149,286],[-52,171],[20,129]],[[33206,88757],[-39,396],[41,-44]],[[33208,89109],[159,28],[220,200],[149,26],[107,687],[-32,122],[47,178],[-12,171],[40,69],[-38,172],[71,84],[84,269],[-28,321],[-41,73],[22,139],[69,146],[52,25],[9,82],[57,29],[-14,136],[117,127],[-1,168],[76,-12],[5,90],[67,-29],[36,113],[-34,142],[67,191],[-57,120],[33,126],[-33,145],[99,335],[-66,175],[36,151],[-33,91],[-114,72],[-25,105],[71,225],[-14,135],[79,111],[-166,30],[14,103],[-41,192],[-123,-47],[-72,-135],[-62,43],[-75,-69],[-101,79],[-55,114],[15,187],[-29,138],[-104,86],[-126,3]],[[33513,95371],[-5,70],[13,267],[74,63],[65,-46]],[[33660,95725],[2,60],[101,14],[33,77],[115,42],[21,310],[42,84],[102,13],[63,74],[37,294],[-45,221],[74,219],[56,414]],[[34261,97547],[357,-184],[559,116],[637,-309],[188,-140],[315,16],[51,-44],[227,242],[389,39],[201,120],[542,-30],[244,-92],[386,30],[18,-58],[370,11],[133,18],[198,202]],[[39076,97484],[216,-508],[20,-288],[55,-102],[47,33],[39,-51],[143,-537],[103,-138],[82,-259],[-12,-828],[-96,-127],[10,-83],[-86,-91],[-94,59],[-67,-89],[-144,181],[-58,5],[48,-176],[-48,-522],[-69,-318],[-132,-255],[1,-225],[-114,-331],[-80,-30],[-64,129],[-126,-115],[-33,175],[-40,-136],[-58,117],[-45,-101],[-95,29],[-1,-91],[-69,-110],[-74,37],[-39,-152],[58,-158],[80,37],[18,-55],[-37,-10],[26,-49],[50,18],[-14,-71],[65,-107],[-42,-113],[-49,61],[-42,-99],[-54,3],[75,-145],[-12,-58],[101,-126],[62,20],[14,77],[86,-174],[47,37],[78,-48],[-35,-132],[14,-106],[77,-62],[-25,-102],[52,-102],[-32,-53],[34,-31],[-2,-92],[-41,-63],[45,17],[93,-357],[57,7],[20,104],[67,-69],[-59,-186],[39,-57],[53,44],[21,-101],[-85,-12],[-162,-238],[-33,-161],[-194,-175],[-143,-233],[-60,-324],[-81,-129],[3,-199],[-59,-196],[48,-255],[-113,-221],[-157,-820],[-182,-289],[-203,-105],[-23,-469],[-97,121],[-117,23],[-143,-49],[-185,25],[-122,-60],[-33,-106],[-214,-229],[-147,-280],[-30,-146],[-184,-56]],[[36368,85702],[-169,-241],[67,-58]],[[36266,85403],[18,-152]],[[36284,85251],[264,-181],[93,-213],[19,-174],[-119,-192]],[[36541,84491],[-200,-160],[-189,-241],[-84,-352],[-171,-237],[-26,-179],[-100,61],[-60,136],[-378,-8],[15,-87],[95,-126],[120,-59],[95,-570],[175,-319],[-31,-206],[43,-379],[-124,-327],[56,-254],[-22,-238],[47,-286]],[[35802,80660],[-129,-239]],[[35673,80421],[6,-112],[-67,-16],[-118,-195],[-103,-36],[-46,-154],[-158,-163],[-155,-17],[-90,-408],[-114,-297],[-99,-71],[-53,-107],[21,-111],[-122,20],[-40,-80],[35,-109],[-20,-35]],[[34550,78530],[-164,-20],[107,666],[-95,143],[-50,-188],[-107,54],[-53,166]],[[34188,79351],[-69,-150],[-59,11],[4,149],[-43,189],[-78,118],[16,60]],[[33959,79728],[-280,438],[-103,-5],[-74,179],[-49,-112]],[[52571,19436],[-60,112],[-209,17],[-76,238]],[[52165,20232],[-84,10],[23,157],[-22,87],[52,-4]],[[50840,25225],[-70,62],[11,39],[77,-6],[47,82],[53,3],[30,52],[-49,58],[854,794],[104,35],[148,-83]],[[52680,26792],[142,71],[121,170]],[[53199,27280],[4,91],[-52,120]],[[53026,27410],[70,-55],[-29,-72],[-48,9],[-100,396]],[[52806,28186],[104,84],[-48,61],[-157,-65]],[[51819,31270],[-51,31],[5,44],[-90,-50]],[[51680,31349],[-77,-25],[-54,75],[-42,167],[90,96]],[[51607,31909],[-48,80],[30,77],[-34,88],[-87,84]],[[51504,32304],[-59,131],[-64,13]],[[51267,32236],[7,277],[-81,66]],[[51139,32303],[-153,-50],[-97,96],[-44,-17],[-90,-232],[53,-140],[-220,-8],[-56,85],[-92,-4],[-44,-52],[59,-131],[-56,-74],[-103,55],[22,133],[-61,90],[-31,151]],[[50226,32205],[-159,33],[-8,248],[90,62],[7,74],[-139,-16],[-102,-95]],[[49915,32511],[-96,105],[51,295]],[[49870,32911],[30,25],[92,-103],[39,74],[-11,204],[105,248],[-58,153],[162,-40],[-180,290]],[[50049,33762],[-128,49],[-119,742]],[[49802,34553],[45,149],[-77,146]],[[49770,34848],[2,79],[163,-2],[61,79],[33,134]],[[50029,35138],[-21,210]],[[50008,35348],[35,362],[44,172],[-50,216],[-168,273],[253,62],[236,169],[147,23]],[[50505,36625],[128,328],[129,1],[150,308],[64,-30],[126,141],[211,54],[67,-32],[49,90],[38,-51],[144,155],[294,-92],[149,-112],[101,45],[76,-61],[195,195],[140,-91],[55,-134],[0,-223],[92,-64],[212,-9],[154,-205],[11,109],[-52,92],[82,93],[52,-50],[45,119],[143,-15],[-79,244],[353,91]],[[53634,37521],[123,128],[101,-42]],[[53858,37607],[33,-75],[118,-19],[42,-149],[-41,-187]],[[54010,37177],[40,-77],[139,200],[101,-67],[116,14]],[[54406,37247],[42,-185],[95,-35]],[[54543,37027],[48,-120],[111,32]],[[54702,36939],[41,-103],[89,121],[103,30],[118,232],[-7,97],[61,75],[34,-40],[173,247],[93,-84],[124,-10],[22,-95],[349,307],[119,47],[10,83],[152,-9],[32,94],[109,26],[9,151],[184,13],[247,160],[113,-97],[84,81],[175,-7],[166,75],[4,72],[59,19],[52,106],[-74,124],[-8,232],[102,-5],[83,108],[175,32],[20,43],[-42,167]],[[57673,39231],[237,210],[56,-80]],[[57966,39361],[354,31],[68,-66],[101,75],[181,-209],[1,-72],[92,52]],[[58763,39172],[135,-29],[-15,42]],[[58883,39185],[44,61],[-51,103],[-31,-22]],[[58845,39327],[-11,90],[193,159]],[[59027,39576],[120,-42],[-20,362]],[[59127,39896],[68,-86]],[[59725,39990],[140,98],[126,-317]],[[60112,39748],[181,8],[27,-350],[275,-237],[37,-422],[-50,-59]],[[59675,37690],[-114,-130],[28,-51]],[[60485,30904],[24,-59]],[[61145,29577],[47,1],[-93,-65]],[[58963,28718],[28,63],[-115,-23],[-87,81],[-32,-23],[-89,-475]],[[58850,24534],[-118,-96],[-97,-161],[119,-327],[-83,-44]],[[58446,23272],[-66,-69],[-78,-26],[-37,56],[-108,-69]],[[58143,23092],[38,-84],[97,-54],[-79,-292]],[[58199,22662],[-41,11],[-131,-132],[-233,20],[-8,-87],[-74,-86],[-11,-151],[-44,-46],[-82,85],[-257,35],[-312,-394],[-97,121],[-75,-109],[-288,-57],[-82,-170],[73,-167],[-105,-44],[35,-81],[-31,-353],[-78,3],[-169,-183],[-31,40],[-109,-43],[4,-129],[-51,-23],[-177,42],[-41,87],[-74,-46],[-185,52],[-25,-111],[57,-141],[-87,-82],[28,-132],[-35,-101],[34,-28],[-13,-72],[-38,-26],[1,69],[-68,1],[-3,-53],[-184,-230],[-287,-175],[-39,-124],[-53,-28],[-373,-10],[-57,78],[-105,30],[-116,-278],[-228,-191],[96,-222],[-76,-34],[-115,70],[-86,-223],[-63,41],[-142,-164],[-123,32],[-8,147],[63,146],[-15,64],[-155,-16],[-33,112],[-110,-25],[-86,101],[-238,-370],[-82,-61],[-63,170],[4,85],[-52,28],[-13,95],[-75,28],[-22,107],[31,72]],[[39934,28043],[58,-106],[95,-27]],[[40087,27910],[18,-105],[41,70]],[[40146,27875],[91,-23]],[[40237,27852],[72,112],[-72,139]],[[40237,28103],[8,75],[110,-47],[314,320],[164,-164],[159,28],[104,-86],[61,24],[9,-73],[86,15],[52,30]],[[41304,28225],[186,357],[161,90],[43,-63]],[[41694,28609],[-37,-11]],[[41657,28598],[-14,-121],[30,-58],[60,5],[22,12],[-28,79]],[[41727,28515],[46,-23],[53,147],[26,19],[4,-59],[34,55],[51,-101],[-67,-93],[83,-37],[-5,-42],[58,48],[51,-88],[58,9],[75,-90],[-85,191],[-10,223],[63,97],[-5,66],[284,215],[192,23],[99,156],[111,42],[15,52],[127,15],[81,186],[97,9]],[[43163,29535],[33,93],[117,-54]],[[43313,29574],[168,30]],[[43481,29604],[255,-120],[318,349],[104,0],[67,-84],[135,-48],[-13,-196]],[[44347,29505],[99,-168]],[[44446,29337],[1117,786],[79,489]],[[45642,30612],[153,120]],[[45795,30732],[57,194],[111,-168],[83,23],[122,178],[3,136],[293,41]],[[46464,31136],[64,-55],[117,59],[120,-99],[16,47],[206,47],[177,158],[247,75],[293,263],[227,-232],[27,-185],[178,-371],[77,-70],[100,50],[64,-76],[84,141],[75,383],[98,-27],[294,116],[120,151],[260,-42],[101,77],[119,190],[251,-156],[59,93],[305,-59],[49,121],[57,-3],[13,-91],[42,40]],[[50304,31681],[-28,46],[16,114],[107,-65],[44,27],[-41,209],[122,29],[64,-89],[183,-12],[43,42],[-59,118],[65,212],[69,37],[107,-96],[143,50]],[[51139,32303],[-72,246],[-105,-109],[3,167],[228,-28]],[[51193,32579],[95,-91],[-21,-252]],[[51267,32236],[91,-3],[23,215]],[[51381,32448],[58,-8],[65,-136]],[[51504,32304],[-36,-66]],[[51468,32238],[121,-172],[-30,-69],[48,-88]],[[51607,31909],[-10,-247]],[[51597,31662],[-91,-107],[90,-226],[84,20]],[[51680,31349],[3,-54]],[[51683,31295],[77,54],[59,-79]],[[51819,31270],[-48,-151],[40,5],[-32,-79],[47,-21],[33,-135],[-45,-17],[42,-18],[-53,-37],[1,-58],[-37,12],[21,-198],[32,53],[9,-51],[38,34],[0,60],[72,4],[-29,-35],[33,-15],[-14,-41],[35,17],[2,-46],[-34,0],[45,-98],[-31,30],[-10,-50],[70,-51],[-23,-115],[224,-138],[12,-78],[-75,-35],[70,-63],[-63,-157],[73,-32],[-10,-81],[96,-112],[58,-4],[20,-78],[86,73],[16,-115],[62,4],[-3,-79],[123,-38],[3,-235],[78,-120],[-63,-54],[-19,72],[-107,80],[35,-165],[-48,-6],[-11,-68],[193,-43],[-9,-46],[-94,-13],[7,-92],[208,58],[98,-153],[-122,117],[-28,-16],[11,-73],[-81,-39],[-73,66],[-21,-37],[104,-129],[-32,-77],[-70,-29],[74,-68]],[[52705,28266],[145,72],[60,-61],[-104,-91]],[[52806,28186],[16,-97],[160,-108],[30,-130],[89,15],[65,-59],[-247,-119]],[[52919,27688],[86,-363],[38,-46],[42,31],[11,60],[-70,40]],[[53026,27410],[41,99],[84,-18]],[[53151,27491],[56,-131],[-8,-80]],[[53199,27280],[-97,-137],[-159,-110]],[[52943,27033],[-110,-161],[-153,-80]],[[52680,26792],[-79,39],[23,-105],[-181,-149],[-160,-306],[-238,-10]],[[52045,26261],[-135,81],[-82,-13],[-889,-814],[42,-83],[-212,-138],[71,-69]],[[50840,25225],[-24,-64],[19,-93],[-70,-43],[-75,30],[-20,-72],[-59,-22],[52,-74],[-33,-76],[-82,-6],[76,-211],[27,46],[88,2],[1,-64],[44,38],[37,-178],[85,-38],[31,36],[34,-90],[-64,-142],[-62,3],[69,-74],[-53,-131],[66,13],[-39,-112],[-84,19],[-57,-68],[-61,43],[65,-104],[-19,-305],[-32,-11],[-60,104],[-47,-106],[23,-152],[81,-17],[-34,-76],[11,-250],[72,-143],[-7,-116],[261,-322],[-2,-131],[179,-101],[22,-109],[-38,-16],[127,-206],[164,27],[69,-66],[27,-118],[14,53],[59,-53],[7,-86],[92,12],[96,-69],[-39,-143],[45,-124],[131,-66],[170,66],[110,-46],[100,-162],[67,53],[-12,-133],[-64,34],[-74,-52],[-27,-242],[-89,-239]],[[52134,20482],[-54,-6],[24,-77],[-21,-164],[82,-3]],[[52165,20232],[43,63],[25,-146],[-62,-198],[68,-67],[-13,-81]],[[52226,19803],[60,-187],[-233,7],[-20,144],[-57,48],[-65,-373]],[[51911,19442],[135,-195],[-28,-191],[-112,160],[-62,-45],[-20,58],[-39,-76],[-225,170],[-83,-143],[31,-104],[-35,-166],[-116,-50],[-16,-70],[-66,16],[-19,-196],[-74,49],[-47,-66],[-53,54],[-14,87],[-97,124],[-37,292],[-95,39],[-76,-189],[-260,-304]],[[50503,18696],[-114,-323]],[[50389,18373],[-48,16],[-32,-117]],[[50309,18272],[160,-69],[100,55],[71,120]],[[50640,18378],[10,-88],[111,24],[70,-79],[192,118],[90,-237],[244,167],[139,-177],[-39,-136],[163,-258],[-15,-135],[24,7],[-56,-146],[18,-41],[-48,-37],[-57,44],[-18,-161],[-39,32],[-34,-148],[-70,7],[-7,-96],[-33,12],[-24,-83]],[[51261,16967],[61,-163],[-79,-20]],[[51243,16784],[-128,-227],[-153,-109],[-267,120],[-83,-75],[-64,56],[-83,-142],[-214,-185],[-15,-87]],[[50236,16135],[-39,268]],[[50197,16403],[-136,104],[-20,-169],[37,-62],[-32,-139],[-153,-32],[-105,63],[-20,-83],[-191,-227],[-12,-90],[71,27],[14,-53],[-77,-159],[-156,-109],[0,-108],[-307,-190],[-108,-128],[-32,-161],[-366,-342],[-190,-103],[-22,-70],[-107,-34]],[[48285,14338],[89,-120],[-92,-130]],[[48282,14088],[86,-122],[-23,-102]],[[48345,13864],[45,-109],[97,71],[202,-37],[41,-288],[46,-105],[69,-28],[49,-174],[-45,-66],[67,-81],[6,-182],[-312,-98]],[[48610,12767],[-82,-196],[-135,-149],[-277,-40],[-73,-138]],[[48043,12244],[-111,317],[-73,51],[-147,-189],[-144,158],[-58,-27],[24,-126],[102,-115],[-52,-69],[-151,137],[-46,-42],[-451,-19],[-3,-129],[-57,-89],[-80,138],[-224,52],[-80,-46],[-61,-165],[-67,-8],[-13,186],[-142,44],[6,87],[-47,33],[-103,-16],[-35,191],[-109,-2],[-97,-90],[-14,79],[59,302],[68,23],[-60,82],[-153,-168],[-155,158],[-87,-54],[-11,-116],[91,24],[-19,-145],[-55,-60],[23,-126],[-91,-102],[-70,-261],[-141,-96],[-64,37],[-50,189],[-58,15],[-51,-7],[-10,-125],[-132,-35],[-34,100],[-61,29],[-37,-33],[0,-167],[-30,-45],[-120,106],[-43,-31],[-111,160],[-295,69],[-82,-75],[-120,71],[-73,-37],[-82,-168],[-118,-52],[2,-207],[-112,-84],[-94,65],[-381,38],[-60,70],[-145,-33],[-206,332],[-126,40],[5,83],[-79,98],[136,170],[-20,76],[-90,73],[37,52],[-112,69],[34,18],[-8,106],[79,185],[-85,134],[17,172],[53,22],[53,117],[-144,161],[47,34],[16,91],[-30,197],[-46,60],[34,75],[-15,125],[69,37],[47,126],[31,-67],[115,-49],[3,154],[134,126],[-86,183],[10,230],[-105,221],[136,127],[165,45],[-19,161],[83,159],[103,9],[10,62],[76,25],[-23,79],[41,-8],[-1,120],[-91,48],[34,185],[-31,170],[140,250],[58,223],[-85,138],[-79,-215],[-37,158],[175,466],[410,652],[-53,79],[-205,-35],[-78,176],[-197,-2],[-18,200],[-86,45],[-33,80],[-97,93],[-41,-21],[-14,52],[-71,-75],[-30,28],[-78,257],[23,35],[-112,72],[39,42],[-67,164],[28,148],[-44,159],[-67,9],[37,130],[-82,144],[-78,-8],[-34,141],[-313,272],[-59,112],[2,98],[159,107],[-55,192],[75,315],[-6,316],[88,127],[-49,93],[3,132],[-59,-15],[-19,59],[-200,125],[-39,77],[31,67],[-97,102],[-80,-66],[-100,40],[-24,-68],[-54,99],[-170,105],[46,84],[-31,101],[33,38],[-192,66],[-56,87],[-33,-22],[-17,133],[28,55],[-71,53],[62,114],[-102,0],[12,178],[-134,42],[-86,125],[-57,203],[-9,192],[-115,2],[-7,130],[-58,11],[-22,-82],[-63,-10],[-32,80],[43,63],[-66,42],[96,42],[33,103],[-63,-7],[-2,110],[-66,127],[-65,-8],[49,291],[-120,177],[-71,-76],[-67,32],[35,103],[156,93],[-67,78],[20,138],[-71,-12],[-40,61],[-81,-30],[-38,196],[158,-36],[22,83],[-78,37],[42,82],[-134,174],[-38,-112],[-42,-1],[-16,-136],[-159,125],[-118,7],[28,133],[-97,53],[-71,231],[-88,36],[42,350],[-49,-29],[-82,-195],[-74,279],[-117,118],[39,176],[-125,95],[-5,52],[146,16],[23,46],[-141,133],[107,47],[132,-98],[-67,93],[-4,121],[62,57],[166,1],[114,154],[26,117],[-33,180],[38,149],[139,55],[120,-56]],[[64303,23814],[-82,-40],[-59,-196],[-39,20],[-57,-123],[-101,-24]],[[63965,23451],[-37,-94],[-300,-115],[-11,-83],[-49,-45],[-66,-1],[-116,200],[-116,72],[-10,54],[-32,-19],[-27,-82],[-97,-73]],[[63104,23265],[-23,-289],[-137,-90],[-56,122],[-110,77],[-18,207],[-102,159],[-104,61],[-200,-1]],[[62354,23511],[-144,166],[-119,5]],[[62091,23682],[-8,-63]],[[62083,23619],[-87,23],[-92,-697]],[[61904,22945],[-138,46],[-102,-232],[-46,155],[-16,-104],[-267,-367],[-20,-106],[-59,-36],[-61,20],[-24,236],[66,216],[-2,214],[112,132],[-19,75],[73,82],[19,267],[-103,59],[-30,127],[-125,-69],[-12,-102],[-34,77],[-138,-93],[-86,78]],[[60892,23620],[-139,-17],[-77,-70]],[[60676,23533],[-53,-203],[-195,-309],[-72,40],[-181,-168],[-6,-155],[-113,-240],[137,-64],[-26,-73],[44,-47],[-31,-87],[-135,-128],[-79,79],[-77,-35],[-85,-142],[-161,-67],[-33,120],[-126,-45],[-62,-87],[-103,3],[-77,75],[-210,-50],[-45,211],[-207,90],[-95,-105],[-54,155],[74,212],[-54,225],[-70,57]],[[58581,22795],[-3,178],[-100,-79],[-199,28],[-136,170]],[[58143,23092],[14,72]],[[58157,23164],[100,66],[45,-53],[144,95]],[[58446,23272],[-118,37],[19,168],[111,-65],[73,41],[44,108],[-8,258],[64,-74],[40,161]],[[58671,23906],[77,26],[-2,92],[-51,20],[2,80],[-64,135],[31,79],[186,196]],[[58850,24534],[184,17],[80,233],[72,95],[1,186],[-49,126],[-121,43],[-71,-111],[-297,69],[-79,149],[27,111],[-40,170],[-77,114],[25,88],[-33,97],[19,227],[90,151],[24,194],[100,114],[146,26],[48,100],[64,-38],[-123,348],[45,169],[-114,280],[-102,66],[-40,141],[63,181],[-86,373],[62,88]],[[58668,28341],[95,488],[113,-71],[118,21],[-31,-61]],[[58963,28718],[200,-179],[29,106],[127,-30],[130,110],[84,371],[129,-141],[47,76],[102,-43],[38,88],[88,4],[39,103],[206,100],[109,248],[53,-50],[40,-208],[63,26],[0,-57],[41,-10],[120,76],[52,-132],[183,-223],[43,29],[44,204],[169,327]],[[61099,29513],[94,67],[-48,-3]],[[61145,29577],[-70,151],[32,254],[-68,152],[-117,-37],[-96,-204],[-166,-28],[25,315],[-41,32],[-24,187],[71,210],[-84,136],[9,59],[-107,41]],[[60509,30845],[-8,48],[-16,11]],[[60485,30904],[-91,-47],[-5,139],[-30,-12],[-27,81],[-10,-81],[-54,8],[-11,57],[29,12],[-38,92],[-113,-196],[-97,117],[66,77],[-3,82],[-69,22],[78,30],[-61,86],[50,100],[-103,-33],[-29,-101],[-48,-25],[29,79],[-35,53],[-55,-53],[-3,206],[-128,33],[63,219],[73,9],[-22,78],[117,13],[-83,158],[-59,-5],[12,36],[-52,97],[-34,-18],[-74,179],[18,88],[-146,283],[29,31],[-24,167],[-85,-24],[-45,47],[3,94],[67,107],[-94,125],[66,60],[-71,20],[-37,-50],[-39,49],[35,55],[-87,62],[62,128],[-11,176],[197,-89],[-46,109],[48,89],[-18,300],[35,16],[11,-72],[76,57],[17,73],[88,-13],[62,57],[8,118],[-187,77],[105,137],[-10,50],[54,22],[-74,99],[62,8],[42,139],[-13,131],[110,-16],[31,135],[78,82],[23,-53],[67,12],[105,101],[-54,71],[-13,228],[47,235],[-70,34],[-11,56],[-30,-27],[5,-123],[-100,254],[88,216],[-42,30],[-22,-60],[-41,64],[-128,-152],[12,242],[-39,56],[-86,-122],[-130,167],[3,74],[145,86],[-31,92],[75,60],[-53,-5],[-2,65],[-94,98],[72,37],[-9,102],[102,37],[-106,33],[31,127],[-114,59],[19,34],[66,-45],[30,145],[-55,25],[-56,-67]],[[59589,37509],[-27,56],[113,125]],[[59675,37690],[-26,66],[100,150],[145,74],[79,169],[263,-81],[200,122],[-52,151],[30,160],[93,150],[-1,60],[76,-23]],[[60582,38688],[52,82],[-49,422],[-283,256],[-2,300],[-188,0]],[[60112,39748],[-45,124],[-76,-101]],[[59991,39771],[-87,181],[-18,130],[-161,-92]],[[59725,39990],[-191,-312],[-64,-23],[-39,-128],[-108,252],[-128,31]],[[59195,39810],[-261,232],[16,35],[164,-58],[75,47],[-15,168]],[[59174,40234],[87,16],[-30,84],[36,51],[-170,352],[-60,19],[-43,-85]],[[58994,40671],[-84,45],[-1,81],[134,27]],[[59043,40824],[57,148],[329,420],[21,109]],[[59450,41501],[322,101],[-73,137]],[[59699,41739],[-179,-53]],[[59520,41686],[-93,269],[112,54]],[[59539,42009],[169,-9],[216,240],[-107,69],[-268,-203],[-13,93],[186,317],[-3,113],[-73,80],[-192,-93],[-78,45],[-102,-79],[-126,87],[9,266],[-102,230],[-15,141],[71,-12],[-27,125],[36,104],[-42,92],[71,64]],[[59149,43679],[54,-20],[18,102],[-37,15],[-7,124],[25,70]],[[59202,43970],[59,15]],[[59261,43985],[-34,232],[42,91],[-30,154],[22,15]],[[59261,44477],[487,-486],[65,-186],[-30,-139],[160,-192],[261,-7],[0,243]],[[60204,43710],[92,137],[147,-119],[30,-224]],[[60473,43504],[230,-490],[7,-179],[62,-71],[19,-168],[48,-42],[21,-113],[-50,-59]],[[60810,42382],[93,-68],[-15,-553]],[[60888,41761],[82,-135],[22,-130],[75,50],[182,-59],[-28,-200],[57,-379],[149,128],[225,-135],[-125,-196],[-51,-214],[305,-80],[97,96],[59,-6],[47,144],[114,-143],[254,-49],[19,118],[211,61],[95,-53],[95,-143],[138,-407],[123,19],[49,-73],[-38,204],[35,121],[151,70],[199,-2],[64,90],[89,-217],[98,-123],[-46,-124],[16,-116],[-98,-279],[-5,-140],[54,-213],[61,72],[165,51],[119,161],[107,7],[62,144],[121,53],[108,156],[27,269],[85,10],[31,109],[119,-54],[88,-183]],[[64694,40041],[224,208],[-55,-380],[74,-100],[75,-295],[59,-30],[136,108]],[[65207,39552],[51,108],[112,-22],[55,-172]],[[65425,39466],[-25,-226],[137,-247],[365,6],[193,-66],[40,-111],[144,-73],[249,-99],[298,-23],[25,-200],[131,-191],[-146,-337],[-142,-180],[-386,-60]],[[66308,37659],[-68,165],[-96,34],[-4,-430]],[[66140,37428],[55,-268],[72,-158],[129,-2]],[[66396,37000],[19,-182],[61,-63],[-6,-70],[-54,-17],[58,-144],[-137,-91],[29,-219],[64,-88],[261,-114],[59,-171],[-14,-187],[70,-105],[-7,-128],[164,97]],[[66963,35518],[-44,-482],[183,32]],[[67102,35068],[48,-50],[55,111],[64,-84],[80,26],[16,363],[-101,-91],[-115,-7],[-48,272],[31,39],[89,-32],[-18,69],[43,84],[2,117],[49,53],[63,-78]],[[67360,35860],[131,-26],[52,22]],[[67543,35856],[-6,59],[104,-49]],[[67641,35866],[137,110],[54,-124],[13,-197],[103,-83],[-6,-90],[-76,-6],[-64,-139]],[[67802,35337],[73,-221],[-39,-85],[24,-143]],[[67860,34888],[-42,-79],[-1,-109],[64,-89]],[[67881,34611],[-23,-148]],[[67858,34463],[68,-99],[235,-84]],[[68161,34280],[1,-163],[-40,-51],[26,-119],[-62,-149],[40,-98],[-47,-101],[51,-32],[134,-355],[85,-54],[-37,-245]],[[68312,32913],[68,-106],[-249,-152]],[[68131,32655],[11,-246],[68,-76],[-161,-233],[-105,-14]],[[67944,32086],[61,-206],[-85,-65],[10,-103]],[[67930,31712],[-112,-387],[-92,-148],[-75,2]],[[67651,31179],[-41,-185],[9,-192],[-64,-103],[-89,2],[-20,-128],[-87,-18],[4,-192]],[[67363,30363],[-32,-52],[91,-111],[7,-134],[155,-30],[30,-349],[-34,-120],[111,-211]],[[67691,29356],[60,-263],[156,-43]],[[67907,29050],[11,-100],[-45,-189],[18,-77],[68,10],[-55,-181],[116,-137]],[[68020,28376],[43,-243],[119,-58]],[[68182,28075],[91,-176],[81,-32]],[[68354,27867],[86,51],[-9,-137],[-232,-132],[-90,20]],[[68109,27669],[-27,-122],[51,-68],[4,-101],[-24,-87],[-77,-8],[-78,-182]],[[67958,27101],[-110,196],[-141,-160]],[[67707,27137],[-94,22],[-73,90],[2,-99],[-76,29],[-338,-126]],[[67128,27053],[-51,10],[-32,106],[-77,23],[-9,-155]],[[66959,27037],[-60,-60],[-22,-135],[-49,-11],[-3,-145],[-25,-1],[-9,-70],[72,-21],[-7,-38],[-66,-47],[8,-94],[-81,-98],[34,2],[20,-81],[-105,-127],[65,-63],[-47,-123],[-151,-170]],[[66533,25755],[-43,-256],[-176,67]],[[66314,25566],[-41,-99],[-37,126]],[[66236,25593],[-59,-14],[-37,54],[26,-206]],[[66166,25427],[-59,-43]],[[66107,25384],[-69,51],[-4,-178]],[[66034,25257],[79,-78],[-20,-86],[-86,-21],[-59,-98],[43,-118],[43,45],[-3,-80],[80,-24],[-7,-132]],[[66104,24665],[65,-161],[-69,-21],[-61,-153],[-122,-19],[-104,-158],[12,-52],[-57,-27],[-67,48]],[[65701,24122],[-32,-90],[-56,20]],[[65613,24052],[-75,-110],[-57,32],[-46,-61],[-27,46],[26,269],[-98,12],[31,-148],[-132,-63],[-59,115],[-54,-70],[-41,19],[1,136]],[[65082,24229],[-177,-94],[-95,48],[-67,-145],[-98,-8],[-38,53],[-50,-64],[-16,97],[-65,-8]],[[64476,24108],[-175,-161],[2,-133]],[[82634,31357],[-68,44],[-28,146],[-106,-89],[-116,19],[108,162],[2,114],[-72,29],[106,190],[-119,42],[-51,108],[54,85],[-65,121],[11,265],[-88,141],[-2,104],[-71,39],[-16,99]],[[82113,32976],[68,128],[-181,75]],[[82000,33179],[-183,-36],[-30,51]],[[81787,33194],[39,188],[-18,57],[-80,25],[-189,-151]],[[81539,33313],[-56,180],[-190,121],[-14,136],[-41,57],[-72,-36],[-60,-120],[-153,-45],[-190,-216],[-55,52],[-27,-70],[-99,-41],[-57,-119],[-150,-9],[-45,94],[-200,111],[-80,-29],[-35,-81]],[[80015,33298],[-129,33],[-5,42]],[[79881,33373],[66,45],[-13,89],[-127,240],[127,123]],[[79934,33870],[53,338],[-83,129],[-83,272],[-106,-20]],[[79715,34589],[-35,181],[-48,-37],[-81,53]],[[79551,34786],[-114,563],[-102,33]],[[79335,35382],[-57,-124],[-73,63],[-49,-80],[-164,139],[-216,476],[-33,-18],[-48,69],[-2,111],[-64,119],[-70,11],[-212,278],[4,301],[-32,11],[-14,101],[-124,65]],[[78181,36904],[0,245],[-62,4]],[[78119,37153],[-45,-85],[-44,54],[-104,-6],[-96,248]],[[77830,37364],[-64,-12],[-29,153]],[[77737,37505],[87,161],[-125,34],[-6,227],[48,118],[-132,10],[-58,89],[-47,-17],[-107,124],[-57,-3],[-80,100],[2,153],[-71,44],[-28,-33],[-153,219],[-68,21],[-36,126],[-182,60],[-71,-56]],[[76653,38882],[-146,74],[45,87],[-20,111],[58,27],[-9,229]],[[76581,39410],[110,80],[133,352],[103,-26],[-8,161],[58,88],[34,-14],[4,117],[44,51],[-9,108],[69,31],[45,399],[112,116],[162,-26],[76,154],[135,84],[28,290],[206,199],[-17,185],[90,41],[98,309],[344,211],[88,219],[57,-2],[42,141],[117,-53],[40,101]],[[78742,42726],[135,122],[27,230]],[[78904,43078],[-46,89],[51,308],[68,115],[18,196],[-37,181],[-71,54],[0,96]],[[78887,44117],[262,217],[95,-64],[66,44],[56,-61],[71,168],[123,72],[-30,111],[205,31],[14,89],[104,138],[43,-51],[103,222],[138,-11],[166,260],[8,125],[122,155],[86,-59],[-50,-173],[58,-137],[114,-36],[28,-122],[-34,-57],[-1,-143],[55,-67],[7,-275],[100,10],[178,121],[74,179],[0,135],[80,76],[22,163],[71,84],[137,-31],[69,90],[91,-81],[60,90],[78,-79],[25,-248],[109,-197],[230,211],[37,80],[-12,115],[58,-34],[46,42],[-2,-126]],[[83197,41580],[-15,147],[237,-540]],[[83654,40103],[150,-51],[188,-185],[-13,-198],[-284,-519]],[[85225,32235],[271,-89],[70,72],[33,-70],[-78,-222],[-124,-33],[-23,-61],[-49,47],[-24,113]],[[83717,30580],[-153,-85],[-9,210]],[[83625,30771],[55,199],[-157,90]],[[82777,30854],[86,108],[-124,524],[-105,-129]],[[86842,43257],[68,627],[-99,177]],[[85889,47998],[153,113],[85,148],[31,219],[151,91],[58,113],[119,90],[108,-26],[134,219],[147,68],[32,91],[437,72],[219,-46],[143,163],[-31,46],[79,256],[-34,147],[215,114],[200,217],[120,13],[96,100],[287,133],[151,214],[-25,130],[76,247],[228,273],[404,204],[137,129],[95,-58],[245,247],[225,59],[136,109],[37,-30],[-23,-96],[194,69],[129,-50],[72,54],[290,-162],[66,153],[222,251],[291,-43],[65,52],[116,-14],[91,373],[161,64],[42,80],[133,19],[57,-89],[166,14],[75,-68],[99,209],[180,94],[-18,148],[42,35],[135,-93],[171,3],[94,-118],[165,4],[239,-316],[57,-282],[51,-39],[10,-203],[63,-94],[-56,-107],[-25,-187],[55,-161],[87,-1],[11,-62],[12,-87],[-39,-35],[10,-113],[-49,-19],[11,-68],[194,50],[15,-118],[96,-32],[200,-302],[12,-47],[-80,-148],[-4,-250],[178,189],[125,-109],[25,81],[41,-55],[31,-83],[-8,-312],[-53,-126],[41,-284],[-30,-52],[66,-84],[80,-23],[113,76],[136,-220],[69,66],[28,106],[57,-39],[58,-243],[91,-48],[107,439],[112,-184],[100,31],[54,116],[142,-258],[51,42],[75,-62],[-129,-247],[32,-90],[42,-25],[-37,115],[25,42],[187,11],[78,-194],[141,324],[54,39],[-21,48],[88,125],[-42,33],[45,95],[71,-161],[152,-56],[115,117],[88,-19],[16,75],[155,138],[179,-62],[98,-121],[95,107],[-87,70],[11,135],[-52,54],[68,7],[37,105],[50,11],[38,163],[111,-18],[125,-124],[82,44],[45,-58],[-118,-153],[52,-77],[66,17],[-32,-230],[32,-63],[-15,-62],[58,-36],[76,105],[-29,157],[18,89],[55,-24],[-24,103],[27,55],[127,-59],[80,48],[124,-166],[24,35],[199,-49],[2,-58],[107,-144],[26,96],[163,101],[94,-194],[78,-52],[57,107],[175,-47],[70,82],[78,-233],[50,60],[54,-25],[29,64],[39,-71],[-5,-186],[66,-74],[82,10],[77,-132],[-76,-139],[11,-63],[208,-195],[113,-337],[-75,-87],[7,-72],[-105,-99],[33,-170],[-24,-63],[-103,-114],[-206,-97],[53,-321],[-116,-31],[-101,84],[-97,-25],[-90,-204],[-83,-63],[42,-127],[-131,-33],[-17,-128],[-57,-28],[-16,-79],[46,-58],[-30,-74],[38,-49],[-31,-120],[96,-61],[60,47],[27,-79],[-70,-203],[-167,-41],[-92,-379],[21,-33],[-51,-51],[-124,-73],[-26,142],[-121,7],[-223,-201],[-67,-190],[22,175],[-54,39],[-78,-94],[-86,28],[-15,-73],[-368,-226],[-147,29],[-52,71],[-95,-46],[-29,117],[-84,39],[-84,-31],[-162,-232],[-7,-140],[-48,-76],[-319,-220],[-51,165],[-74,46],[15,104],[-46,23],[54,166],[-38,115],[-70,83],[-117,-13],[-110,-83],[-147,-247],[-136,-49],[-93,-101],[-68,-125],[15,-76],[-137,-57],[-72,80],[-84,-6],[-65,107],[-80,-103],[-111,-12],[-78,-114],[-84,99],[-172,-281],[-142,-98],[-48,-165],[-216,-221],[-141,105],[-19,74],[-155,-261],[-6,-76],[-89,84],[-88,-72],[-34,80],[-76,31],[-161,-214],[-179,-96],[-89,-277],[27,-132],[-83,-77],[17,-108],[-45,22],[-62,-76],[-133,95],[-169,-69],[-11,-207],[-108,-96],[33,-138],[75,-69],[-64,-178],[23,-120],[-60,-83],[-3,-308],[-108,-103],[51,-166],[-84,-70],[38,-66],[-83,-360],[70,-4],[-3,-118],[45,-22],[-85,-150],[65,-138],[-48,-87],[5,-127],[-54,-74],[36,-156],[-105,-62],[47,-175],[-35,-164],[-45,12],[-69,-92],[-93,8],[-22,-102],[-88,-27],[-86,-127],[-137,-27],[-46,-215],[22,-41],[-194,-262],[-121,165]],[[91618,38628],[-57,80],[-15,-90]],[[90947,38096],[-146,58],[-32,-124],[-91,-56],[12,-197]],[[90530,36870],[-10,-87],[-110,-17],[-163,-136],[-77,36],[-47,-48],[-39,99],[-94,-45]],[[89870,36887],[-297,-278],[-96,78]],[[89409,36464],[-175,134],[-11,228]],[[87295,41862],[-94,-47],[-234,161],[-8,219]],[[82902,22714],[38,-135],[92,22],[-297,-286],[-3,49],[51,14],[-22,67],[33,-5],[101,170],[7,104]],[[82787,22625],[-7,5],[5,2],[2,-7]],[[82756,22660],[-10,5],[12,2],[-2,-7]],[[83270,22749],[-8,0],[9,5],[-1,-5]],[[83219,22844],[-6,16],[4,4],[2,-20]],[[82620,22921],[-5,-16],[-2,3],[7,13]],[[82619,22969],[-16,2],[16,8],[0,-10]],[[83304,23001],[-8,-36],[-1,0],[9,36]],[[81977,26838],[-33,-139],[-48,-41],[-63,44],[26,157],[74,35],[44,-56]],[[85967,26973],[-9,4],[11,-1],[-2,-3]],[[84801,27093],[-9,-127],[-36,-46],[-12,112],[57,61]],[[85676,27366],[-8,-13],[-1,15],[9,-2]],[[86242,27411],[0,-21],[-12,-1],[12,22]],[[86013,27429],[-1,-3],[-4,-5],[5,8]],[[84565,27432],[15,-12],[-17,-8],[2,20]],[[85374,27505],[3,-2],[-3,-3],[0,5]],[[86088,27639],[-1,-4],[-2,3],[3,1]],[[86082,27662],[0,-10],[-8,11],[8,-1]],[[86093,27681],[-1,-7],[-5,10],[6,-3]],[[83162,27870],[-23,-67],[-15,-4],[38,71]],[[82578,27952],[62,-83],[-17,-52],[-110,71],[65,64]],[[82753,28164],[-70,-54],[-75,-65],[73,114],[72,5]],[[81700,28417],[-17,-17],[-3,12],[20,5]],[[82286,28437],[-9,-4],[7,10],[2,-6]],[[82209,28477],[-4,-6],[0,6],[4,0]],[[81214,28679],[531,762]],[[81745,29441],[-53,403],[40,183]],[[81732,30027],[52,-3],[56,85],[98,-84],[158,216],[243,51],[90,211],[66,14],[156,226],[71,-31]],[[82722,30712],[55,142]],[[82777,30854],[116,-3],[141,170],[44,-66],[68,34],[28,161],[114,-98],[218,70],[17,-62]],[[83523,31060],[149,-67],[-47,-222]],[[83625,30771],[-70,-66]],[[83555,30705],[12,-215],[150,90]],[[83717,30580],[173,-36],[176,148],[71,-16],[24,97],[63,46],[39,135],[100,131],[79,173],[13,128],[93,160],[46,26],[99,-94],[48,22],[32,-73],[407,581],[44,-60],[77,44]],[[85301,31992],[68,-161],[91,94],[81,-11],[48,146]],[[85814,32360],[64,81],[42,-155]],[[89816,36006],[48,23],[6,105]],[[89798,36816],[72,71]],[[89870,36887],[-1,-83],[121,-132]],[[89990,36672],[100,44],[40,-98],[387,157],[13,95]],[[90530,36870],[-54,198],[37,119],[-82,248],[162,282],[97,60]],[[90690,37777],[-10,202],[89,51],[38,126],[140,-60]],[[90947,38096],[48,-225],[64,6],[86,194],[115,81],[131,366],[155,100]],[[91546,38618],[18,92],[54,-82]],[[91618,38628],[93,18]],[[91711,38646],[113,-167],[115,157],[-9,-148],[37,-42],[-103,-238],[38,-165],[57,-14],[114,-233],[207,12],[112,-122],[63,-2],[-39,-135],[128,-111],[-4,-120],[57,-80],[-33,-196],[219,146],[20,-117],[200,-163],[7,-197],[94,-88],[-36,-195],[60,-116],[-10,-110],[192,-49],[39,-161],[231,-276],[86,-59],[48,28],[-48,-53],[-251,76],[-386,-215],[28,74],[-22,62],[-134,27],[-63,-75],[28,-44],[-72,-64],[-227,-83],[0,-68],[-62,48],[-112,-58],[-19,91],[57,66],[-16,76],[36,100],[-146,152],[-171,74],[-107,-133],[-83,19],[-29,-115],[-66,-49],[-16,48],[54,87],[-39,106],[91,134],[-2,93],[-54,137],[-227,84],[-146,-303],[-236,-110],[-71,-125],[-9,-262],[-128,-32],[-26,-106],[-97,-57],[13,-79],[-79,-119],[-40,-10],[-23,72],[-106,-3],[-179,-155],[-2,-117],[-39,-10],[-12,-94],[-106,-8],[0,81],[-103,6],[-74,-165],[-35,19],[-30,-68],[-37,13],[34,72],[-35,61],[-130,-19],[-55,-133],[59,-71],[-103,-45],[-9,-81],[25,-173],[80,-171],[55,-51],[119,176],[77,26],[30,-211],[189,-21],[-140,-33],[-22,-53],[-158,77],[-62,-119],[-46,55],[-72,-54],[-123,-314],[12,-141],[65,7],[-159,-289],[-8,-224],[-47,150],[29,306],[-48,46],[-122,15],[-65,-97],[16,144],[-43,25],[-39,-123],[-154,-132],[185,-90],[-34,-88],[41,-27],[-22,-48],[35,-119],[-77,-50],[-6,122],[-81,-31],[-14,90],[-120,124],[-71,-27],[47,77],[-36,92],[-89,-7],[22,35],[-32,60],[-152,-61],[-59,127],[-40,2],[-65,-141],[42,-35],[-17,-166],[73,-14],[-3,-56],[42,-19],[-45,-80],[7,-144],[45,-48],[49,46],[-49,-223],[-80,48],[-59,-68],[-43,94],[-92,-50],[-34,130],[33,79],[-42,130],[-50,24],[-165,-60],[-200,-241],[-26,-248],[79,-10],[44,-110],[50,28],[-52,-59],[11,-58],[36,-52],[44,27],[15,-14],[-66,-69],[59,-37],[28,-137],[-37,-79],[-56,39],[-142,-63],[-21,43],[-120,-111],[-33,-105],[-98,-15],[3,56],[-50,33],[-67,-126],[25,85],[-34,54],[-72,-6],[-24,50],[-65,-33],[-19,68],[41,125],[-26,61],[-70,31],[-92,-46],[-48,48],[-154,-61],[-187,-164],[-171,-285],[-156,-424],[-130,-108],[-98,105],[-117,-183],[-103,94],[-34,113],[-104,-50],[-119,-229],[-75,-278],[-33,-607],[33,-380],[84,-297],[252,40],[-19,-235],[-153,-303],[175,-483],[-30,-278],[35,-199],[-26,-12],[29,-19],[-33,-25],[28,-7],[-44,-59],[-67,79],[-25,-105],[43,-81],[-80,-87],[-81,15],[-21,-77],[-124,-87],[3,65],[-87,51],[-73,-115],[-9,104],[-207,147],[-142,-167],[-131,-30],[-13,-132],[-90,-21],[-37,-72],[-80,43],[-54,-33],[29,177],[-121,-18],[3,60],[-191,18],[70,98],[-14,91],[-110,166],[-114,-24],[29,96],[-50,70],[28,72],[-68,82],[-306,-3],[-103,-108],[-213,-9],[-22,-88],[-59,-17],[-40,91],[29,75],[-5,78],[-34,13],[23,65],[-85,62],[-101,-16],[17,48],[-33,77],[-48,-46],[-15,39],[-101,-18],[-86,-125],[21,125],[-97,75],[-131,-9],[-5,-57],[-86,-76],[-47,43],[20,97],[-160,76],[-92,-71],[-252,125],[-136,0],[-53,-53],[-60,55],[10,62],[-67,30],[-409,-134],[26,124],[-66,69],[-388,17]],[[87265,25729],[6,8],[2,-4],[-8,-4]],[[87313,25782],[-18,-15],[19,21],[-1,-6]],[[87308,25801],[8,-10],[-6,1],[-2,9]],[[86990,25815],[35,59],[-34,-87],[-1,28]],[[87689,26355],[-16,-38],[-8,23],[24,15]],[[87733,26329],[-8,14],[13,4],[-5,-18]],[[87425,26851],[7,-8],[-11,-5],[4,13]],[[87520,27031],[9,-25],[-19,10],[10,15]],[[86987,25923],[-151,-160],[3,-59],[-15,-23],[-53,34],[24,64],[-51,69],[-109,-210],[-78,-47],[-379,-39],[-108,-106],[-166,2],[-60,-50],[-182,126],[-79,210],[-92,119],[-28,489],[50,70],[67,-5],[119,240],[69,24],[54,179],[139,15],[43,207],[127,98],[291,430],[41,-19],[78,189],[25,387],[57,40],[-7,141],[74,77],[39,135],[-28,109],[40,202],[-18,98],[68,106],[21,159],[136,98],[119,-21],[112,-147],[172,-27],[24,-75],[158,45],[30,-68],[74,-19],[4,-65],[47,32],[80,-150],[-46,-142],[27,-78],[131,12],[82,-107],[47,-162],[50,3],[-59,-103],[29,-53],[-56,-189],[9,-112],[-61,-106],[13,-79],[47,30],[-22,-155],[-107,-102],[55,-55],[-13,-69],[71,24],[-12,-70],[-54,-33],[32,-46],[97,56],[65,-27],[-131,-106],[-66,102],[-329,-25],[-76,-94],[-11,-103],[-58,-33],[-23,-123],[39,-87],[-61,-51],[23,-136],[206,-13],[18,-91],[-101,-85],[40,-30],[15,-115],[127,3],[146,-199],[48,42],[-15,83],[46,74],[73,-152],[66,41],[65,-92],[-35,-78],[-93,26],[-37,-45],[27,-185],[-27,-109],[63,-102],[-52,-70],[13,-162],[103,22],[-93,-129],[-63,-230],[-127,-96],[-186,50],[0,55],[-123,155],[-86,220],[61,97],[18,133],[-122,321],[-132,-90],[-17,137],[-180,-153],[-10,38],[-49,44]],[[88903,27459],[11,-41],[-28,-2],[17,43]],[[88064,27710],[37,-19],[-25,-21],[-12,40]],[[89088,28094],[-26,-112],[281,-121],[-25,-152],[-46,-27],[-124,80],[-164,-149],[-10,71],[-95,58],[-6,110],[-41,45],[142,186],[114,11]],[[87349,31601],[138,42],[-19,-148],[-143,-10],[24,116]],[[87172,31764],[-11,-17],[-2,19],[13,-2]],[[87137,31799],[16,51],[5,-44],[-21,-7]],[[88865,32232],[143,-199],[-73,51],[-65,-97],[-8,53],[-52,13],[55,179]],[[89768,32195],[-7,-49],[-20,24],[27,25]],[[88930,32246],[13,17],[-3,-25],[-10,8]],[[88893,32397],[-2,13],[4,0],[-2,-13]],[[88214,32436],[-8,-43],[-26,8],[34,35]],[[88889,32448],[8,18],[5,-25],[-13,7]],[[89775,32786],[-16,-126],[88,-63],[65,18],[54,211],[93,-15],[71,-69],[-10,-54],[69,4],[-17,-123],[-100,-86],[-78,8],[-95,-179],[-140,-103],[-47,130],[48,140],[-66,133],[43,91],[-11,135],[49,-52]],[[88906,32697],[-3,3],[6,6],[-3,-9]],[[88276,32713],[-38,0],[-5,22],[23,4],[20,-26]],[[89481,33330],[7,-5],[-4,-12],[-3,17]],[[90038,33874],[7,2],[-5,-7],[-2,5]],[[89976,33875],[-4,8],[6,0],[-2,-8]],[[90460,28999],[-19,-155],[92,26],[16,-75],[-86,-171],[-45,48],[17,141],[-74,79],[7,104],[92,3]],[[90260,29011],[6,37],[33,10],[-39,-47]],[[90376,29014],[-32,42],[50,49],[8,-47],[-26,-44]],[[90351,32411],[5,1],[-4,-2],[-1,1]],[[90333,32516],[-34,-81],[-40,8],[74,73]],[[90368,32526],[5,3],[-4,-5],[-1,2]],[[90158,32971],[11,44],[13,-12],[-24,-32]],[[91718,34610],[-30,27],[44,28],[-14,-55]],[[92194,34690],[-23,-1],[23,22],[0,-21]],[[92278,34944],[-15,-138],[46,-82],[-45,-101],[-68,26],[59,90],[-16,66],[39,139]],[[90538,34862],[-7,-8],[2,12],[5,-4]],[[91348,34879],[-6,-6],[0,2],[6,4]],[[92298,35027],[11,-14],[-9,-9],[-2,23]],[[91775,35047],[1,9],[2,-18],[-3,9]],[[92241,35123],[-9,-22],[-3,2],[12,20]],[[92281,35042],[-24,92],[78,64],[6,-32],[-60,-124]],[[91312,35265],[4,-2],[-5,-4],[1,6]],[[91876,35287],[3,24],[11,-12],[-14,-12]],[[91338,35309],[-21,23],[27,1],[-6,-24]],[[91224,35408],[70,-15],[-28,-60],[-89,-26],[47,101]],[[91355,35371],[-4,4],[4,0],[0,-4]],[[91885,35374],[-17,16],[21,-1],[-4,-15]],[[91767,35533],[-64,-70],[-38,-9],[49,89],[53,-10]],[[91824,35948],[2,-12],[-3,2],[1,10]],[[91716,35967],[-25,-15],[21,26],[4,-11]],[[91645,36240],[9,-17],[-8,-1],[-1,18]],[[85225,32235],[6,155],[-58,197],[-115,15],[-65,96],[71,263],[-14,184],[-94,126],[-23,322],[-37,27],[-34,-50],[-78,126],[16,150],[-36,31],[-1,100],[33,71],[-173,103],[-105,-36],[-84,40],[-86,181],[-21,284],[-67,94],[31,66],[44,-27],[10,105],[-52,89],[97,47],[98,177],[21,204],[110,208],[-2,124],[-216,-149],[-86,86],[-89,4],[-52,98],[25,379],[92,-35],[33,49],[-41,104],[17,137],[-32,98],[-39,-37],[-645,509],[-28,100],[-126,-70],[-16,72],[32,70],[-12,135],[94,150],[86,51],[39,155],[134,226],[-40,302],[-117,209],[53,138],[-2,106],[-154,7],[-60,155],[140,48],[41,153],[94,69],[-47,124]],[[83695,39150],[168,257],[-1,67],[139,287],[-13,119],[-194,179],[-140,44]],[[83654,40103],[-63,97],[6,254],[-78,204],[48,49],[10,106],[-73,121],[-26,205],[-59,48]],[[83419,41187],[-233,535],[11,-142]],[[83197,41580],[-88,53],[18,-111],[-32,-77],[-48,172],[-213,178],[-59,346],[-119,-46],[24,354],[-82,48],[-73,321],[175,223],[40,150],[110,164],[263,283],[-30,156],[-92,77],[-11,63],[103,122],[-21,66],[101,213],[15,127],[-151,-21],[-354,-183],[-280,-35],[-83,213],[-80,38],[-56,162],[-5,327],[32,38],[-54,92]],[[82147,45093],[8,118],[-110,0],[-32,538],[133,88],[46,145],[134,-43],[13,-225],[145,-41],[67,-110],[103,27],[-9,111],[-67,6],[-21,95],[-91,79],[15,239],[73,104],[64,-10],[54,121],[-17,292],[-48,32],[5,126],[-147,388],[28,44],[-52,37],[-294,5],[-191,-186],[-67,5],[-152,-129],[-114,36],[-157,245],[21,214],[71,227],[266,96],[100,176],[199,113],[62,111],[55,-3],[87,216],[118,42],[179,-93],[248,185],[-44,35],[-19,131],[-101,53],[-98,331],[-127,10],[-21,154],[-75,60],[32,198],[78,56],[9,131],[107,88],[-14,74],[257,-149],[176,231],[214,-79],[-28,-159],[47,-204],[-62,-36],[-42,-171],[23,-55],[-105,-242],[12,-81],[-74,-101],[166,-266],[207,53],[330,185],[146,313],[169,25],[58,64],[-36,91],[128,156],[43,-136],[101,-62],[93,-245],[-52,-21],[-144,-244],[-50,12],[-79,-200],[121,-95],[322,110],[54,-31],[77,105],[91,-3],[94,98],[194,294],[115,-67],[157,524],[-42,151],[-31,-1],[83,41],[248,-313],[41,31],[118,-128],[21,-118],[253,-70],[-2,-112],[48,-90],[-32,-135],[33,-54],[-20,-137],[118,-36],[-11,-133],[-95,-222],[-163,-125]],[[85889,47998],[-17,-210],[-148,-188],[-17,-153],[111,34],[47,-83],[-34,-109],[85,-197],[104,-49],[155,-203],[18,-81],[-98,-301],[76,-280],[198,-68],[282,26],[110,-77],[-206,-206],[140,-110],[32,-158],[85,63],[28,-118],[-32,-42],[1,-146],[46,11],[70,-145],[-131,-83],[-34,-201],[162,111],[86,-177],[-88,-114],[-79,36],[-167,-224],[137,-495]],[[86811,44061],[109,-220],[-53,-164],[27,-132],[-45,-112],[-7,-176]],[[86842,43257],[73,-293],[73,-82],[50,-175],[-145,-325],[66,-187]],[[86959,42195],[7,-217],[120,-118],[121,-45],[88,47]],[[87295,41862],[45,-77],[308,183],[236,324],[124,-42],[202,29],[49,-58],[183,77],[46,-20],[-1,-93],[51,26],[61,-90],[151,62],[119,-89],[11,-140],[-44,4],[-24,-66],[-4,-183],[37,-27],[57,76],[27,-117],[64,-30],[-1,-158],[69,-9],[12,-48],[166,-4],[-30,-149],[-118,-89],[-27,-130],[44,-28],[-11,-84],[107,-123],[-48,-17],[-37,-165],[-48,-35],[3,-84],[-75,25],[-18,-81],[-59,-34],[93,-114],[23,-263],[67,-34],[68,-488],[-7,-226],[-117,-138],[-55,-226],[141,-295],[-88,-220],[89,-51],[51,-270],[45,6],[11,-90],[197,58],[63,-188],[-60,-134],[33,-102],[-117,-215],[61,-229],[-125,-143],[-72,-210]],[[89223,36826],[11,-223],[175,-139]],[[89409,36464],[95,127],[-27,96]],[[89477,36687],[92,-80],[229,209]],[[89798,36816],[27,-182],[-36,-98],[51,-64],[-82,-75],[112,-263]],[[89870,36134],[-2,-97],[-52,-31]],[[89816,36006],[-39,80],[-58,-92],[-135,-26],[-57,-134],[-212,74],[-183,-155],[-66,61],[-53,-102],[22,-118],[-54,-139],[-182,-153],[-7,-61],[-120,-55],[59,-45],[38,-229],[-118,-65],[42,-24],[-60,-176],[44,-112],[-17,-153],[-286,-220],[-222,-58],[-225,-161],[-279,-312],[-243,-57],[-208,-196],[-42,-75],[22,-84],[-82,-33],[-44,-170],[17,-69],[-56,-54],[-15,-109],[-33,-44],[-63,29],[-91,-136],[-7,-188],[-84,6],[-65,141],[-95,-86],[-70,50],[-20,-111],[-137,-130],[-332,-86],[-80,57]],[[85920,32286],[-47,153],[-59,-79]],[[85814,32360],[-147,-58],[-23,-229],[-55,-13]],[[85589,32060],[-53,-146],[-18,59],[81,175],[-54,52],[-62,-52],[-258,87]]]}